gm_Id,Id_W,L,VDS,gds_W,VGS,VDSAT,Cgg_W,Cdd_W
24.83295532794421,0.0809560130588468,4.5e-08,0.1,0.2985496360263868,0.352,0.0483575073006175,4.0360490907978135e-10,1.541835530168549e-10
23.63534422438385,0.1380040394316369,4.5e-08,0.1,0.4994247520111992,0.3740000000000001,0.0486519896852301,4.1371035178115986e-10,1.546390540997444e-10
22.34160600430066,0.2288661388803482,4.5e-08,0.1,0.8111786104233429,0.3960000000000001,0.0491145682575547,4.2661295768824375e-10,1.5523614692278101e-10
21.02341759065407,0.3687480258238378,4.5e-08,0.1,1.279054885097438,0.4180000000000001,0.0498120312950091,4.4246751705204264e-10,1.5602033996006988e-10
19.75867548546166,0.5774004053972438,4.5e-08,0.1,1.961481800002577,0.4400000000000001,0.0508218490519973,4.6126682370362664e-10,1.57047302939039e-10
18.61212609722414,0.8803608983684293,4.5e-08,0.1,2.935705573055863,0.4620000000000001,0.052229798489085,4.828173607461771e-10,1.5838513771824158e-10
17.62011978912908,1.311019926351705,4.5e-08,0.1,4.307217879080342,0.4840000000000002,0.0541285659804919,5.067382625953345e-10,1.601172573663523e-10
16.78481845002237,1.913531357065372,4.5e-08,0.1,6.223597095777712,0.5060000000000001,0.056617115085565,5.32486636332584e-10,1.62345940140031e-10
16.07776148595238,2.746127705130868,4.5e-08,0.1,8.893770170561618,0.5280000000000001,0.0597990660374516,5.59406695897817e-10,1.6519654656602979e-10
15.44933222295434,3.883860156756896,4.5e-08,0.1,12.61540098227314,0.5500000000000002,0.0637779345784547,5.86794572840228e-10,1.688222721086298e-10
14.84054079640905,5.419187894840078,4.5e-08,0.1,17.81634579415276,0.5720000000000002,0.0686480778692313,6.13966984873385e-10,1.7340913911678518e-10
14.19475076207869,7.458323553199741,4.5e-08,0.1,25.11962201282396,0.5940000000000002,0.074482050592227,6.403215323181887e-10,1.7918068218308238e-10
13.46786781919371,10.11125122936227,4.5e-08,0.1,35.43661654203473,0.6160000000000002,0.0813170532482926,6.653793488098577e-10,1.8640141990949738e-10
12.63611527979367,13.47462409318939,4.5e-08,0.1,50.05592523175238,0.6380000000000002,0.0891444632012379,6.888058822796763e-10,1.953777233419105e-10
11.70105665969719,17.61002135927388,4.5e-08,0.1,70.60388679841671,0.6600000000000003,0.0979062690671477,7.104107762119501e-10,2.0645414163103988e-10
10.69055591591322,22.52482126962802,4.5e-08,0.1,98.6956909389246,0.6820000000000003,0.1075002616494009,7.301315384606891e-10,2.2000280637252588e-10
9.652058975002843,28.1655340482249,4.5e-08,0.1,135.3141102169662,0.7040000000000003,0.1177928101828809,7.48007272673918e-10,2.364035389665654e-10
8.637494977429567,34.42835039717104,4.5e-08,0.1,180.3635776014926,0.7260000000000003,0.128635538930838,7.64148499339332e-10,2.5601314833861586e-10
7.687910706056519,41.18097701176733,4.5e-08,0.1,232.7794827623411,0.7480000000000003,0.1398814935791158,7.787077832827703e-10,2.791244718217073e-10
6.826805970589892,48.28469640970877,4.5e-08,0.1,291.0054112570126,0.7700000000000004,0.1513975025121999,7.918542903432844e-10,3.0591902423783957e-10
6.062144991350558,55.60979808123443,4.5e-08,0.1,353.4313656787283,0.7920000000000004,0.1630714081328368,8.037540246560715e-10,3.3642105893705805e-10
5.391696173954823,63.04362317249221,4.5e-08,0.1,418.6268013281984,0.8140000000000004,0.1748145635925379,8.145564852144108e-10,3.7046383928474626e-10
4.80786071987378,70.4932346471182,4.5e-08,0.1,485.4134147883963,0.8360000000000004,0.1865609089426344,8.243876937094481e-10,4.0767889417214815e-10
4.300896882100078,77.88490504852702,4.5e-08,0.1,552.8592013108132,0.8580000000000004,0.1982640980143846,8.33348829186415e-10,4.47514712554362e-10
3.86075739237774,85.16201590462882,4.5e-08,0.1,620.2445430494388,0.8800000000000004,0.2098938634159701,8.415190640126506e-10,4.892835813902338e-10
3.478014406577587,92.28236973874752,4.5e-08,0.1,687.0231150816095,0.9020000000000004,0.2214323918061037,8.489607947952481e-10,5.322271777869233e-10
3.14425184358412,99.21548275252248,4.5e-08,0.1,752.78605786861,0.9240000000000004,0.2328711160010961,8.55725468694396e-10,5.755867365425339e-10
2.852169275735414,105.9401410352031,4.5e-08,0.1,817.2318447480106,0.9460000000000004,0.2442080763310815,8.618586254184867e-10,6.186640252407148e-10
2.59554096639674,112.4423292028479,4.5e-08,0.1,880.141970095135,0.9680000000000004,0.2554458555507512,8.674034236405725e-10,6.608640749631911e-10
2.369110463873052,118.7135435269424,4.5e-08,0.1,941.3617836439828,0.9900000000000004,0.2665900203113844,8.724025421453764e-10,7.017169089203765e-10
2.168463919927928,124.7494542686267,4.5e-08,0.1,1000.785591502295,1.012,0.2776479779556283,8.768987603684684e-10,7.408807217232384e-10
24.56338292120326,0.1103796720621454,4.5e-08,0.2,0.2971886237479412,0.352,0.0484056698035739,4.0536764952171103e-10,1.5308212202293829e-10
23.33185848546392,0.1869756264141285,4.5e-08,0.2,0.4929376136497478,0.3740000000000001,0.0487343291105269,4.1609383100201134e-10,1.5326578404100678e-10
22.01785137268486,0.3079390711951773,4.5e-08,0.2,0.7928808500118624,0.3960000000000001,0.049245770563246,4.29640119009531e-10,1.534598374019728e-10
20.69647829674285,0.4925943308498426,4.5e-08,0.2,1.236647140316576,0.4180000000000001,0.0500095686585469,4.4612329634810174e-10,1.5367359305654968e-10
19.44505232458069,0.7658847469758745,4.5e-08,0.2,1.873623373142409,0.4400000000000001,0.051105386358707,4.6548963466971644e-10,1.5391736308192958e-10
18.32399397966374,1.160013868652918,4.5e-08,0.2,2.766345404964419,0.4620000000000001,0.052620752036204,4.874952439914971e-10,1.5420252716454107e-10
17.36354592209284,1.717136274302995,4.5e-08,0.2,3.995589321912873,0.4840000000000002,0.0546499216669423,5.117109159595093e-10,1.5454165287918857e-10
16.56044325660948,2.493053030618269,4.5e-08,0.2,5.666134694337305,0.5060000000000001,0.0572932013609867,5.375533155983648e-10,1.549486729791141e-10
15.88335859355756,3.561346935463968,4.5e-08,0.2,7.911383865578634,0.5280000000000001,0.0606547460936727,5.643385835730297e-10,1.55439123464087e-10
15.2833486917171,5.0168452756827,4.5e-08,0.2,10.89451486240951,0.5500000000000002,0.0648368018874665,5.913490988226619e-10,1.5603044666773528e-10
14.70592283136508,6.976769787811917,4.5e-08,0.2,14.80373900835563,0.5720000000000002,0.0699296295471814,6.179011619954504e-10,1.56742364301951e-10
14.10249517782213,9.577629908407632,4.5e-08,0.2,19.84016226026226,0.5940000000000002,0.0759983062670454,6.434018171823129e-10,1.575973260513286e-10
13.43941236603021,12.96629989261951,4.5e-08,0.2,26.19942318328011,0.6160000000000002,0.0830695021314533,6.67386680936945e-10,1.586210392403665e-10
12.70281901225896,17.28521220801943,4.5e-08,0.2,34.0523483828959,0.6380000000000002,0.0911223531874773,6.895359643961511e-10,1.5984308367093068e-10
11.89835331969008,22.65397567746937,4.5e-08,0.2,43.53325909772512,0.6600000000000003,0.1000869465115738,7.09670880294015e-10,1.6129761276509339e-10
11.04625950407467,29.15182561579372,4.5e-08,0.2,54.74466302594268,0.6820000000000003,0.1098515967986192,7.27735867091003e-10,1.63024137850905e-10
10.1740676608765,36.80566562503429,4.5e-08,0.2,67.78319626284929,0.7040000000000003,0.1202770300269951,7.437730971982399e-10,1.650683868002876e-10
9.309486717963262,45.58655428748227,4.5e-08,0.2,82.78590043508963,0.7260000000000003,0.1312134106150522,7.578950032054783e-10,1.674832204359047e-10
8.475412948667007,55.4143801366578,4.5e-08,0.2,99.99007793844794,0.7480000000000003,0.1425158964433495,7.702588889388007e-10,1.7032957845644247e-10
7.687677855874431,66.16797383184586,4.5e-08,0.2,119.7917323243165,0.7700000000000004,0.1540558430865676,7.810458666595718e-10,1.7367740920174148e-10
6.955146735551441,77.69723193167027,4.5e-08,0.2,142.771769019521,0.7920000000000004,0.1657267980782748,7.904448632240624e-10,1.776065132792578e-10
6.281320273159705,89.83491389515477,4.5e-08,0.2,169.6401183750184,0.8140000000000004,0.1774459965483054,7.986414450190827e-10,1.8220720024205988e-10
5.666484444931082,102.4075573203664,4.5e-08,0.2,201.0578430957017,0.8360000000000004,0.1891527877541689,8.05810692667335e-10,1.8758062204457508e-10
5.109488817751808,115.2459662081385,4.5e-08,0.2,237.3771298864425,0.8580000000000004,0.2008054348822693,8.121131858978898e-10,1.9383860958281809e-10
4.608554839154267,128.1950845899695,4.5e-08,0.2,278.4471997144364,0.8800000000000004,0.2123773853681957,8.176931981678212e-10,2.0110280204915408e-10
4.161222753169852,141.1216697128558,4.5e-08,0.2,323.6257201442709,0.9020000000000004,0.2238536915489298,8.226783395758241e-10,2.095028289120172e-10
3.764093720497032,153.9180318484794,4.5e-08,0.2,371.9763527407228,0.9240000000000004,0.2352279177087852,8.271800553087494e-10,2.1917329565005387e-10
3.412875708769326,166.5016394599125,4.5e-08,0.2,422.5068155012864,0.9460000000000004,0.2464996393404562,8.312945497460244e-10,2.3024935955612589e-10
3.10274514660429,178.8119543535514,4.5e-08,0.2,474.3306242787657,0.9680000000000004,0.2576725114447554,8.351038490915232e-10,2.428607821671968e-10
2.828787005583965,190.8062232573673,4.5e-08,0.2,526.7313052387495,0.9900000000000004,0.2687528253945982,8.386768338280669e-10,2.5712452180493706e-10
2.586334166175058,202.4554124695528,4.5e-08,0.2,579.1624146387422,1.012,0.2797484589235183,8.42070166838179e-10,2.731361804921155e-10
2.371159057100597,213.7408035300459,4.5e-08,0.2,631.2203221373683,1.034,0.2906681296363144,8.453291155307371e-10,2.909609192462519e-10
2.179545595237856,224.651340673896,4.5e-08,0.2,682.611887459675,1.056,0.3015208762811525,8.484883174111133e-10,3.106247503324249e-10
2.008286452896308,235.1816360101995,4.5e-08,0.2,733.1262079408793,1.078000000000001,0.3123157073633459,8.515725669416129e-10,3.321073239783824e-10
24.35504115603112,0.1402741196014088,4.5e-08,0.3,0.2988686264929518,0.352,0.0484452952782792,4.0633855533704734e-10,1.522124540803309e-10
23.09694866831953,0.2364554664416226,4.5e-08,0.3,0.4938370603278963,0.3740000000000001,0.0488008323436858,4.1761811326769854e-10,1.524491065308721e-10
21.76570181989529,0.3873406383577175,4.5e-08,0.3,0.7909898632312021,0.3960000000000001,0.0493502947139224,4.3173626889533874e-10,1.526691856083772e-10
20.43823285615046,0.616125948037704,4.5e-08,0.3,1.228107922585935,0.4180000000000001,0.0501652017622708,4.4878151435271954e-10,1.528764218409079e-10
19.19070844238798,0.9525473607065188,4.5e-08,0.3,1.851647719051543,0.4400000000000001,0.0513267320358005,4.686674771934883e-10,1.5307538647388339e-10
18.07987348251327,1.434828701814928,4.5e-08,0.3,2.719501883639029,0.4620000000000001,0.0529236489584406,4.911168595034014e-10,1.532712167655923e-10
17.13125823619125,2.112826925360559,4.5e-08,0.3,3.905048515469,0.4840000000000002,0.0550513304892331,5.156706251965983e-10,1.534693889526004e-10
16.33749013780727,3.052222218328775,4.5e-08,0.3,5.501411849841611,0.5060000000000001,0.0578109843893128,5.417233622998686e-10,1.53675554878323e-10
15.66480921084598,4.339007305659248,4.5e-08,0.3,7.624180905281487,0.5280000000000001,0.0613069460465795,5.685798741406336e-10,1.5389544403610048e-10
15.06385733846763,6.082938754874367,4.5e-08,0.3,10.41046759305594,0.5500000000000002,0.0656401629977552,5.95522998080102e-10,1.5413482470029478e-10
14.48154670692806,8.41808278494425,4.5e-08,0.3,14.01225548270248,0.5720000000000002,0.0708974155549199,6.218801998700359e-10,1.543995146478338e-10
13.87197365442836,11.49838128095975,4.5e-08,0.3,18.58300001999393,0.5940000000000002,0.077137830269838,6.470775631230621e-10,1.54695431727389e-10
13.20470272817502,15.48679928032405,4.5e-08,0.3,24.25881369306976,0.6160000000000002,0.0843800568459057,6.706738788933627e-10,1.550286755810774e-10
12.46883230335252,20.5384611573271,4.5e-08,0.3,31.13871279572718,0.6380000000000002,0.0925942657314831,6.923729551229851e-10,1.554056332389929e-10
11.67205083416276,26.78081200841661,4.5e-08,0.3,39.27039537292019,0.6600000000000003,0.1017021896774613,7.120170561490807e-10,1.55833102782901e-10
10.83547570675427,34.29586241002281,4.5e-08,0.3,48.64688515772131,0.6820000000000003,0.1115858596532578,7.295672498526895e-10,1.563184308335785e-10
9.986484969642612,43.10950080868848,4.5e-08,0.3,59.21517408868671,0.7040000000000003,0.1221026522613671,7.450771206804998e-10,1.5686966129601338e-10
9.15205585668066,53.19043955277733,4.5e-08,0.3,70.89329708723596,0.7260000000000003,0.1331023789136047,7.586653468554447e-10,1.5749569447558287e-10
8.354269546934374,64.45796348375087,4.5e-08,0.3,83.58999200114764,0.7480000000000003,0.1444422470224254,7.704908933166503e-10,1.5820645710575169e-10
7.608369117876848,76.79514563994293,4.5e-08,0.3,97.22202460375702,0.7700000000000004,0.155997159251259,7.807327753276428e-10,1.5901308479172419e-10
6.922823191881488,90.06354687554507,4.5e-08,0.3,111.7269367564249,0.7920000000000004,0.1676648240191592,7.895749310978656e-10,1.5992811881852078e-10
6.300518886106427,104.1163073385651,4.5e-08,0.3,127.0714727869152,0.8140000000000004,0.179366584678699,7.971958386196827e-10,1.60965719270036e-10
5.740326204226952,118.808025599387,4.5e-08,0.3,143.2572588305493,0.8360000000000004,0.1910454483046116,8.037620658108343e-10,1.621418960573821e-10
5.238563767950136,134.0011183297783,4.5e-08,0.3,160.3254604792158,0.8580000000000004,0.2026627165163368,8.094248202340758e-10,1.634747588060156e-10
4.790160535965897,149.5691358361706,4.5e-08,0.3,178.3615024577512,0.8800000000000004,0.2141942414222975,8.14318629654996e-10,1.64984785575477e-10
4.389480003899669,165.3978133194922,4.5e-08,0.3,197.4997409713396,0.9020000000000004,0.2256269147626005,8.185614343074292e-10,1.666951090038756e-10
4.0308577100723,181.3846450118375,4.5e-08,0.3,217.9262493182251,0.9240000000000004,0.2369556738018832,8.222555409191842e-10,1.686318165756982e-10
3.708929509870102,197.4376524750245,4.5e-08,0.3,239.8756883406407,0.9460000000000004,0.2481810996620115,8.254890431227394e-10,1.70824259195344e-10
3.418823719591387,213.4738884967835,4.5e-08,0.3,263.6163216609509,0.9680000000000004,0.259307571963947,8.283374391157668e-10,1.7330535901100218e-10
3.156270806937288,229.4181109718771,4.5e-08,0.3,289.4175687687418,0.9900000000000004,0.2703418959227594,8.308652732353885e-10,1.7611190339666068e-10
2.917658298789353,245.2019534099341,4.5e-08,0.3,317.4997368814176,1.012,0.281292307104391,8.331276968840305e-10,1.79284807103336e-10
2.700034307679641,260.7637578043704,4.5e-08,0.3,347.9761705013534,1.034,0.2921677662733168,8.351718913178235e-10,1.828693187780938e-10
2.501052254784888,276.0490005351705,4.5e-08,0.3,380.8083821282139,1.056,0.3029774710592889,8.370383255439358e-10,1.8691514130540658e-10
2.318859595373477,291.0110013690737,4.5e-08,0.3,415.7947620262215,1.078000000000001,0.313730526623165,8.387618415910047e-10,1.914764279321888e-10
2.151955846479811,305.6114937413457,4.5e-08,0.3,452.5991317339316,1.1,0.3244357312903505,8.403725704089918e-10,1.966116085236087e-10
24.20105425222816,0.1698485047867648,4.5e-08,0.4,0.2915370349849098,0.352,0.048475593637453,4.0634479794698486e-10,1.5091115221245668e-10
22.92266388384159,0.285273101784871,4.5e-08,0.4,0.4808801566973464,0.3740000000000001,0.0488510622166002,4.1805892091012434e-10,1.512415972216163e-10
21.57717584979529,0.4654414686807409,4.5e-08,0.4,0.7686673296812164,0.3960000000000001,0.0494285059862235,4.32636590690218e-10,1.5155687107176648e-10
20.24252125794068,0.7372239212822204,4.5e-08,0.4,1.190599773826323,0.4180000000000001,0.0502807663470274,4.501416001009038e-10,1.518544740634509e-10
18.99386084246462,1.134843268051886,4.5e-08,0.4,1.789980953542802,0.4400000000000001,0.0514900482417239,4.704602685777447e-10,1.5213316442657649e-10
17.88535645844847,1.702066421444766,4.5e-08,0.4,2.61983874870087,0.4620000000000001,0.0531459652650463,4.932885332521772e-10,1.5239302765306928e-10
16.93946973972639,2.495706741839185,4.5e-08,0.4,3.746058695930941,0.4840000000000002,0.0553446702063788,5.181445058365734e-10,1.526353793004719e-10
16.14638166879497,3.590179678476139,4.5e-08,0.4,5.250516577259463,0.5060000000000001,0.0581879548045496,5.444067628726045e-10,1.528625441122435e-10
15.47116545290733,5.082198918308478,4.5e-08,0.4,7.232632097986467,0.5280000000000001,0.0617801585346366,5.713727854222141e-10,1.530775741603817e-10
14.86470449207235,7.094079990769247,4.5e-08,0.4,9.807547710448391,0.5500000000000002,0.0662211102885641,5.98327136375243e-10,1.532839663402853e-10
14.27530313630935,9.773603999380724,4.5e-08,0.4,13.09936471554763,0.5720000000000002,0.0715948823952779,6.246068997521193e-10,1.5348542228679258e-10
13.65911722109684,13.2882913842938,4.5e-08,0.4,17.22890153067136,0.5940000000000002,0.0779561649214457,6.496533808597651e-10,1.536856720614101e-10
12.98785606640569,17.81279464938128,4.5e-08,0.4,22.29750166749722,0.6160000000000002,0.0853178052038354,6.73043405563208e-10,1.5388836463688708e-10
12.25229904680554,23.51024488545269,4.5e-08,0.4,28.37088695308159,0.6380000000000002,0.0936436619995781,6.944989889965521e-10,1.540970166187372e-10
11.46098148865148,30.51117560943599,4.5e-08,0.4,35.46833461585225,0.6600000000000003,0.1028497587125462,7.138787495952646e-10,1.5431500559677857e-10
10.63494300851186,38.89553975703665,4.5e-08,0.4,43.56113460224311,0.6820000000000003,0.1128140025965365,7.311570403447654e-10,1.5454559414925807e-10
9.800739919879726,48.68286760225203,4.5e-08,0.4,52.58068359072853,0.7040000000000003,0.1233917575439724,7.463972098711592e-10,1.54791972731432e-10
8.984120200522897,59.83277721135871,4.5e-08,0.4,62.43287947320916,0.7260000000000003,0.134432894898159,7.597243027345438e-10,1.5505731282259638e-10
8.205871480847263,72.2544639961937,4.5e-08,0.4,73.01388886921589,0.7480000000000003,0.1457962863680773,7.713007197615503e-10,1.553448247446946e-10
7.480124970390361,85.82138863395288,4.5e-08,0.4,84.22327988776482,0.7700000000000004,0.1573594557192199,7.813065913432952e-10,1.556578170045485e-10
6.814537931546697,100.3869783327651,4.5e-08,0.4,95.97268851468796,0.7920000000000004,0.1690230851300576,7.899252600528232e-10,1.5599975573645348e-10
6.2115029864122,115.7982674592742,4.5e-08,0.4,108.1901335386025,0.8140000000000004,0.1807114039651502,7.973334275113858e-10,1.5637432392975808e-10
5.669670203628984,131.9060066143605,4.5e-08,0.4,120.8211156767177,0.8360000000000004,0.1923699629643951,8.036951224568773e-10,1.5678548078451359e-10
5.185349537833127,148.5710859870966,4.5e-08,0.4,133.8278216851382,0.8580000000000004,0.2039621612944542,8.09158554942256e-10,1.572375219017113e-10
4.753610584854581,165.6678686331211,4.5e-08,0.4,147.1874981942531,0.8800000000000004,0.2154654974179971,8.138550026044928e-10,1.57735141195682e-10
4.36905414392159,183.0852837475238,4.5e-08,0.4,160.890696344036,0.9020000000000004,0.2268681057569604,8.178990304465025e-10,1.582834954875146e-10
4.02630462708851,200.7264834521503,4.5e-08,0.4,174.9397851029692,0.9240000000000004,0.2381658305668169,8.213895148317341e-10,1.588882727435403e-10
3.720293908000982,218.5076928646621,4.5e-08,0.4,189.3479314565419,0.9460000000000004,0.2493598939291615,8.244110943331607e-10,1.595557648865703e-10
3.446402484624943,236.3566900287635,4.5e-08,0.4,204.1386328500164,0.9680000000000004,0.2604551126752287,8.270357928899826e-10,1.602929460416317e-10
3.200509782182517,254.2111891832933,4.5e-08,0.4,219.3458274374615,0.9900000000000004,0.2714585773286822,8.293246532888824e-10,1.6110755698553218e-10
2.978990596107699,272.0172814164299,4.5e-08,0.4,235.0145664016351,1.012,0.2823786983908264,8.3132928513218e-10,1.620081964472945e-10
2.778682415860396,289.7280075876341,4.5e-08,0.4,251.2021771143618,1.034,0.2932245338069901,8.330932766059386e-10,1.630044197457709e-10
2.596839389807979,307.3020906534771,4.5e-08,0.4,267.9797423810913,1.056,0.3040053259349528,8.346534488318944e-10,1.6410684503878538e-10
2.431082616581673,324.702829476693,4.5e-08,0.4,285.4335344692129,1.078000000000001,0.3147301914676764,8.360409498768917e-10,1.65327267178672e-10
2.279352591678944,341.8971471866274,4.5e-08,0.4,303.6657477316724,1.1,0.3254079212014461,8.372821961105694e-10,1.6667877880300579e-10
24.08977665631908,0.1984467176629257,4.5e-08,0.5,0.2801261441962861,0.352,0.0484975511588758,4.05681958791626e-10,1.4933730702733248e-10
22.79553045752825,0.3324308352372569,4.5e-08,0.5,0.461869204689164,0.3740000000000001,0.0488871704826612,4.1765138539262114e-10,1.4969075450753107e-10
21.43769388394394,0.5407891500907274,4.5e-08,0.5,0.7377955289818158,0.3960000000000001,0.049484375780016,4.3251767413699027e-10,1.50048565741243e-10
20.09475663789384,0.8538586696664825,4.5e-08,0.5,1.141590187814144,0.4180000000000001,0.0503628912482233,4.503298738213469e-10,1.5040678304479967e-10
18.8411605403187,1.310037513559546,4.5e-08,0.5,1.713544510982042,0.4400000000000001,0.0516056064686861,4.709559217485093e-10,1.5076104079459578e-10
17.7294152620353,1.958157953751436,4.5e-08,0.5,2.502087051813889,0.4620000000000001,0.0533027086206007,4.940719568295545e-10,1.511068911948415e-10
16.78015317525313,2.861260812342311,4.5e-08,0.5,3.566137128095487,0.4840000000000002,0.0555508720750849,5.191775865331335e-10,1.5144019985327768e-10
15.98227811897701,4.101417219750446,4.5e-08,0.5,4.97736810484163,0.5060000000000001,0.058452259307186,5.456367843213662e-10,1.517575416448856e-10
15.30053391915179,5.784536244850567,4.5e-08,0.5,6.820986639544858,0.5280000000000001,0.062111146811008,5.72738219930412e-10,1.520565170882225e-10
14.68643463267571,8.043461141725397,4.5e-08,0.5,9.193531633118925,0.5500000000000002,0.0666264924672365,5.997641840850903e-10,1.5233592652131549e-10
14.08960622497839,11.03717137968956,4.5e-08,0.5,12.19652288299584,0.5720000000000002,0.0720803859128234,6.260555437337253e-10,1.52595778297874e-10
13.46779907217739,14.94390658235134,4.5e-08,0.5,15.92576520142103,0.5940000000000002,0.078524359952027,6.510619893561536e-10,1.52837151184587e-10
12.79414641173494,19.94707727914791,4.5e-08,0.5,20.45783223462183,0.6160000000000002,0.0859672176315175,6.743713962634961e-10,1.5306196217877208e-10
12.06032731856696,26.21516996500197,4.5e-08,0.5,25.83714659798523,0.6380000000000002,0.0943685025627291,6.957175783195435e-10,1.53272700158224e-10
11.27508024383888,33.87974368241161,4.5e-08,0.5,32.06788545709058,0.6600000000000003,0.1036404179864415,7.149701804602132e-10,1.534721758400491e-10
10.45899122860724,43.01737354060401,4.5e-08,0.5,39.11366631832036,0.6820000000000003,0.1136581952093269,7.321128473413997e-10,1.536633189919807e-10
9.63771075270824,53.64059918781861,4.5e-08,0.5,46.9050102287818,0.7040000000000003,0.1242759851160134,7.472160649484341e-10,1.5384903424622578e-10
8.835897425651822,65.69977468419468,4.5e-08,0.5,55.35170524463786,0.7260000000000003,0.135343843797279,7.604098596144307e-10,1.540321127442161e-10
8.073300456758435,79.09399977219188,4.5e-08,0.5,64.3560512102507,0.7480000000000003,0.1467218819451382,7.718597161786417e-10,1.5421518940842818e-10
7.363209195191537,93.68699580267683,4.5e-08,0.5,73.82378238961137,0.7700000000000004,0.1582894689906581,7.817473265316097e-10,1.544007335083877e-10
6.712688230490126,109.3235823733374,4.5e-08,0.5,83.67122020779897,0.7920000000000004,0.1699493345645522,7.902564638004277e-10,1.545910612170569e-10
6.123772884881891,125.8436946258781,4.5e-08,0.5,93.82875726250448,0.8140000000000004,0.1816276694495433,7.975634784522497e-10,1.547883612295336e-10
5.594944231232514,143.0925736607965,4.5e-08,0.5,104.2415898585784,0.8360000000000004,0.1932717383344417,8.038315480197157e-10,1.549947270964002e-10
5.12247668200905,160.9270946974922,4.5e-08,0.5,114.8687724779867,0.8580000000000004,0.2048463452942355,8.092077417185997e-10,1.552121921530439e-10
4.701489288484452,179.2189239631747,4.5e-08,0.5,125.6814680021373,0.8800000000000004,0.2163300870050816,8.138220537023557e-10,1.554427646264014e-10
4.326680472657003,197.8554167236611,4.5e-08,0.5,136.6609724492646,0.9020000000000004,0.2277119249140546,8.177877186583527e-10,1.556884616908302e-10
3.992795288420687,216.7390946059872,4.5e-08,0.5,147.7968382068229,0.9240000000000004,0.2389883067750082,8.212022930818463e-10,1.559513420217226e-10
3.694893667694235,235.7863481055595,4.5e-08,0.5,159.0852446900698,0.9460000000000004,0.2501608823770144,8.241491359148451e-10,1.5623353686954708e-10
3.428482932728306,254.9258064734356,4.5e-08,0.5,170.5276623544052,0.9680000000000004,0.2612347625345797,8.26699042797441e-10,1.5653727994463901e-10
3.189564121556376,274.096648972672,4.5e-08,0.5,182.1298036913415,0.9900000000000004,0.272217232515392,8.289118785236666e-10,1.5686493653818428e-10
2.9746273694711,293.2470099961056,4.5e-08,0.5,193.9008334717021,1.012,0.2831168253231723,8.308381165528663e-10,1.572190323597007e-10
2.78061979373687,312.3325505622148,4.5e-08,0.5,205.8528060784894,1.034,0.2939426696427863,8.325202381064472e-10,1.576022825806059e-10
2.604900652387391,331.3152200391222,4.5e-08,0.5,218.0003017005992,1.056,0.3047040419887431,8.339939717691231e-10,1.580176215589428e-10
2.445192600692521,350.1622046752661,4.5e-08,0.5,230.3602406116618,1.078000000000001,0.3154100676818375,8.352893720475502e-10,1.5846823369485938e-10
2.299533993167678,368.8450458477655,4.5e-08,0.5,242.9518631440448,1.1,0.3260695285533559,8.364317454533593e-10,1.5895758583690048e-10
24.00998436856302,0.2258639665614524,4.5e-08,0.6,0.2683795250446953,0.352,0.048512894731344,4.0483334244557647e-10,1.4786743494917e-10
22.7029828664039,0.3776413500928886,4.5e-08,0.6,0.4426506984251025,0.3740000000000001,0.0489122681071066,4.1691053964174315e-10,1.48172342009143e-10
21.33406176524812,0.6130089127529593,4.5e-08,0.6,0.7071747272280023,0.3960000000000001,0.0495230462338981,4.3190317630238285e-10,1.484917909679889e-10
19.98203329577791,0.9655812498299552,4.5e-08,0.6,1.093892542132955,0.4180000000000001,0.0504195365845506,4.4985424787684726e-10,1.4882493056097629e-10
18.72089721769066,1.477649617779556,4.5e-08,0.6,1.640491733010434,0.4400000000000001,0.0516850808709791,4.706241360977335e-10,1.491702630436376e-10
17.60220606461293,2.202681363946288,4.5e-08,0.6,2.391430846072333,0.4620000000000001,0.0534102476665539,4.938808377324243e-10,1.4952554224489879e-10
16.64562566696642,3.209295820929017,4.5e-08,0.6,3.399659821379414,0.4840000000000002,0.0556920564693764,5.191162796070435e-10,1.498877246645966e-10
15.83955677120153,4.586276204799246,4.5e-08,0.6,4.728222531738575,0.5060000000000001,0.0586329028631619,5.45688174431066e-10,1.502530074113354e-10
15.14893655696453,6.447424896192532,4.5e-08,0.6,6.450510585399892,0.5280000000000001,0.0623369869207895,5.728810143562008e-10,1.5061698085594769e-10
14.52611981040858,8.93442825471436,4.5e-08,0.6,8.647921658130468,0.5500000000000002,0.0669026283082927,5.999752421758609e-10,1.509749047477829e-10
13.92195867321501,12.21544791090601,4.5e-08,0.6,11.40406090456922,0.5720000000000002,0.072410520632315,6.26312037327524e-10,1.513220853950743e-10
13.29545262990364,16.47724867396754,4.5e-08,0.6,14.7955157741814,0.5940000000000002,0.078910016379578,6.513430900913594e-10,1.5165429718209278e-10
12.62066399017364,21.90987836334693,4.5e-08,0.6,18.88064143277371,0.6160000000000002,0.0864071660032738,6.746593521425492e-10,1.5196816891636689e-10
11.88965989944378,28.68542246431743,4.5e-08,0.6,23.68923136169502,0.6380000000000002,0.0948586161886199,6.959981957007751e-10,1.522614573628196e-10
11.11098087683828,36.93530884550982,4.5e-08,0.6,29.2164495426266,0.6600000000000003,0.1041740453520817,7.152328265077365e-10,1.5253315913667349e-10
10.30454643997399,46.7322718574541,4.5e-08,0.6,35.42325248052252,0.6820000000000003,0.1142269566572249,7.32350125157007e-10,1.5278345630038701e-10
9.495082768486718,58.08201928015613,4.5e-08,0.6,42.24312563464275,0.7040000000000003,0.1248707642877027,7.474233062704037e-10,1.5301353165243002e-10
8.7062844577312,70.92623041623341,4.5e-08,0.6,49.59270269443395,0.7260000000000003,0.1359557170737733,7.605845504689767e-10,1.532253119867232e-10
7.957058552241233,85.154701669708,4.5e-08,0.6,57.38298298589398,0.7480000000000003,0.1473428063945597,7.720009357343812e-10,1.5342119796317659e-10
7.260056025800988,100.6222170547238,4.5e-08,0.6,65.52854949622564,0.7700000000000004,0.1589126675515734,7.818552474528662e-10,1.536038241266927e-10
6.621920070454691,117.1656726401763,4.5e-08,0.6,73.9536093110981,0.7920000000000004,0.1705694130422553,7.90331937114254e-10,1.5377587218088618e-10
6.044452268093501,134.6184062352357,4.5e-08,0.6,82.59493257116537,0.8140000000000004,0.1822405462676624,7.976077080058865e-10,1.5393994285829738e-10
5.526041227716098,152.8204486745505,4.5e-08,0.6,91.40243979093133,0.8360000000000004,0.1938744716181323,8.038458483179812e-10,1.54098480233367e-10
5.062963824590017,171.6247589632135,4.5e-08,0.6,100.3383303711801,0.8580000000000004,0.2054369228717893,8.091933669850556e-10,1.542537370788583e-10
4.650398445744892,190.9002139046116,4.5e-08,0.6,109.3754929909853,0.8800000000000004,0.2169072206313337,8.137800839107716e-10,1.544077690837596e-10
4.283132092633098,210.5323176410556,4.5e-08,0.6,118.4956991069617,0.9020000000000004,0.2282748697024372,8.177189886411159e-10,1.5456244738990888e-10
3.956009385796879,230.4224991319894,4.5e-08,0.6,127.6878670505695,0.9240000000000004,0.2395367131581935,8.211073525148038e-10,1.547194814156962e-10
3.664189760678716,250.4866572802953,4.5e-08,0.6,136.9465326848977,0.9460000000000004,0.2506946801700117,8.240282302009106e-10,1.548804464089316e-10
3.403273951269066,270.6534001390061,4.5e-08,0.6,146.2705701910184,0.9680000000000004,0.2617540730683917,8.26552107119744e-10,1.550468122040788e-10
3.169347538145724,290.8622514498919,4.5e-08,0.6,155.6621573196811,0.9900000000000004,0.272722303675709,8.287385393422989e-10,1.5521997115728268e-10
2.958975525584013,311.0619741345042,4.5e-08,0.6,165.1259573827171,1.012,0.2836079844724305,8.30637696467729e-10,1.5540126425187418e-10
2.769170539975234,331.2090798186301,4.5e-08,0.6,174.6684835089119,1.034,0.2944202900912192,8.32291761289597e-10,1.5559200501430078e-10
2.597348881695328,351.2665450200189,4.5e-08,0.6,184.2976116646287,1.056,0.3051685195113658,8.337361681211452e-10,1.557935012634824e-10
2.441282933075408,371.2027279063067,4.5e-08,0.6,194.0222132540635,1.078000000000001,0.315861804363063,8.350006789115024e-10,1.560070749239953e-10
2.299054691075308,390.9904665125544,4.5e-08,0.6,203.8518834489558,1.1,0.3265089219055688,8.361103061869454e-10,1.5623408023063718e-10
23.95243975286662,0.252176491509615,4.5e-08,0.7,0.258222798207361,0.352,0.0485233816554091,4.0405438084306924e-10,1.466705123112893e-10
22.63486008196633,0.4210525703871604,4.5e-08,0.7,0.4261710922058224,0.3740000000000001,0.048929361570577,4.1617230353176165e-10,1.469118903671024e-10
21.25578509361528,0.6823750736058626,4.5e-08,0.7,0.6811381396023375,0.3960000000000001,0.0495493105261997,4.3121039727048904e-10,1.4716730667125748e-10
19.89421969619215,1.072878377747863,4.5e-08,0.7,1.053655147264437,0.4180000000000001,0.0504579196541994,4.4920697227482117e-10,1.4743741725155838e-10
18.62393637705058,1.638510505691771,4.5e-08,0.7,1.579287602483226,0.4400000000000001,0.0517388277868625,4.700173879717797e-10,1.4772270530845789e-10
17.49601051646113,2.437012815542416,4.5e-08,0.7,2.299242618625379,0.4620000000000001,0.0534828548904804,4.933051982214421e-10,1.480233906571333e-10
16.52971118583886,3.542040803199384,4.5e-08,0.7,3.261586161812072,0.4840000000000002,0.0557872464858246,5.185594021793831e-10,1.483393212213738e-10
15.71342731221638,5.048308386175107,4.5e-08,0.7,4.522341448376073,0.5060000000000001,0.0587545440655364,5.45137007556487e-10,1.4866985101375448e-10
15.01260298657342,7.076446787875768,4.5e-08,0.7,6.145370997991653,0.5280000000000001,0.0624888787193422,5.723242784320173e-10,1.4901371449521108e-10
14.38053939208658,9.77563000840637,4.5e-08,0.7,8.199994448989534,0.5500000000000002,0.0670881182072178,5.994055922550843e-10,1.4936891449356368e-10
13.76922663966198,13.32161070887818,4.5e-08,0.7,10.7557169398327,0.5720000000000002,0.0726319948695555,6.257273968911838e-10,1.497326488894724e-10
13.13867419189985,17.90798919303904,4.5e-08,0.7,13.8742522763864,0.5940000000000002,0.0791683806728566,6.50746859828611e-10,1.5010130735811189e-10
12.46355157886606,23.72987108033196,4.5e-08,0.7,17.6001748520786,0.6160000000000002,0.0867014765250251,6.740595078814764e-10,1.5047056922842868e-10
11.73599394729132,30.96170170142372,4.5e-08,0.7,21.9526224603038,0.6380000000000002,0.0951860020778309,6.954055799770253e-10,1.508356222152047e-10
10.96410324088502,39.73405451815803,4.5e-08,0.7,26.92076089836148,0.6600000000000003,0.1045299758252497,7.146591109209237e-10,1.5119149720385078e-10
10.1670154250066,50.11567442814808,4.5e-08,0.7,32.46470340293381,0.6820000000000003,0.1146057851004498,7.318059318172054e-10,1.515334805475029e-10
9.368538267088782,62.10579255397959,4.5e-08,0.7,38.52161316402424,0.7040000000000003,0.1252663926496614,7.46916847348953e-10,1.518575342951474e-10
8.59149601447641,75.63811405170098,4.5e-08,0.7,45.01492202904619,0.7260000000000003,0.1363622101816861,7.60120942534037e-10,1.5216064172345257e-10
7.854087798624463,90.59399671711331,4.5e-08,0.7,51.86394513182493,0.7480000000000003,0.1477548402503979,7.71582149485698e-10,1.5244101010943418e-10
7.168461212316144,106.8201646695604,4.5e-08,0.7,58.99175035999067,0.7700000000000004,0.159325774907916,7.81480522138951e-10,1.526981009992995e-10
6.540949958415423,124.1463820178241,4.5e-08,0.7,66.33030720461709,0.7920000000000004,0.170980052120453,7.899984426453237e-10,1.5293250393886229e-10
5.973202069593761,142.4000466657921,4.5e-08,0.7,73.82297553143488,0.8140000000000004,0.1826460476565966,7.973112617293417e-10,1.531457038240762e-10
5.463563547264438,161.4164898540999,4.5e-08,0.7,81.42496218166875,0.8360000000000004,0.1942729195719978,8.035815547036273e-10,1.5333980419416878e-10
5.008339301086637,181.0451256038742,4.5e-08,0.7,89.10250394031694,0.8580000000000004,0.2058270140085939,8.089561151036473e-10,1.53517260520466e-10
4.602775387912538,201.1522886954128,4.5e-08,0.7,96.83141584118626,0.8800000000000004,0.2172881267768081,8.135648897218627e-10,1.536806581767444e-10
4.241744656959865,221.6217727949291,4.5e-08,0.7,104.5954443441442,0.9020000000000004,0.2286461182396689,8.17521200386503e-10,1.5383254932857149e-10
3.920182167980327,242.3539633725087,4.5e-08,0.7,112.3846819985225,0.9240000000000004,0.2398980893417247,8.209227506041547e-10,1.539753476358036e-10
3.63333453637801,263.2642377832453,4.5e-08,0.7,120.1941675176291,0.9460000000000004,0.2510461508759092,8.23853054044634e-10,1.5411127113364759e-10
3.376882403881104,284.2810830307755,4.5e-08,0.7,128.022712465148,0.9680000000000004,0.2620957291705364,8.263830363481636e-10,1.542423207865099e-10
3.146982367711105,305.3442039399003,4.5e-08,0.7,135.8719506031029,0.9900000000000004,0.2730543175576443,8.285726499129748e-10,1.5437028286568158e-10
2.940261332587545,326.4027687399332,4.5e-08,0.7,143.7455850674975,1.012,0.2839305793207624,8.304724056006002e-10,1.544967455768774e-10
2.753785228990151,347.4138578587562,4.5e-08,0.7,151.6488016575384,1.034,0.2947337180943247,8.321247699211942e-10,1.5462312299262758e-10
2.585015931472592,368.3411333439197,4.5e-08,0.7,159.5878168787373,1.056,0.3054730466488662,8.335654057888308e-10,1.5475068167697188e-10
2.431764648051165,389.1537199901752,4.5e-08,0.7,167.5695329450593,1.078000000000001,0.3161576999960111,8.348242534636078e-10,1.5488056719476858e-10
2.29214642323103,409.8252767195055,4.5e-08,0.7,175.6012765296699,1.1,0.3267964518189275,8.359264591560751e-10,1.5501382897241288e-10
23.91018764027419,0.2775836403677907,4.5e-08,0.8,0.250297770432789,0.352,0.0485304757058637,4.033959187652975e-10,1.457322563637628e-10
22.58358278122913,0.4629979842200723,4.5e-08,0.8,0.4133650127339895,0.3740000000000001,0.0489408979341,4.155306170303362e-10,1.4592102019921378e-10
21.19510042522171,0.7494298860753602,4.5e-08,0.8,0.660975939032734,0.3960000000000001,0.0495670033124746,4.3058555751847226e-10,1.4612057184193907e-10
19.82386311176607,1.176608609144312,4.5e-08,0.8,1.022566401343797,0.4180000000000001,0.0504837356380313,4.4859504487919625e-10,1.4633171978140228e-10
18.54356465008814,1.793949553767685,4.5e-08,0.8,1.532025558162078,0.4400000000000001,0.0517749290331242,4.694100929421321e-10,1.465552842971398e-10
17.40511680815177,2.66317659310272,4.5e-08,0.8,2.227965449228712,0.4620000000000001,0.0535315686393341,4.926902411942756e-10,1.4679207124330389e-10
16.42775257077535,3.862542927513419,4.5e-08,0.8,3.154539435053822,0.4840000000000002,0.0558510472787677,5.179215415916288e-10,1.470428364785632e-10
15.60014858462309,5.492063383554701,4.5e-08,0.8,4.362149573045881,0.5060000000000001,0.0588359974692994,5.444597700123392e-10,1.4730823900795079e-10
14.88843474675554,7.678344962291097,4.5e-08,0.8,5.907050946020898,0.5280000000000001,0.0625904939946055,5.715920856362886e-10,1.4758878067497858e-10
14.24690411454562,10.57697119041546,4.5e-08,0.8,7.848961621683086,0.5500000000000002,0.0672120893917291,5.986059635539412e-10,1.478847303561643e-10
13.62861254122689,14.3700318087341,4.5e-08,0.8,10.2462358891466,0.5720000000000002,0.0727798599777299,6.248528719053904e-10,1.481960314943599e-10
12.99442158222046,19.25664610048632,4.5e-08,0.8,13.14889771452071,0.5940000000000002,0.0793406783116759,6.497963445892148e-10,1.485221940511143e-10
12.31940878153562,25.43576568371278,4.5e-08,0.8,16.59077713977152,0.6160000000000002,0.0868975070369206,6.730388557350981e-10,1.488621761951946e-10
11.59558769363023,33.08326915203335,4.5e-08,0.8,20.58281301000317,0.6380000000000002,0.0954037858932845,6.943273384730547e-10,1.492142676349415e-10
10.83048623225796,42.32836907986069,4.5e-08,0.8,25.1097187024884,0.6600000000000003,0.1047664413190542,7.135414753503054e-10,1.4957599497587337e-10
10.04239900255824,53.23577721174345,4.5e-08,0.8,30.13129680540532,0.6820000000000003,0.1148571376883427,7.306710419542563e-10,1.499440778629448e-10
9.254231926354434,65.79860986487682,4.5e-08,0.8,35.58805927032184,0.7040000000000003,0.1255285590330367,7.457886499332854e-10,1.5031446907844268e-10
8.488006696026655,79.94324076931629,4.5e-08,0.8,41.40936167430593,0.7260000000000003,0.1366312446753674,7.590229117562093e-10,1.5068250706949258e-10
7.761304148232077,95.54337010356645,4.5e-08,0.8,47.5217585561662,0.7480000000000003,0.1480272178626555,7.705351900544254e-10,1.5104319144587068e-10
7.085855790740184,112.4384608174251,4.5e-08,0.8,53.85578974913348,0.7700000000000004,0.1595985488583855,7.805013506648735e-10,1.5139156140790338e-10
6.467756819687192,130.4518809924404,4.5e-08,0.8,60.35038727126295,0.7920000000000004,0.1712508944997577,7.890986462779427e-10,1.517231221282603e-10
5.908551763408859,149.4057202102377,4.5e-08,0.8,66.95496427825712,0.8140000000000004,0.1829132104912702,7.96497089621424e-10,1.520342395578734e-10
5.406574538445166,169.1311243870494,4.5e-08,0.8,73.62973037380252,0.8360000000000004,0.1945351537010029,8.028543511932796e-10,1.5232242388656658e-10
4.958173222030916,189.4743635203865,4.5e-08,0.8,80.34489279852619,0.8580000000000004,0.2060834740689343,8.083131982688522e-10,1.525864495299646e-10
4.558665894914955,210.2995300223479,4.5e-08,0.8,87.07930329040755,0.8800000000000004,0.2175382797110752,8.130006404314946e-10,1.52826304183817e-10
4.203008799631296,231.4889198751922,4.5e-08,0.8,93.81893892706242,0.9020000000000004,0.2288896638912872,8.170281520992752e-10,1.5304300191932488e-10
3.886221150733247,252.9420149812469,4.5e-08,0.8,100.555445415491,0.9240000000000004,0.2401348958757273,8.204925346142319e-10,1.532383195292292e-10
3.603628661189624,274.5737505266835,4.5e-08,0.8,107.2848537740034,0.9460000000000004,0.2512762045311266,8.23477128626301e-10,1.534145168163128e-10
3.350983280388961,296.3125216485731,4.5e-08,0.8,114.0065072050807,0.9680000000000004,0.2623190963949275,8.260531890297712e-10,1.535740864699752e-10
3.124504247075391,318.0982016978664,4.5e-08,0.8,120.7221940572498,0.9900000000000004,0.2732711171666975,8.282813004443803e-10,1.537195581169702e-10
2.920872601108492,339.8803167160829,4.5e-08,0.8,127.4354636743411,1.012,0.2841409624341272,8.302127540927056e-10,1.538533625773051e-10
2.737200581925712,361.6164388989673,4.5e-08,0.8,134.1510955741808,1.034,0.2949378539366772,8.318908363644055e-10,1.5397775024468538e-10
2.570989440480488,383.2708134723929,4.5e-08,0.8,140.8746927011879,1.056,0.3056711126808599,8.333520006418034e-10,1.540947519193244e-10
2.420083763150023,404.8132074069149,4.5e-08,0.8,147.6123727861194,1.078000000000001,0.3163498751923985,8.346269095557396e-10,1.542061695136273e-10
2.282626860495857,426.2179562985376,4.5e-08,0.8,154.3705360953804,1.1,0.3269829122049964,8.357413459254614e-10,1.543135856978652e-10
24.46008855063688,1.654887037565619e-05,4.5e-08,0.9,1.128574374073532e-05,0.0,0.047907671952902,3.8717545265351155e-10,1.4331177857990159e-10
23.87826084797741,0.3023106633780889,4.5e-08,0.9,0.2445596894457712,0.352,0.0485352748782476,4.0284406074485284e-10,1.4499245739387138e-10
22.54376361763,0.503845358636059,4.5e-08,0.9,0.4041075775003604,0.3740000000000001,0.0489486902487387,4.1498620903899935e-10,1.4514224525278159e-10
21.14650807036321,0.8147564297499061,4.5e-08,0.9,0.6464029400221777,0.3960000000000001,0.0495789389209672,4.3004783184684484e-10,1.4529990826455178e-10
19.76568839473429,1.277672163331793,4.5e-08,0.9,1.0000486660206,0.4180000000000001,0.0505011322729464,4.4806025436584855e-10,1.454660760553638e-10
18.47501463762858,1.945326925638926,4.5e-08,0.9,1.497626847137567,0.4400000000000001,0.0517992335081031,4.688711959031297e-10,1.456414192315466e-10
17.32543033636367,2.883195703687528,4.5e-08,0.9,2.175694676504902,0.4620000000000001,0.0535643365437626,4.921370161003417e-10,1.4582664421932519e-10
16.3363512678638,4.173779346488257,4.5e-08,0.9,3.075284172155827,0.4840000000000002,0.055893930179602,5.173411744292907e-10,1.4602248591036589e-10
15.4969156057119,5.921890109051938,4.5e-08,0.9,4.242299436813652,0.5060000000000001,0.058890703454387,5.43837860520138e-10,1.4622969766047438e-10
14.77403283271221,8.259429389835292,4.5e-08,0.9,5.726902301068636,0.5280000000000001,0.0626586866633443,5.709139286246589e-10,1.464490378059532e-10
14.12299841943698,11.34753076930847,4.5e-08,0.9,7.581119121514091,0.5500000000000002,0.0672952124041452,5.978579095104253e-10,1.4668125132375848e-10
13.49787661571483,15.37362386289623,4.5e-08,0.9,9.8543710015836,0.5720000000000002,0.0728789081368891,6.240235760101927e-10,1.4692704461819718e-10
12.86027975389278,20.54130279289897,4.5e-08,0.9,12.58731266013324,0.5940000000000002,0.0794559692153319,6.488777701784525e-10,1.4718705078083878e-10
12.18557623946785,27.0524069953599,4.5e-08,0.9,15.80515078507761,0.6160000000000002,0.0870285252960209,6.720269796921163e-10,1.4746178222807728e-10
11.46555386394363,35.08351910733131,4.5e-08,0.9,19.51222570246325,0.6380000000000002,0.0955491611913371,6.932225764499947e-10,1.477515676320777e-10
10.70709852008307,44.76209809296692,4.5e-08,0.9,23.68965272839665,0.6600000000000003,0.1049240802194641,7.123488780041628e-10,1.480564708510235e-10
9.92764231298216,56.14880237899065,4.5e-08,0.9,28.29698824705192,0.6820000000000003,0.1150244750060833,7.294003029262317e-10,1.483761915220771e-10
9.149210823773032,69.23094396197038,4.5e-08,0.9,33.27750997580892,0.7040000000000003,0.1257028566563446,7.444539247361639e-10,1.4870995054476728e-10
8.393072531352509,83.92811042354603,4.5e-08,0.9,38.56552019413065,0.7260000000000003,0.1368098622598559,7.576423990690401e-10,1.4905636923819138e-10
7.676249525281319,100.1070121004652,4.5e-08,0.9,44.09370347821037,0.7480000000000003,0.1482078059694668,7.691304015402463e-10,1.494133584964776e-10
7.010112971062595,117.6005434321265,4.5e-08,0.9,49.79902627203535,0.7700000000000004,0.1597791508156571,7.790960144068164e-10,1.4977804278315138e-10
6.400563717284082,136.2263261028202,4.5e-08,0.9,55.62650982652813,0.7920000000000004,0.1714299704187776,7.877172582262622e-10,1.5014675061319888e-10
5.849073164855227,155.8017104039337,4.5e-08,0.9,61.53095380712152,0.8140000000000004,0.1830896088184874,7.951632301358074e-10,1.50515103791231e-10
5.353981053301011,176.1541311569194,4.5e-08,0.9,67.47710004503857,0.8360000000000004,0.1947080554008249,8.01588982226088e-10,1.508782270847034e-10
4.911686886026591,197.1270943250825,4.5e-08,0.9,73.4388225449246,0.8580000000000004,0.2062523282284814,8.071332069954513e-10,1.5123107573332708e-10
4.51758237401845,218.5827440062492,4.5e-08,0.9,79.39784054927259,0.8800000000000004,0.2177027420110215,8.119178684381036e-10,1.515688441341656e-10
4.16670463582068,240.4020979796092,4.5e-08,0.9,85.34229930180847,0.9020000000000004,0.2290495434832924,8.160490485598117e-10,1.518873869938486e-10
3.854152272931722,262.4838912397801,4.5e-08,0.9,91.26542089758868,0.9240000000000004,0.2402901123536336,8.196184323135182e-10,1.521835697781492e-10
3.575324342194459,284.7427214906507,4.5e-08,0.9,97.164322614675,0.9460000000000004,0.2514267545687488,8.227050134128994e-10,1.5245547856224758e-10
3.32603814941343,307.1069541639914,4.5e-08,0.9,103.0390337024316,0.9680000000000004,0.2624650286886393,8.253767572353261e-10,1.5270245711743418e-10
3.102569876878898,329.5166587348811,4.5e-08,0.9,108.8917049686466,0.9900000000000004,0.2734125140717127,8.276920894144485e-10,1.5292498516053748e-10
2.901649483057943,351.9217186851489,4.5e-08,0.9,114.7259885168229,1.012,0.2842779267777008,8.29701175012326e-10,1.531244469666174e-10
2.720430871250342,374.2801750394648,4.5e-08,0.9,120.5465595118499,1.034,0.2950704997226286,8.314470077572028e-10,1.533028528914535e-10
2.556450604536392,396.5568150967301,4.5e-08,0.9,126.3587523976085,1.056,0.305799558659304,8.329663479924874e-10,1.53462568848517e-10
2.407583130142718,418.7219923020773,4.5e-08,0.9,132.1682872162934,1.078000000000001,0.3164742405061286,8.342905451605634e-10,1.5360608960841578e-10
2.27199699930734,440.7506515148688,4.5e-08,0.9,137.981065740201,1.1,0.3271033135217142,8.354462693031123e-10,1.5373587110561388e-10
23.28311142763953,1.881332216628297e-05,4.5e-08,1.0,1.107763653341531e-05,0.0,0.0479073104777767,3.8685238256178954e-10,1.42989982245185e-10
23.8532184215474,0.3265621638523599,4.5e-08,1.0,0.2406820572807756,0.352,0.0485385539453485,4.0237714217168405e-10,1.443977674347226e-10
22.51167837361652,0.5439255225277436,4.5e-08,1.0,0.3978490099615963,0.3740000000000001,0.0489540087229641,4.145223759072037e-10,1.445191679491346e-10
21.10620709646777,0.8788738013926403,4.5e-08,1.0,0.6365196032463097,0.3960000000000001,0.0495870780610256,4.2958638340923417e-10,1.446463294262733e-10
19.71604066823185,1.376861957186474,4.5e-08,1.0,0.9846696359016032,0.4180000000000001,0.0505129860247059,4.4759839694382835e-10,1.447796984513497e-10
18.41496166592308,2.093827904451619,4.5e-08,1.0,1.473862950378638,0.4400000000000001,0.0518157821503602,4.68403805445078e-10,1.4491975550308538e-10
17.25406111627998,3.098814493884994,4.5e-08,1.0,2.139023372699777,0.4620000000000001,0.0535866325789843,4.916566840452087e-10,1.4506701422087588e-10
16.2530635020971,4.478290445600646,4.5e-08,1.0,3.018675885993877,0.4840000000000002,0.0559230889230715,5.168385623413354e-10,1.452220204399762e-10
15.40166180864546,6.34146125200048,4.5e-08,1.0,4.155092073616819,0.5060000000000001,0.0589278750359319,5.433023225880489e-10,1.453853511595843e-10
14.66758587084511,8.824974418162146,4.5e-08,1.0,5.59349614022473,0.5280000000000001,0.062704985988459,5.703343000238532e-10,1.455576134575013e-10
14.00712374138228,12.09482086516005,4.5e-08,1.0,7.379664304980171,0.5500000000000002,0.0673515988445283,5.97223324375275e-10,1.4573944310979308e-10
13.37530194843102,16.34296500945753,4.5e-08,1.0,9.555737176555008,0.5720000000000002,0.0729460298580248,6.233241846534351e-10,1.459315023306644e-10
12.7344194736838,21.77663076820898,4.5e-08,1.0,12.15470315665171,0.5940000000000002,0.0795340094074545,6.481052685155801e-10,1.461344756532959e-10
12.06007114698479,28.59976669983923,4.5e-08,1.0,15.19466979882792,0.6160000000000002,0.0871170993501294,6.711749268312346e-10,1.4634906257569259e-10
11.34376908372577,36.98906245905374,4.5e-08,1.0,18.67448844421718,0.6380000000000002,0.0956473058996904,6.922865358240585e-10,1.46575965236383e-10
10.59173157126543,47.06989663704606,4.5e-08,1.0,22.57221145405933,0.6600000000000003,0.1050303473921895,7.113264556059083e-10,1.468158690719989e-10
9.820529670355803,58.89885088881259,4.5e-08,1.0,26.84708576455106,0.6820000000000003,0.1151371050631887,7.282911667446405e-10,1.4706941412425269e-10
9.051332509247777,72.45768381572135,4.5e-08,1.0,31.44460448168016,0.7040000000000003,0.1258199825005375,7.432598756270703e-10,1.473371544110951e-10
8.304692309794051,87.65964857843421,4.5e-08,1.0,36.30316858242472,0.7260000000000003,0.136929692167894,7.563675326158645e-10,1.4761950265849828e-10
7.597112360143771,104.3650286522239,4.5e-08,1.0,41.36064080098183,0.7480000000000003,0.1483287525916243,7.677813603463365e-10,1.479166579661035e-10
6.93963885155772,122.400743581316,4.5e-08,1.0,46.55950446395713,0.7700000000000004,0.159899897786113,7.776822863404597e-10,1.4822851507670329e-10
6.338005208419336,141.5792343632105,4.5e-08,1.0,51.85008478066137,0.7920000000000004,0.171549486333278,7.862514337623878e-10,1.4855455637657008e-10
5.793627481260158,161.7136152868723,4.5e-08,1.0,57.19193611046167,0.8140000000000004,0.1832071261390393,7.936610989590236e-10,1.4889373210972228e-10
5.304861075105682,182.6280359250347,4.5e-08,1.0,62.55384996991536,0.8360000000000004,0.1948230313897097,8.000693376214468e-10,1.4924434082813608e-10
4.868160787309608,204.1635846852053,4.5e-08,1.0,67.91301448309011,0.8580000000000004,0.2063644005824787,8.056172500274023e-10,1.496039303835427e-10
4.478991808659226,226.1807299608135,4.5e-08,1.0,73.25377068893224,0.8800000000000004,0.217811686824599,8.104281708924924e-10,1.49969247999921e-10
4.132469568270566,248.5594189707237,4.5e-08,1.0,78.56627238060132,0.9020000000000004,0.2291552391664559,8.14608137540642e-10,1.503362725370255e-10
3.823768239023954,271.1977923117516,4.5e-08,1.0,83.84522766212072,0.9240000000000004,0.2403925105433913,8.182471735203115e-10,1.507003579646971e-10
3.548355929280835,294.0102170138202,4.5e-08,1.0,89.08880602258549,0.9460000000000004,0.2515258576704035,8.214210535952611e-10,1.5105650002844908e-10
3.302111004841625,316.9250983279044,4.5e-08,1.0,94.2977353316018,0.9680000000000004,0.2625608730759564,8.241933017908002e-10,1.513997082044521e-10
3.081362553578876,339.8827413212613,4.5e-08,1.0,99.47458070396874,0.9900000000000004,0.2735051578263515,8.26617225119113e-10,1.5172543003126767e-10
2.882885798853387,362.8334023737441,4.5e-08,1.0,104.6231824430489,1.012,0.2843674409248516,8.28737820681475e-10,1.52029949240412e-10
2.703873080489221,385.7355877707471,4.5e-08,1.0,109.7482258749161,1.034,0.2951569620848206,8.305934328685821e-10,1.523106770867489e-10
2.541893467005979,408.5546083681224,4.5e-08,1.0,114.8549168400955,1.056,0.3058830496312958,8.322170899699709e-10,1.5256628235434909e-10
2.394848849866157,431.2613739357803,4.5e-08,1.0,119.9487398958208,1.078000000000001,0.3165548402170398,8.33637509904046e-10,1.527966496586846e-10
2.260930952973788,453.8313994996892,4.5e-08,1.0,125.0352802379915,1.1,0.3271810999858844,8.348798171888447e-10,1.53002698798693e-10
21.9084367157269,2.148848592491907e-05,4.5e-08,1.1,1.094662932811636e-05,0.0,0.0479070603623198,3.865716064285976e-10,1.4271009043642618e-10
23.83271432368556,0.3505061349636105,4.5e-08,1.1,0.2382744303708083,0.352,0.0485408395951431,4.0197759625200716e-10,1.4390948476850948e-10
22.48478923190594,0.5835088217625197,4.5e-08,1.1,0.3939518892151644,0.3740000000000001,0.0489577130958835,4.141236985735967e-10,1.4400994429639018e-10
21.07160249196565,0.9422040369989731,4.5e-08,1.1,0.6303157280748195,0.3960000000000001,0.0495927432996061,4.291880616305636e-10,1.44114696497022e-10
19.67241192357901,1.474819263613043,4.5e-08,1.1,0.9748709583440396,0.4180000000000001,0.0505212316971073,4.471984527280122e-10,1.442240545543878e-10
18.3611029349489,2.240406047841849,4.5e-08,1.1,1.458382563978101,0.4400000000000001,0.0518272866856111,4.679986271463301e-10,1.443383551438917e-10
17.18897786217187,3.311429002769375,4.5e-08,1.1,2.114461331341219,0.4620000000000001,0.0536021230879352,4.912410528683121e-10,1.444579582131262e-10
16.17613633214435,4.77809896355854,4.5e-08,1.1,2.97959148446071,0.4840000000000002,0.0559433340251856,5.164058903964062e-10,1.445832469010684e-10
15.3128688608866,6.753686365013785,4.5e-08,1.1,4.093067045659049,0.5060000000000001,0.0589536645016667,5.428450721680023e-10,1.447146278592845e-10
14.56773391661654,9.379137563377045,4.5e-08,1.1,5.496045804858543,0.5280000000000001,0.0627370810868324,5.698445108699932e-10,1.4485253216944269e-10
13.89799053326628,12.82473372795838,4.5e-08,1.1,7.229136075003559,0.5500000000000002,0.0673906480424676,5.966931515509768e-10,1.449974169185529e-10
13.25958916246493,17.28631250207658,4.5e-08,1.1,9.328433445640828,0.5720000000000002,0.0729924606907051,6.227463534494935e-10,1.451497673143211e-10
12.61547483433964,22.97402979372402,4.5e-08,1.1,11.82052771616639,0.5940000000000002,0.0795879228023638,6.474733826688418e-10,1.453100990307049e-10
11.94143718633373,30.09329563117177,4.5e-08,1.1,14.717556980618,0.6160000000000002,0.0871782005562487,6.704836100351777e-10,1.4547896030748378e-10
11.22869631237451,38.82040408818476,4.5e-08,1.1,18.01370065516972,0.6380000000000002,0.095714900145485,6.91531428166074e-10,1.456569332121604e-10
10.48280341890355,49.27837069316072,4.5e-08,1.1,21.68433406496252,0.6600000000000003,0.1051034080373968,7.105041144115075e-10,1.458446333961638e-10
9.719483723090075,61.51966859757907,4.5e-08,1.1,25.68832975228222,0.6820000000000003,0.1152143963565122,7.273989316165262e-10,1.460427075882704e-10
8.959074928943007,75.52070293182294,4.5e-08,1.1,29.97295904914397,0.7040000000000003,0.1259002018866628,7.422957534529925e-10,1.462518279007837e-10
8.221441898672866,91.18876680141146,4.5e-08,1.1,34.48004900093701,0.7260000000000003,0.1370115965796674,7.553301463115767e-10,1.4647268174042178e-10
7.522596535362765,108.3781928560184,4.5e-08,1.1,39.15187465770228,0.7480000000000003,0.1484112463583077,7.666699908787474e-10,1.46705955728315e-10
6.873282464761123,126.9104355873944,4.5e-08,1.1,43.93568742681027,0.7700000000000004,0.1599820768790308,7.764970243577253e-10,1.469523115945625e-10
6.279081672245631,146.5932477542769,4.5e-08,1.1,48.78645040428857,0.7920000000000004,0.1716306462183841,7.849934452381575e-10,1.472123515989964e-10
5.741364650952242,167.2359509424067,4.5e-08,1.1,53.66791649171795,0.8140000000000004,0.183286745693229,7.923329967191266e-10,1.4748657075093508e-10
5.258507211466697,188.6597884711769,4.5e-08,1.1,58.55248267949718,0.8360000000000004,0.1949007448172068,7.986756345679296e-10,1.4777529313816558e-10
4.827020543455502,210.7037424332301,4.5e-08,1.1,63.42030823168096,0.8580000000000004,0.2064399660690546,8.041648479911557e-10,1.4807859032786908e-10
4.442442069124731,233.226852591731,4.5e-08,1.1,68.25809920387913,0.8800000000000004,0.2178849571198623,8.089268114738626e-10,1.4839618150809588e-10
4.09996294841434,256.1081856178761,4.5e-08,1.1,73.05783247721271,0.9020000000000004,0.2292261365052113,8.13070712662597e-10,1.4872731833436988e-10
3.794829729565257,279.2454289943163,4.5e-08,1.1,77.81557510295593,0.9240000000000004,0.2404610065419297,8.166897741052491e-10,1.490706628003507e-10
3.522576221140436,302.552819877816,4.5e-08,1.1,82.53046954163598,0.9460000000000004,0.2515919578848477,8.198626396914106e-10,1.494241738996422e-10
3.279138614108163,325.9588711634235,4.5e-08,1.1,87.2039023940847,0.9680000000000004,0.2626246055100729,8.226549205547561e-10,1.497850274094599e-10
3.060895926269628,349.4041648656607,4.5e-08,1.1,91.83884576877752,0.9900000000000004,0.2735665645888372,8.251207879682887e-10,1.5014960018961838e-10
2.8646659897477,372.8393506273684,4.5e-08,1.1,96.43934796052234,1.012,0.2844265723003591,8.273045624662674e-10,1.505135515497073e-10
2.687677255554966,396.2234039001711,4.5e-08,1.1,101.0101468711713,1.034,0.2952138724043121,8.292422795368628e-10,1.508720244478559e-10
2.52752928745494,419.5221502343197,4.5e-08,1.1,105.5563810482348,1.056,0.3059377944563826,8.309632151689521e-10,1.512199658108623e-10
2.38214969725775,442.7070370896668,4.5e-08,1.1,110.0833766300272,1.078000000000001,0.3166074744689314,8.324913369911916e-10,1.5155253153373488e-10
2.249751910283361,465.7541236707195,4.5e-08,1.1,114.5964923856037,1.1,0.327231676744335,8.338466233361774e-10,1.5186550908018218e-10
24.28177360102438,0.2327239638195197,1.45e-07,0.1,0.5762366776357053,0.3740000000000001,0.0517829975299563,9.540372448378643e-10,1.751696850406048e-10
22.84474634233709,0.3907619034428303,1.45e-07,0.1,0.948130372872116,0.3960000000000001,0.0540790535034243,1.043914795074895e-09,1.8383628308406168e-10
21.49891473584167,0.636300854220432,1.45e-07,0.1,1.525889394560735,0.4180000000000001,0.0573488147563183,1.1372541602967441e-09,1.955005050390298e-10
20.24895678780857,1.00698861135141,1.45e-07,0.1,2.419215005023538,0.4400000000000001,0.0617794493661551,1.231143843129368e-09,2.111193127815222e-10
19.05582903700524,1.551510963887524,1.45e-07,0.1,3.808812124895792,0.4620000000000001,0.0675241284747719,1.322995548923724e-09,2.3191379312600059e-10
17.8570816929984,2.328657158043104,1.45e-07,0.1,6.005064463838131,0.4840000000000002,0.0746881371367211,1.410802888623666e-09,2.5939835772399966e-10
16.59136918969482,3.401875213020624,1.45e-07,0.1,9.547503533540732,0.5060000000000001,0.083315279755219,1.493263380023333e-09,2.9537129829895967e-10
15.22125050893772,4.827763225463833,1.45e-07,0.1,15.31083428717074,0.5280000000000001,0.09337748937213,1.569763065004314e-09,3.41831896257975e-10
13.75378475376172,6.640210049796183,1.45e-07,0.1,24.44641352830162,0.5500000000000002,0.1047737506944023,1.640252417426824e-09,4.0078499477171377e-10
12.24890484272554,8.837805034554306,1.45e-07,0.1,37.9558345543094,0.5720000000000002,0.1173419791326093,1.70505672228378e-09,4.739106336690562e-10
10.79517135312185,11.38401455763698,1.45e-07,0.1,56.14710361452678,0.5940000000000002,0.1308815067746523,1.764668128355774e-09,5.621282621142411e-10
9.465727436924618,14.22004465631751,1.45e-07,0.1,78.56183179493479,0.6160000000000002,0.1451792606805012,1.8195653024918761e-09,6.651666534485171e-10
8.295691779006606,17.2801900051101,1.45e-07,0.1,104.3544110946498,0.6380000000000002,0.160032433643122,1.8700988609948103e-09,7.813162343560337e-10
7.288399071693889,20.50207810081633,1.45e-07,0.1,132.6504093832633,0.6600000000000003,0.1752634943067114,1.916461208358547e-09,9.075195021506584e-10
6.430199955496707,23.83133489515069,1.45e-07,0.1,162.7010472365562,0.6820000000000003,0.1907270392288265,1.958729540367358e-09,1.039820642003658e-09
5.701334623949577,27.22281584794237,1.45e-07,0.1,193.9091489738862,0.7040000000000003,0.2063103271742577,1.996944941591512e-09,1.174022214241584e-09
5.081587494733109,30.64014883367551,1.45e-07,0.1,225.810488898659,0.7260000000000003,0.2219300169240911,2.031185124425214e-09,1.306311172763584e-09
4.55265937317962,34.05458263300542,1.45e-07,0.1,258.0470458065935,0.7480000000000003,0.2375272536515485,2.061604583233729e-09,1.433671389297764e-09
4.098895162283067,37.44365902625789,1.45e-07,0.1,290.3429412272478,0.7700000000000004,0.25306251663315,2.088439029200998e-09,1.554031101206022e-09
3.707281426993523,40.7899602677716,1.45e-07,0.1,322.4851083949075,0.7920000000000004,0.2685109740074444,2.111985994862497e-09,1.6662021254023702e-09
3.367160600046507,44.08003504893247,1.45e-07,0.1,354.3083802352863,0.8140000000000004,0.2838586314360946,2.132576538923283e-09,1.769707497457172e-09
3.069866709175035,47.30352644180695,1.45e-07,0.1,385.6841949945003,0.8360000000000004,0.299099301215843,2.150548722754955e-09,1.864580190085956e-09
2.808370661174939,50.45248707034698,1.45e-07,0.1,416.512121932539,0.8580000000000004,0.3142322974586007,2.16622779471505e-09,1.95118205062374e-09
2.576968267229976,53.52085208432739,1.45e-07,0.1,446.7135310985662,0.8800000000000004,0.3292607237369492,2.179913877381612e-09,2.030062499336168e-09
2.371019221159926,56.5040380801961,1.45e-07,0.1,476.2268682428818,0.9020000000000004,0.3441902213800476,2.191875904897308e-09,2.101858403063325e-09
2.186734565725951,59.39863920585007,1.45e-07,0.1,505.0041191963265,0.9240000000000004,0.3590280651835273,2.202349981361052e-09,2.1672284100025e-09
2.021006264578645,62.20219666157681,1.45e-07,0.1,533.008149965006,0.9460000000000004,0.3737825160333128,2.211540493198862e-09,2.226813001542484e-09
23.97642070966475,0.2834969970037062,1.45e-07,0.2,0.4764509033780503,0.3740000000000001,0.052187645408985,9.670084169778615e-10,1.568307367088256e-10
22.55896780462059,0.4729122306450299,1.45e-07,0.2,0.7648360680882861,0.3960000000000001,0.0546692111805949,1.056154223347695e-09,1.5829782726054018e-10
21.24856702162176,0.7655222298876638,1.45e-07,0.2,1.190892466440169,0.4180000000000001,0.0581658685797316,1.147628673927966e-09,1.60154873552959e-10
20.04706068963363,1.205446048199693,1.45e-07,0.2,1.804161252104505,0.4400000000000001,0.0628590923926735,1.2384140907880321e-09,1.6250252263838409e-10
18.91842944261113,1.85028919604614,1.45e-07,0.2,2.665010448492389,0.4620000000000001,0.0688933403961192,1.325848353023541e-09,1.6546376683436228e-10
17.81190111023218,2.771324138139461,1.45e-07,0.2,3.842035817940475,0.4840000000000002,0.0763622293582866,1.4078601936638211e-09,1.6918944752186508e-10
16.68562669783956,4.050291876689375,1.45e-07,0.2,5.407460240084477,0.5060000000000001,0.0852951545999309,1.483072937289713e-09,1.738649411451651e-10
15.52121975264515,5.772155789937702,1.45e-07,0.2,7.434017542924294,0.5280000000000001,0.0956482955054653,1.550788084518892e-09,1.79718105964897e-10
14.32564261350862,8.014808949845586,1.45e-07,0.2,9.999613847225367,0.5500000000000002,0.1073061015288648,1.610885411080066e-09,1.870284551986315e-10
13.12311191020902,10.83829513650582,1.45e-07,0.2,13.20757921963713,0.5720000000000002,0.1200958071678321,1.6636829549983111e-09,1.961372995785314e-10
11.94316722659183,14.27636095508516,1.45e-07,0.2,17.23045089172092,0.5940000000000002,0.1338114157569623,1.709792952063751e-09,2.0745822073052188e-10
10.81066964461709,18.33181046241334,1.45e-07,0.2,22.38232790228227,0.6160000000000002,0.1482397801199674,1.749996378978994e-09,2.2148663910004238e-10
9.740903796804115,22.97526255492681,1.45e-07,0.2,29.20640866965919,0.6380000000000002,0.1631819783570783,1.785145768395741e-09,2.388063819870255e-10
8.74056009527138,28.14626562497982,1.45e-07,0.2,38.50527675619935,0.6600000000000003,0.1784666032402639,1.816096611770392e-09,2.6009005763167167e-10
7.813268379329261,33.75731505030731,1.45e-07,0.2,51.1682987815667,0.6820000000000003,0.1939550975382975,1.8436624920915441e-09,2.860888716850872e-10
6.964951041017566,39.70327807736557,1.45e-07,0.2,67.75486572058843,0.7040000000000003,0.2095412528038592,1.868587234607339e-09,3.176067067158598e-10
6.203199632962008,45.87629303913939,1.45e-07,0.2,88.15082376214907,0.7260000000000003,0.2251473915619641,1.891527666336988e-09,3.5545352922339017e-10
5.531924688768538,52.18010031613468,1.45e-07,0.2,111.6610501265742,0.7480000000000003,0.2407192589681424,1.913042084875078e-09,4.0037539060608966e-10
4.948264914446943,58.53728590050074,1.45e-07,0.2,137.3915328063712,0.7700000000000004,0.2562209021259573,1.9335816448113603e-09,4.5296326936915944e-10
4.444018726634449,64.88921655148437,1.45e-07,0.2,164.5452744517892,0.7920000000000004,0.2716301686779319,1.953484164075166e-09,5.135507401399438e-10
4.008687331563288,71.19250033971083,1.45e-07,0.2,192.5185721877652,0.8140000000000004,0.2869350320688124,1.972971832129039e-09,5.821190318372404e-10
3.631749649901945,77.41505751379447,1.45e-07,0.2,220.883524377236,0.8360000000000004,0.3021307269272378,1.992155309442749e-09,6.582334750071256e-10
3.303767962210141,83.5329730290272,1.45e-07,0.2,249.3413547347958,0.8580000000000004,0.3172175833301973,2.011046220471137e-09,7.410332217222478e-10
3.016721781050669,89.52824340988325,1.45e-07,0.2,277.6812432519241,0.8800000000000004,0.3321994236331973,2.029578105477508e-09,8.292846480397404e-10
2.763970043941502,95.38721895391558,1.45e-07,0.2,305.7513008602879,0.9020000000000004,0.3470823933200398,2.047633332355636e-09,9.21491278116212e-10
2.540075506321342,101.0995279493893,1.45e-07,0.2,333.4395846226923,0.9240000000000004,0.3618741176749081,2.065071545608491e-09,1.016036885790361e-09
2.340601048827025,106.6573238523759,1.45e-07,0.2,360.6619124546549,0.9460000000000004,0.3765830987352577,2.081754897411257e-09,1.111330930722176e-09
2.16192151412449,112.0547483331838,1.45e-07,0.2,387.353989267012,0.9680000000000004,0.3912182874190661,2.097566609852712e-09,1.20592913905858e-09
2.001064380224848,117.2875400779677,1.45e-07,0.2,413.4662212854059,0.9900000000000004,0.4057887824485723,2.112421571299501e-09,1.298613482590629e-09
23.72039585519877,0.3290796278529758,1.45e-07,0.3,0.4348424017121349,0.3740000000000001,0.0525032307306012,9.786433493398347e-10,1.536546912634383e-10
22.30318462662348,0.5458597160516085,1.45e-07,0.3,0.6941172930898634,0.3960000000000001,0.0551250940006415,1.068113761233386e-09,1.542803796025819e-10
20.99859439961602,0.8786964062032961,1.45e-07,0.3,1.073625784714589,0.4180000000000001,0.0587915598302779,1.159368761556977e-09,1.5499703537385108e-10
19.80402433504381,1.376172589041533,1.45e-07,0.3,1.613823636727714,0.4400000000000001,0.0636795497326397,1.249407754435354e-09,1.55828361559943e-10
18.68108810694035,2.10121071861594,1.45e-07,0.3,2.36211000185216,0.4620000000000001,0.0699268119458393,1.335626464680278e-09,1.56801562227014e-10
17.57942899499494,3.130912709687905,1.45e-07,0.3,3.369260573244208,0.4840000000000002,0.0776181025576082,1.416032484695084e-09,1.579478199742774e-10
16.45976330812556,4.552768116267962,1.45e-07,0.3,4.683377930511926,0.5060000000000001,0.0867720784158767,1.489328432543874e-09,1.593030067107938e-10
15.30708331038054,6.456802480299777,1.45e-07,0.3,6.343299999794531,0.5280000000000001,0.0973335096503581,1.554879114619775e-09,1.609086432501931e-10
14.13133848963224,8.925066107639685,1.45e-07,0.3,8.374466198031667,0.5500000000000002,0.1091767242984438,1.612601629114098e-09,1.628131187190194e-10
12.9589184555905,12.02140189458794,1.45e-07,0.3,10.78949265190386,0.5720000000000002,0.1221219499152568,1.662821542275718e-09,1.6507318251797868e-10
11.82118727508514,15.78452628925889,1.45e-07,0.3,13.59354890494869,0.5940000000000002,0.1359601609911337,1.7061295742980341e-09,1.677557266551521e-10
10.74533658856439,20.22597410845728,1.45e-07,0.3,16.79283317328899,0.6160000000000002,0.1504788535973136,1.743259625267044e-09,1.709398811909521e-10
9.749732521213469,25.33244799081908,1.45e-07,0.3,20.40436830120909,0.6380000000000002,0.1654823377824813,1.774996509424888e-09,1.7471944653429327e-10
8.843228550048527,31.0707946324788,1.45e-07,0.3,24.46675002443606,0.6600000000000003,0.1808037504089843,1.802113197181974e-09,1.7920567951949301e-10
8.026774435211957,37.39362474691374,1.45e-07,0.3,29.05317969208779,0.6820000000000003,0.1963093453394905,1.8253328728229111e-09,1.8453043134227928e-10
7.295780466748903,44.24413727259303,1.45e-07,0.3,34.28896327106035,0.7040000000000003,0.2118973412628585,1.845309653502998e-09,1.908495994304885e-10
6.6423261041892,51.55944153989978,1.45e-07,0.3,40.37444307057637,0.7260000000000003,0.2274938144978655,1.862622116208011e-09,1.9834679573755077e-10
6.056901598025894,59.27228006713528,1.45e-07,0.3,47.60884270351938,0.7480000000000003,0.2430475410426722,1.877774850272688e-09,2.07237043210646e-10
5.529754084969986,67.31153387049183,1.45e-07,0.3,56.39823098557093,0.7700000000000004,0.2585249440031891,1.891204481378945e-09,2.1777018298555957e-10
5.052037852222247,75.60236164268409,1.45e-07,0.3,67.21579530919358,0.7920000000000004,0.2739057000361479,1.903287697464875e-09,2.302335032211947e-10
4.616804154773942,84.06720755061737,1.45e-07,0.3,80.48766889782213,0.8140000000000004,0.2891791741988797,1.914349645438757e-09,2.4495289052855437e-10
4.219509817905704,92.62869847033387,1.45e-07,0.3,96.43199600369664,0.8360000000000004,0.3043416501146861,1.9246716631334512e-09,2.6229157428617686e-10
3.857650611081015,101.214194357009,1.45e-07,0.3,114.9511504794651,0.8580000000000004,0.31939423952746,1.934497711392582e-09,2.826453205055164e-10
3.529684104953475,109.7602430340923,1.45e-07,0.3,135.6619359982533,0.8800000000000004,0.334341337837081,1.94403913782899e-09,3.0643280537927335e-10
3.233978960023438,118.215060257689,1.45e-07,0.3,158.0339453400309,0.9020000000000004,0.3491895023722892,1.953477599512164e-09,3.3407997393488677e-10
2.968341083129266,126.5385495581766,1.45e-07,0.3,181.5332339203313,0.9240000000000004,0.3639466484956912,1.9629661535844332e-09,3.659976121078574e-10
2.730077363951373,134.7006997551167,1.45e-07,0.3,205.7054987296049,0.9460000000000004,0.3786214788123941,1.972628731636016e-09,4.0255225416846887e-10
2.516277879156361,142.6794627535513,1.45e-07,0.3,230.1989186673351,0.9680000000000004,0.3932230805305056,1.9825584549656903e-09,4.440319339330532e-10
2.324079271786105,150.4588023617392,1.45e-07,0.3,254.7540559064558,0.9900000000000004,0.407760643253876,1.992815496041927e-09,4.906100037158001e-10
2.150829381717059,158.0271571960085,1.45e-07,0.3,279.183518687601,1.012,0.4222432629500495,2.0034253815341132e-09,5.423118829087874e-10
23.52295168645395,0.3704089151588119,1.45e-07,0.4,0.3919589439763205,0.3740000000000001,0.0527359889939088,9.86532829276604e-10,1.517918454977412e-10
22.10122437303432,0.6117143968049716,1.45e-07,0.4,0.6235856020089239,0.3960000000000001,0.0554590580109888,1.076353037885091e-09,1.522849236915302e-10
20.79595173566033,0.9803269037976574,1.45e-07,0.4,0.9603622028704238,0.4180000000000001,0.0592471231710393,1.167615641168741e-09,1.5280191827666859e-10
19.60206042147831,1.528518552203279,1.45e-07,0.4,1.435891810576847,0.4400000000000001,0.064273706049549,1.25733960056557e-09,1.5334758163760747e-10
18.47996013826492,2.323488051625848,1.45e-07,0.4,2.08874508712906,0.4620000000000001,0.0706716523481992,1.342969678086487e-09,1.5392849275362718e-10
17.37965503507636,3.446864330890948,1.45e-07,0.4,2.959364875057428,0.4840000000000002,0.078519305367371,1.4225784597179641e-09,1.5455311921272428e-10
16.26326785639037,4.990358326133112,1.45e-07,0.4,4.085042878483998,0.5060000000000001,0.0878276585361124,1.494935791884095e-09,1.5523180100101538e-10
15.11732453904891,7.047308521337211,1.45e-07,0.4,5.494509490935447,0.5280000000000001,0.0985335055933836,1.559465364407248e-09,1.559767122482054e-10
13.95264269116015,9.70178010831598,1.45e-07,0.4,7.204381904110404,0.5500000000000002,0.1105042898113351,1.616128755025102e-09,1.5680185573163188e-10
12.79551348488139,13.01834030232894,1.45e-07,0.4,9.219002439955943,0.5720000000000002,0.1235556685832048,1.665279716310234e-09,1.577231305314578e-10
11.67644252329417,17.03553162267292,1.45e-07,0.4,11.5334748992788,0.5940000000000002,0.1374768604009242,1.707521864091932e-09,1.5875849548030368e-10
10.62146296467056,21.7644195665277,1.45e-07,0.4,14.13830380020151,0.6160000000000002,0.1520561149762468,1.743589173789776e-09,1.599282369585513e-10
9.647916571020524,27.19156399708226,1.45e-07,0.4,17.02386222721088,0.6380000000000002,0.167100208490582,1.774256540591415e-09,1.6125534173952828e-10
8.764035463338486,33.28454664140406,1.45e-07,0.4,20.18370048670397,0.6600000000000003,0.1824455719937016,1.8002795347716911e-09,1.6276597332825687e-10
7.970657022528715,39.9981053853332,1.45e-07,0.4,23.61663892534144,0.6820000000000003,0.1979618803496925,1.8223583736306151e-09,1.6449005158100748e-10
7.263592593112589,47.27954702517074,1.45e-07,0.4,27.32813959360611,0.7040000000000003,0.2135504684788967,1.841119922955127e-09,1.66461938364138e-10
6.63578203580719,55.07285468326002,1.45e-07,0.4,31.33159957865639,0.7260000000000003,0.2291400274163478,1.857111979239688e-09,1.6872123514522878e-10
6.078903463226336,63.32144183832598,1.45e-07,0.4,35.650158971937,0.7480000000000003,0.244681406633525,1.870805214190725e-09,1.713137007449898e-10
5.584422155140257,71.96977000193185,1.45e-07,0.4,40.31954098609039,0.7700000000000004,0.2601426063502467,1.882599410296884e-09,1.7429229835147938e-10
5.144191795344055,80.96411511057514,1.45e-07,0.4,45.392390585729,0.7920000000000004,0.2755044638533483,1.89283170489259e-09,1.7771837972248768e-10
4.750744990872966,90.25273415071784,1.45e-07,0.4,50.94447366455925,0.8140000000000004,0.2907571759589548,1.901785400734632e-09,1.8166301058984708e-10
4.397390706150646,99.78561879528364,1.45e-07,0.4,57.08271982265192,0.8360000000000004,0.3058976121970159,1.909698499353278e-09,1.862084337193349e-10
4.078208299401878,109.5139693218292,1.45e-07,0.4,63.95403833272936,0.8580000000000004,0.3209272970628351,1.916771512691217e-09,1.9144965367317108e-10
3.788005483520613,119.38950587661,1.45e-07,0.4,71.75162000249433,0.8800000000000004,0.3358509239649203,1.923174359392893e-09,1.9749610859452101e-10
3.522291614870229,129.3637719298885,1.45e-07,0.4,80.71205506051267,0.9020000000000004,0.3506752755820104,1.929052299123962e-09,2.0447336765154577e-10
3.277298774830131,139.3876727423446,1.45e-07,0.4,91.09393691326,0.9240000000000004,0.3654084470209236,1.9345309360979632e-09,2.1252475660165877e-10
3.050046828788027,149.4115733117848,1.45e-07,0.4,103.1316456828187,0.9460000000000004,0.3800592906477902,1.939720356561921e-09,2.2181276719245968e-10
2.838395272878444,159.3862297746584,1.45e-07,0.4,116.9715915543646,0.9680000000000004,0.394637021326387,1.944718471588768e-09,2.32520048680318e-10
2.640992894266172,169.2645358600454,1.45e-07,0.4,132.6171775219787,0.9900000000000004,0.4091509372243681,1.949613627759665e-09,2.4484971323478376e-10
2.457079273041131,179.0036267332169,1.45e-07,0.4,149.913842738508,1.012,0.4236102243192266,1.954486532187856e-09,2.5902461644389317e-10
2.28619442958977,188.5666309261078,1.45e-07,0.4,168.5840091280934,1.034,0.4380238222237332,1.959411521054867e-09,2.7528521069510417e-10
2.127916091681782,197.9235417064858,1.45e-07,0.4,188.2909453084624,1.056,0.4524003351996632,1.964457188155899e-09,2.938855322465738e-10
24.87807877998393,0.2397604524454552,1.45e-07,0.5,0.2143297355431869,0.352,0.0509877775412116,9.056006933472663e-10,1.49559284790665e-10
23.37046331017531,0.4075987745642288,1.45e-07,0.5,0.3528479091382687,0.3740000000000001,0.0529007951370243,9.913068845794143e-10,1.4998793350522928e-10
21.94089478745276,0.6708144014889738,1.45e-07,0.5,0.5601712759823115,0.3960000000000001,0.0556944222682074,1.081343818740164e-09,1.5043900288858808e-10
20.63075822771644,1.071191015190216,1.45e-07,0.5,0.8598905590140045,0.4180000000000001,0.0595668392743857,1.172614987511101e-09,1.509108774463513e-10
19.43395606610651,1.664072774062818,1.45e-07,0.5,1.280094590138638,0.4400000000000001,0.0646891444898679,1.262156343119659e-09,1.514015463819585e-10
18.31051397436865,2.520154148125064,1.45e-07,0.5,1.852484118549766,0.4620000000000001,0.071190734589127,1.347447279021542e-09,1.5190896258327928e-10
17.21078765316776,3.724702086055225,1.45e-07,0.5,2.609843912698105,0.4840000000000002,0.0791454715751274,1.426603714112175e-09,1.524314968462197e-10
16.09764696526978,5.372757419030876,1.45e-07,0.5,3.582036801325714,0.5060000000000001,0.0885590485132779,1.498438961011397e-09,1.5296841181807308e-10
14.95823615633939,7.560198262677596,1.45e-07,0.5,4.791724495189689,0.5280000000000001,0.0993628232367269,1.5624141078607981e-09,1.535202689469913e-10
13.8034619114397,10.37252203023325,1.45e-07,0.5,6.251528370991379,0.5500000000000002,0.111419638490866,1.618518884532589e-09,1.5408919954524168e-10
12.65909038144204,13.87460041659918,1.45e-07,0.5,7.96376998518989,0.5720000000000002,0.1245421912454311,1.667125371128507e-09,1.546790119090493e-10
11.55468909624691,18.10441023370088,1.45e-07,0.5,9.922629926474302,0.5940000000000002,0.1385186695351541,1.708846783439295e-09,1.5529515279938648e-10
10.51524996197886,23.07197677495519,1.45e-07,0.5,12.11752648915758,0.6160000000000002,0.1531379723224504,1.744419817076523e-09,1.559445749969369e-10
9.557221022342738,28.76272405474046,1.45e-07,0.5,14.53637660302981,0.6380000000000002,0.1682086425470443,1.774617139381323e-09,1.5663557380199907e-10
8.688210440947767,35.14327595789605,1.45e-07,0.5,17.16795491406317,0.6600000000000003,0.183569395528141,1.800188795283012e-09,1.573776467609325e-10
7.908712630122666,42.16774880872067,1.45e-07,0.5,20.00322231530246,0.6820000000000003,0.1990922438727986,1.821827416546039e-09,1.5818141205577317e-10
7.214427932048926,49.78324224919388,1.45e-07,0.5,23.0358791059624,0.7040000000000003,0.2146806351173467,1.8401510537650261e-09,1.59058601556777e-10
6.598352236299267,57.9339904104627,1.45e-07,0.5,26.26248745510976,0.7260000000000003,0.23026502613314,1.855697950931185e-09,1.6002213026926787e-10
6.052331002214033,66.56416391159166,1.45e-07,0.5,29.68244090930264,0.7480000000000003,0.2457976666934181,1.868928727679943e-09,1.610862362646304e-10
5.56807071710819,75.61956835243986,1.45e-07,0.5,33.29795907739995,0.7700000000000004,0.2612476271338308,1.880232673615307e-09,1.622666829566536e-10
5.137720778412313,85.04854681291508,1.45e-07,0.5,37.11421165206458,0.7920000000000004,0.276596540746325,1.889935932045018e-09,1.635810166893658e-10
4.75415833928159,94.80235774490036,1.45e-07,0.5,41.13963911142758,0.8140000000000004,0.2918351841735058,1.898310175469293e-09,1.650488752015255e-10
4.411086781718115,104.8352314561997,1.45e-07,0.5,45.38653054186122,0.8360000000000004,0.3069608416289127,1.905580961185947e-09,1.6669234540349968e-10
4.103027133920178,115.1042417739998,1.45e-07,0.5,49.87193169500406,0.8580000000000004,0.3219753284605693,1.911935346613702e-09,1.685363713899444e-10
3.825254163250359,125.5690766483475,1.45e-07,0.5,54.61897932097468,0.8800000000000004,0.3368835368813747,1.917528590804898e-09,1.706092154350796e-10
3.573708564498032,136.1917538456325,1.45e-07,0.5,59.65878011097905,0.9020000000000004,0.3516923801202284,1.9224899151854462e-09,1.72942975778534e-10
3.344903162460501,146.9363029575857,1.45e-07,0.5,65.03295484816184,0.9240000000000004,0.3664100334304721,1.9269273768699142e-09,1.755741652603202e-10
3.135832799338393,157.7684197680769,1.45e-07,0.5,70.79691166610262,0.9460000000000004,0.3810453929295186,1.9309319463662e-09,1.7854435422505848e-10
2.94389309548685,168.6550918845037,1.45e-07,0.5,77.02372437716956,0.9680000000000004,0.3956076927478964,1.934580894711455e-09,1.8190087943798387e-10
2.766811456189718,179.5641957903201,1.45e-07,0.5,83.80806098765802,0.9900000000000004,0.4101062365577335,1.937940593893971e-09,1.8569761779890208e-10
2.602593699679102,190.4640776123286,1.45e-07,0.5,91.26881810297752,1.012,0.4245502114521175,1.941068825602194e-09,1.899958190738908e-10
2.449490461229948,201.3231563075223,1.45e-07,0.5,99.54799369778172,1.034,0.4389485609662779,1.944016680987664e-09,1.9486498527806228e-10
2.305987236680189,212.1096284834682,1.45e-07,0.5,108.8023463849245,1.056,0.4533099004387432,1.94683012057307e-09,2.003837752747071e-10
2.1708178128512,222.7913963330711,1.45e-07,0.5,119.1847691014877,1.078000000000001,0.467642462519416,1.9495512499346603e-09,2.06640901134145e-10
2.042991093259392,233.3363520496637,1.45e-07,0.5,130.8156459510583,1.1,0.4819540639757507,1.952219353941374e-09,2.1373596738431518e-10
24.77085948255798,0.2601818205851288,1.45e-07,0.6,0.1948448341207211,0.352,0.0510633556916426,9.081614546395791e-10,1.4800148801667148e-10
23.25060623326593,0.4412098761409158,1.45e-07,0.6,0.3206441648833669,0.3740000000000001,0.0530143898040395,9.940812629068243e-10,1.4835097409956327e-10
21.81089107505266,0.7241334757601484,1.45e-07,0.6,0.5083099936328466,0.3960000000000001,0.0558561379102326,1.084193545496496e-09,1.4872526358881608e-10
20.49308943889913,1.152927204233791,1.45e-07,0.6,0.7782247830142417,0.4180000000000001,0.0597858885286651,1.175402347446158e-09,1.491246370534571e-10
19.29106175705071,1.785517968398978,1.45e-07,0.6,1.154175988572158,0.4400000000000001,0.0649730629368609,1.264761111951712e-09,1.4954866674715059e-10
18.16497154125816,2.695491517057195,1.45e-07,0.6,1.662585140097338,0.4620000000000001,0.0715446900418483,1.349778562394851e-09,1.4999613020293188e-10
17.06547936161378,3.971086762707468,1.45e-07,0.6,2.330471082395833,0.4840000000000002,0.0795715698654502,1.428604946820072e-09,1.504649922539168e-10
15.95573476340133,5.710038901589119,1.45e-07,0.6,3.182259881059639,0.5060000000000001,0.0890558002662476,1.500086431068864e-09,1.5095248428267777e-10
14.82289462365125,8.010260715510631,1.45e-07,0.6,4.236374560267302,0.5280000000000001,0.0999250899192002,1.5637108675918902e-09,1.514553031438617e-10
13.67747621829764,10.95836965197772,1.45e-07,0.6,5.502929932331461,0.5500000000000002,0.112039235624002,1.619486452710545e-09,1.5196993397553938e-10
12.5445048147911,14.61941525247474,1.45e-07,0.6,6.983419165138555,0.5720000000000002,0.1252090178177518,1.667795356948576e-09,1.524930715796513e-10
11.45264375223141,19.03079632838901,1.45e-07,0.6,8.672294346271494,0.5940000000000002,0.1392220086300927,1.709253853660028e-09,1.5302208234507758e-10
10.42602751398492,24.20150062203427,1.45e-07,0.6,10.55955352791822,0.6160000000000002,0.1538676044922873,1.744596647421131e-09,1.535554271246822e-10
9.480434603564296,30.11574447676466,1.45e-07,0.6,12.63331823002309,0.6380000000000002,0.1689555734436579,1.774591369707227e-09,1.5409296815146268e-10
8.623039168284887,36.73898668136271,1.45e-07,0.6,14.88177402264081,0.6600000000000003,0.1843261820576861,1.7999816311559231e-09,1.546361125086434e-10
7.854115585750271,44.02434343805677,1.45e-07,0.6,17.29432764315288,0.6820000000000003,0.1998530149151028,1.821453373393117e-09,1.551877893719382e-10
7.169304927588429,51.91813140785533,1.45e-07,0.6,19.86213093820877,0.7040000000000003,0.2154409318554404,1.839618358248388e-09,1.5575229922349688e-10
6.561647986500014,60.3640293887166,1.45e-07,0.6,22.57820680126608,0.7260000000000003,0.2310215658329537,1.855009220039921e-09,1.56335095518263e-10
6.023093345049242,69.30587252794597,1.45e-07,0.6,25.43737637869843,0.7480000000000003,0.2465480970963086,1.868081675088941e-09,1.5694255930109688e-10
5.545477065361445,78.68933961594735,1.45e-07,0.6,28.43611734959559,0.7700000000000004,0.2619903062706925,1.879220705394529e-09,1.5758181170143128e-10
5.121085327638231,88.46284911397102,1.45e-07,0.6,31.57242405951563,0.7920000000000004,0.277330355150615,1.888748573809013e-09,1.5826058844656029e-10
4.7429293159762,98.57793954342915,1.45e-07,0.6,34.84570274886848,0.8140000000000004,0.2925594062780307,1.896933320690919e-09,1.58987182643992e-10
4.404839968441572,108.9893400859836,1.45e-07,0.6,38.25671570313079,0.8360000000000004,0.3076750215677233,1.903996953392814e-09,1.5977045066532377e-10
4.101459637122796,119.6548705451783,1.45e-07,0.6,41.80758053033212,0.8580000000000004,0.3226792137630675,1.910122915625891e-09,1.606198709131731e-10
3.828180902675417,130.5352577984732,1.45e-07,0.6,45.50182994535474,0.8800000000000004,0.337577013705722,1.915462662413599e-09,1.6154564470489118e-10
3.5810630531113,141.5939195310614,1.45e-07,0.6,49.34454044986278,0.9020000000000004,0.3523754305915081,1.920141309568674e-09,1.6255883037943738e-10
3.356743536359458,152.7967424373206,1.45e-07,0.6,53.34254373009779,0.9240000000000004,0.3670827047405149,1.924262406332165e-09,1.6367150446299168e-10
3.152353421283419,164.1118675406902,1.45e-07,0.6,57.50474195379598,0.9460000000000004,0.3817077748597351,1.927911919003508e-09,1.6489694640295868e-10
2.96544097858639,175.5094866978064,1.45e-07,0.6,61.84255730103094,0.9680000000000004,0.3962599011078113,1.931161527891554e-09,1.662498455929841e-10
2.793904710917816,186.9616494295771,1.45e-07,0.6,66.37055671326944,0.9900000000000004,0.4107484006893578,1.9340713402009212e-09,1.677465310602405e-10
2.635935688568018,198.4420764260196,1.45e-07,0.6,71.10730377660107,1.012,0.4251824644726717,1.936692114222553e-09,1.69405225308881e-10
2.489968351193847,209.9259744598419,1.45e-07,0.6,76.07649745584818,1.034,0.4395710318647719,1.939067079529099e-09,1.7124632448970488e-10
2.354638698396751,221.3898465347211,1.45e-07,0.6,81.308454222738,1.056,0.4539227075601806,1.941233426195432e-09,1.732927073645324e-10
2.228748840245859,232.8112908198918,1.45e-07,0.6,86.84196020685928,1.078000000000001,0.4682457083914561,1.943223524696814e-09,1.755700754905697e-10
2.111237139475986,244.168782670455,1.45e-07,0.6,92.72643537035772,1.1,0.4825478318195688,1.945065927737383e-09,1.7810732666175009e-10
24.6871247609313,0.2788771386901004,1.45e-07,0.7,0.1797757381173419,0.352,0.0511148013019157,9.096733659168293e-10,1.46757587273607e-10
23.15377405850914,0.4719733328780392,1.45e-07,0.7,0.2958166868584774,0.3740000000000001,0.0530915387010798,9.957024440960382e-10,1.470275153251874e-10
21.70242721906473,0.7728732668931821,1.45e-07,0.7,0.4684219037292852,0.3960000000000001,0.0559657355111484,1.085824162568098e-09,1.473178404665991e-10
20.37515267130334,1.227460405802822,1.45e-07,0.7,0.715515849729278,0.4180000000000001,0.0599340585800504,1.176942905131656e-09,1.4762982473498018e-10
19.16641142259106,1.89586695265677,1.45e-07,0.7,1.057598355615845,0.4400000000000001,0.0651647866403251,1.2661243349700601e-09,1.4796448889626648e-10
18.03683497815776,2.854108184053265,1.45e-07,0.7,1.517076278544521,0.4620000000000001,0.0717833438291707,1.350898089624391e-09,1.48322531739569e-10
16.93734461696113,4.192892758163503,1.45e-07,0.7,2.116610395111912,0.4840000000000002,0.0798584617450149,1.429439670434409e-09,1.4870424164978568e-10
15.83105669632849,6.012178952433226,1.45e-07,0.7,2.876541257132269,0.5060000000000001,0.0893898220932199,1.500620615530174e-09,1.4910940094452268e-10
14.70474920709589,8.411549015341908,1.45e-07,0.7,3.812122341725176,0.5280000000000001,0.1003026987184552,1.563951071821804e-09,1.495371886902535e-10
13.56825236471806,11.47852720825443,1.45e-07,0.7,4.931608890779866,0.5500000000000002,0.1124548755697796,1.6194565773769151e-09,1.499860958153306e-10
12.44572950292122,15.27827551483992,1.45e-07,0.7,6.235919089452962,0.5720000000000002,0.1256558867200281,1.667530987260383e-09,1.504538757725676e-10
11.36498089762698,19.84764908262078,1.45e-07,0.7,7.719824809627306,0.5940000000000002,0.1396929280103595,1.708796728584342e-09,1.5093756150328587e-10
10.34941882862062,25.19466673075223,1.45e-07,0.7,9.374005321184017,0.6160000000000002,0.154355756058074,1.74398976562335e-09,1.514335801876347e-10
9.41431052805462,31.30238412926812,1.45e-07,0.7,11.1871692863153,0.6380000000000002,0.1694549744621817,1.773875022662345e-09,1.51937986272733e-10
8.566531231865646,38.13508691167479,1.45e-07,0.7,13.14772431067878,0.6600000000000003,0.1848318934244508,1.7991905176883471e-09,1.524468085347389e-10
7.806228858293027,45.6448157283731,1.45e-07,0.7,15.24483767964138,0.6820000000000003,0.2003611481043734,1.820614845031329e-09,1.529564729967013e-10
7.129037530705749,53.77696187362739,1.45e-07,0.7,17.46897285548047,0.7040000000000003,0.2159485384294637,1.838751736191707e-09,1.534642325862146e-10
6.528062574199191,62.47444405575594,1.45e-07,0.7,19.81207025349276,0.7260000000000003,0.2315264781230424,1.854126013792335e-09,1.539685218123326e-10
5.995352607085876,71.68049777737036,1.45e-07,0.7,22.26752761116768,0.7480000000000003,0.2470487640214242,1.867186446650306e-09,1.544691697458579e-10
5.522855650902449,81.34034967520424,1.45e-07,0.7,24.83008865893088,0.7700000000000004,0.2624856468416855,1.878312288123896e-09,1.5496744296961038e-10
5.102968046055098,91.40209912198434,1.45e-07,0.7,27.49570415181617,0.7920000000000004,0.2778196378855404,1.887821379075049e-09,1.554659354930981e-10
4.728802415103051,101.8170859481416,1.45e-07,0.7,30.26139792299144,0.8140000000000004,0.2930421548191556,1.895978532892049e-09,1.5596835624473148e-10
4.394279737196195,112.5399514486946,1.45e-07,0.7,33.12515201646659,0.8360000000000004,0.3081509432107716,1.903003497597363e-09,1.564792764760401e-10
4.094120767662523,123.5285322550006,1.45e-07,0.7,36.0858153253828,0.8580000000000004,0.3231481465283187,1.9090781570732822e-09,1.5700389099079338e-10
3.823785888491821,134.7436743318363,1.45e-07,0.7,39.14303591307282,0.8800000000000004,0.3380388877275053,1.914352849636268e-09,1.5754782784167148e-10
3.579393218460611,146.1490180450695,1.45e-07,0.7,42.29721587219572,0.9020000000000004,0.3528302402355896,1.918951800813913e-09,1.581170209022719e-10
3.357631928137766,157.7107818372031,1.45e-07,0.7,45.54948775083118,0.9240000000000004,0.3675304885974863,1.922977727463063e-09,1.587176445955579e-10
3.155679627589543,169.3975578224023,1.45e-07,0.7,48.90171250348916,0.9460000000000004,0.382148601438451,1.926515697601412e-09,1.5935610169898201e-10
2.97112788913594,181.1801244304538,1.45e-07,0.7,52.35650028352482,0.9680000000000004,0.3966938586090606,1.929636339353691e-09,1.6003905239190638e-10
2.801917252203697,193.0312768026895,1.45e-07,0.7,55.91725709011091,0.9900000000000004,0.4111755896713685,1.932398491538014e-09,1.6077347345171169e-10
2.646281616676102,204.9256734350191,1.45e-07,0.7,59.58826235911147,1.012,0.4256029925426037,1.934851382273614e-09,1.615667388510026e-10
2.502701237464009,216.8396965947772,1.45e-07,0.7,63.37478516165427,1.034,0.4399850097652989,1.937036413262721e-09,1.624267157083067e-10
2.369863259422723,228.7513237090759,1.45e-07,0.7,67.28324990739947,1.056,0.454330246188149,1.93898861770632e-09,1.6336187195339118e-10
2.246628682496904,240.6400068763195,1.45e-07,0.7,71.321466504124,1.078000000000001,0.4686469164039413,1.940737850145849e-09,1.6438139395476128e-10
2.132004708612687,252.4865576835033,1.45e-07,0.7,75.49894489303043,1.1,0.4829428135664561,1.942309757459727e-09,1.654953137148566e-10
23.57328812724605,7.196984884074139e-06,1.45e-07,0.8,3.150301536366483e-06,0.0,0.0480286012229963,5.752124443172539e-10,1.436866357471555e-10
24.61960268083434,0.2962681522494488,1.45e-07,0.8,0.1686312208827953,0.352,0.0511496519635924,9.10553099699562e-10,1.457919322529386e-10
23.07296537442437,0.500588298144215,1.45e-07,0.8,0.2774546510826097,0.3740000000000001,0.0531437221438355,9.966437534216931e-10,1.460000511049228e-10
21.60911693255851,0.8181604119983042,1.45e-07,0.8,0.4388896042855627,0.3960000000000001,0.0560397611108366,1.086757233271609e-09,1.4622315775244468e-10
20.27126630109052,1.296562101739948,1.45e-07,0.8,0.6689961660016229,0.4180000000000001,0.0600340076634925,1.1777975367403581e-09,1.4646241105812508e-10
19.05488245597891,1.99784342326464,1.45e-07,0.8,0.98577412041109,0.4400000000000001,0.0652939653886666,1.266837726201071e-09,1.467189217314424e-10
17.92127310848878,3.000098162227698,1.45e-07,0.8,1.408573451018201,0.4620000000000001,0.0719439734578169,1.351420513165535e-09,1.469937333687e-10
16.82159160687079,4.396123519239381,1.45e-07,0.8,1.956727531558024,0.4840000000000002,0.0800513683743221,1.429737336272879e-09,1.472878013277526e-10
15.71872456781459,6.287742690591275,1.45e-07,0.8,2.647433872659267,0.5060000000000001,0.0896142081898029,1.500675904473811e-09,1.4760196443199788e-10
14.59882865438455,8.775927753527059,1.45e-07,0.8,3.493462484437857,0.5280000000000001,0.1005561388103914,1.5637609053421302e-09,1.479369041536971e-10
13.47086772825873,11.94894298447046,1.45e-07,0.8,4.501544438437589,0.5500000000000002,0.1127336075203409,1.619029854213045e-09,1.482930867002e-10
12.3580773027795,15.87200777109534,1.45e-07,0.8,5.672038506425557,0.5720000000000002,0.1259553302560982,1.6668858506857401e-09,1.4867068540350229e-10
11.28743040095016,20.58145851775496,1.45e-07,0.8,6.999870304919161,0.5940000000000002,0.1400082675974227,1.707958109592511e-09,1.4906948417802968e-10
10.28170991730521,26.08440591129925,1.45e-07,0.8,8.476227795177364,0.6160000000000002,0.1546824304549975,1.742987333790111e-09,1.494887678712829e-10
9.355776436497557,32.36280364159531,1.45e-07,0.8,10.09036947080898,0.6380000000000002,0.1697889899554142,1.772741458601522e-09,1.499272122854443e-10
8.516294110898105,39.37979786511551,1.45e-07,0.8,11.83109919623487,0.6600000000000003,0.1851699585470826,1.7979599283853602e-09,1.5038279504604128e-10
7.763344737417006,47.08635381661247,1.45e-07,0.8,13.68774854807844,0.6820000000000003,0.2007006750629673,1.819321165592259e-09,1.5085275652953788e-10
7.092589352631312,55.42690463552722,1.45e-07,0.8,15.65071076589015,0.7040000000000003,0.2162875673164865,1.837427063752677e-09,1.5133364410737938e-10
6.497211258421866,64.34354763663717,1.45e-07,0.8,17.71165266901261,0.7260000000000003,0.2318635695039294,1.852798950676216e-09,1.518214680815786e-10
5.96935893547663,73.77883352001872,1.45e-07,0.8,19.86353172077628,0.7480000000000003,0.2473828889188973,1.865880634458982e-09,1.523119798342228e-10
5.501084168853447,83.67743099319023,1.45e-07,0.8,22.10051341668558,0.7700000000000004,0.2628160888896771,1.877045348512798e-09,1.528010524337762e-10
5.084881158806188,93.9869952780906,1.45e-07,0.8,24.41784906038093,0.7920000000000004,0.2781459129540543,1.886604426135215e-09,1.5328510938278828e-10
4.713949996849548,104.6585226270526,1.45e-07,0.8,26.81174713822656,0.8140000000000004,0.2933639481937234,1.894816307904245e-09,1.537615228962849e-10
4.382287398291266,115.6463995038481,1.45e-07,0.8,29.27925426726364,0.8360000000000004,0.3084680620747737,1.901895046103843e-09,1.5422890283472338e-10
4.084678469657844,126.9082865352891,1.45e-07,0.8,31.81815187269785,0.8580000000000004,0.323460484807596,1.908017869545452e-09,1.5468722472079618e-10
3.816637703135604,138.4049245419127,1.45e-07,0.8,34.42686973265897,0.8800000000000004,0.338346400472017,1.913331649261612e-09,1.5513778944882009e-10
3.574328516939948,150.0999134676526,1.45e-07,0.8,37.10441530099799,0.9020000000000004,0.3531329251440304,1.917958284739062e-09,1.55583049326211e-10
3.354478019181293,161.9594915833422,1.45e-07,0.8,39.8503169875022,0.9240000000000004,0.3678283727876652,1.9219991287820603e-09,1.5602635917661268e-10
3.1542957386891,173.9523281469867,1.45e-07,0.8,42.66457958436153,0.9460000000000004,0.3824417320190936,1.925538605638347e-09,1.5647171282678148e-10
2.971400341152378,186.0493345930234,1.45e-07,0.8,45.54765037181675,0.9680000000000004,0.3969822959809297,1.928647173646896e-09,1.5692351049961819e-10
2.803755676437147,198.2234949856402,1.45e-07,0.8,48.50039491423284,0.9900000000000004,0.411459402774649,1.931383761066237e-09,1.5738638182232828e-10
2.649616083787693,210.4497143676224,1.45e-07,0.8,51.52408208535455,1.012,0.4258822554844128,1.933797776811174e-09,1.5786507077315549e-10
2.507480198072063,222.704682790102,1.45e-07,0.8,54.6203784163315,1.034,0.440259799420296,1.935930774383478e-09,1.583643768621265e-10
2.376052231225564,234.9667526272122,1.45e-07,0.8,57.7913524553793,1.056,0.4546006404801878,1.937817829667919e-09,1.5888914127496719e-10
2.254209656083897,247.2158269163641,1.45e-07,0.8,61.03949049810403,1.078000000000001,0.4689129930587463,1.939488680875728e-09,1.5944426580249058e-10
2.140976282925296,259.4332567243233,1.45e-07,0.8,64.36772584258895,1.1,0.4832046491831705,1.940968670220747e-09,1.6003475402353058e-10
21.47854142306855,8.371136739342614e-06,1.45e-07,0.9,2.983213892123596e-06,0.0,0.0480286531835384,5.748296205841043e-10,1.4331172811336568e-10
24.5631785929736,0.3127091574418132,1.45e-07,0.9,0.1606229792638601,0.352,0.051173389644458,9.11042963875644e-10,1.450350824611362e-10
23.00327234542556,0.5276361721728584,1.45e-07,0.9,0.2642215548200091,0.3740000000000001,0.0531792288817396,9.971709138733906e-10,1.4519857913163947e-10
21.52648808239683,0.8609226135116117,1.45e-07,0.9,0.4175138624626804,0.3960000000000001,0.0560900803034882,1.087273746573324e-09,1.453728642975244e-10
20.17744539960213,1.361677287201692,1.45e-07,0.9,0.6351408683858847,0.4180000000000001,0.0601018875093091,1.178255031212527e-09,1.455587826672699e-10
18.95287000289868,2.093649031071358,1.45e-07,0.9,0.9331880277677465,0.4400000000000001,0.0653816248486348,1.2671925517712e-09,1.457571704826738e-10
17.81487542745453,3.136741698009289,1.45e-07,0.9,1.328652310704174,0.4620000000000001,0.0720528925525606,1.351637426649093e-09,1.459688560597348e-10
16.71483347418999,4.585547877012525,1.45e-07,0.9,1.838285409391015,0.4840000000000002,0.0801820787129494,1.429791261159182e-09,1.461946633863071e-10
15.6152857856484,6.543477018211656,1.45e-07,0.9,2.476809682518908,0.5060000000000001,0.0897661406178999,1.500551905029663e-09,1.464354159214482e-10
14.50162567688053,9.112668013839617,1.45e-07,0.9,3.254981675469364,0.5280000000000001,0.1007276245993153,1.563452914700849e-09,1.4669193731358248e-10
13.38184860871456,12.38198434494884,1.45e-07,0.9,4.178216908426732,0.5500000000000002,0.1129220796275311,1.618538816045084e-09,1.4696504575438167e-10
12.27823021952248,16.41664600718437,1.45e-07,0.9,5.246287300515957,0.5720000000000002,0.1261576765990013,1.666217835518737e-09,1.4725553888756838e-10
11.21694581206619,21.25247784414766,1.45e-07,0.9,6.454106281967468,0.5940000000000002,0.1402212254214134,1.7071227673086921e-09,1.47564166402557e-10
10.22021163227584,26.89572407824106,1.45e-07,0.9,7.793185299542503,0.6160000000000002,0.1549029157161864,1.741996841322725e-09,1.4789158761891068e-10
9.302549491009277,33.32728619216465,1.45e-07,0.9,9.253221543395377,0.6380000000000002,0.1700143067107611,1.771609965666321e-09,1.482383116705431e-10
8.470468148393879,40.50921184678393,1.45e-07,0.9,10.82342543787766,0.6600000000000003,0.1853978878044736,1.796703402401588e-09,1.4860461868518027e-10
7.724020735862935,48.39141564817806,1.45e-07,0.9,12.4934318644117,0.6820000000000003,0.2009294741200301,1.817957477991556e-09,1.489904621333138e-10
7.058915585082697,56.91738012108374,1.45e-07,0.9,14.25381592597213,0.7040000000000003,0.2165159175535188,1.835976130339685e-09,1.493953558720292e-10
6.46842144192393,66.02837341188926,1.45e-07,0.9,16.09631337663538,0.7260000000000003,0.2320905033073111,1.8512827337310941e-09,1.498182548063042e-10
5.944785684274235,75.6662409613635,1.45e-07,0.9,18.01385451952906,0.7480000000000003,0.2476077151713044,1.864322838615477e-09,1.5025744553396202e-10
5.480158095207201,85.77506261507263,1.45e-07,0.9,20.0004972566641,0.7700000000000004,0.2630383268635946,1.875470704176795e-09,1.50710471780363e-10
5.067122695999184,96.30200944773144,1.45e-07,0.9,22.05131594476369,0.7920000000000004,0.2783652380933248,1.885037553826909e-09,1.5117412616309088e-10
4.698958307763249,107.1976857138584,1.45e-07,0.9,24.16227896993372,0.8140000000000004,0.2935801497834082,1.893280277724804e-09,1.5164454041288838e-10
4.369728821090487,118.4161662132838,1.45e-07,0.9,26.33013187186089,0.8360000000000004,0.3086810112496456,1.900409853934034e-09,1.5211739566591057e-10
4.07427573523863,129.9148698347217,1.45e-07,0.9,28.55229319351454,0.8580000000000004,0.3236701109004399,1.906599105212896e-09,1.5258825039368438e-10
3.808160442484176,141.6543567449458,1.45e-07,0.9,30.82676499215233,0.8800000000000004,0.3385526737899799,1.911989605900819e-09,1.5305294979592618e-10
3.567585185771155,153.5980999549358,1.45e-07,0.9,33.15205740872099,0.9020000000000004,0.3533358445565636,1.91669765756572e-09,1.5350804867818748e-10
3.349309172611794,165.7122584613865,1.45e-07,0.9,35.52712567201648,0.9240000000000004,0.3680279568469196,1.920819311194402e-09,1.5395116535942948e-10
3.150568505620242,177.965464961877,1.45e-07,0.9,37.95131768001435,0.9460000000000004,0.3826380126400878,1.924434461147751e-09,1.5438119709434928e-10
2.969003924804615,190.3286330531278,1.45e-07,0.9,40.42433043542133,0.9680000000000004,0.397175313960232,1.927610084501645e-09,1.5479836472425968e-10
2.80259771402412,202.774784511299,1.45e-07,0.9,42.94617389219266,0.9900000000000004,0.4116492046212583,1.930402743156871e-09,1.5520409995175488e-10
2.649619717557601,215.2788952015064,1.45e-07,0.9,45.51714108427973,1.012,0.4260688911830152,1.932860492652933e-09,1.5560082378669568e-10
2.508581733558644,227.8177573495796,1.45e-07,0.9,48.13778370914358,1.034,0.4404433208545421,1.935024343711486e-09,1.5599167822454458e-10
2.378199282103011,240.3698557672881,1.45e-07,0.9,50.80889261175589,1.056,0.4547811003214681,1.93692940331248e-09,1.563802660260093e-10
2.257359696789216,252.9152557980981,1.45e-07,0.9,53.53148286158987,1.078000000000001,0.469090443981817,1.9386057917655403e-09,1.5677043457573078e-10
2.145095549762453,265.4355010521356,1.45e-07,0.9,56.30678334542225,1.1,0.4833791433097633,1.940079401423802e-09,1.571661192855092e-10
19.31436146879697,9.810152889254375e-06,1.45e-07,1.0,2.866331591652088e-06,0.0,0.0480286893348938,5.745023926169116e-10,1.429899451678156e-10
24.51434248235964,0.3284749925431167,1.45e-07,1.0,0.1549766328497831,0.352,0.0511898129048004,9.112944689289091e-10,1.444292363106577e-10
22.94132956545602,0.5535654511611381,1.45e-07,1.0,0.2548352178106248,0.3740000000000001,0.0532037769910994,9.97445970167982e-10,1.445606909243292e-10
21.45147197304528,0.9018716304875478,1.45e-07,1.0,0.4022315898433481,0.3960000000000001,0.0561248450588337,1.08753921476972e-09,1.4470000730200528e-10
20.09095113865742,1.423908898086991,1.45e-07,1.0,0.6107121717272704,0.4180000000000001,0.060148754263614,1.178477474270421e-09,1.448477705661572e-10
18.85789305456088,2.184956098028224,1.45e-07,1.0,0.894874054534922,0.4400000000000001,0.0654421115191552,1.267341745442525e-09,1.450045595766783e-10
17.71529532548321,3.266518988877561,1.45e-07,1.0,1.269871340390424,0.4620000000000001,0.0721280050193684,1.35168884417425e-09,1.4517095081586178e-10
16.61474535260588,4.764756062881816,1.45e-07,1.0,1.7504126648577,0.4840000000000002,0.0802721666963304,1.429727217135778e-09,1.453475259928831e-10
15.51837870367923,6.784441199038462,1.45e-07,1.0,2.349226808383599,0.5060000000000001,0.0898707939633884,1.500361455960278e-09,1.4553488163144828e-10
14.41074925138916,9.428696952133333,1.45e-07,1.0,3.075396929200293,0.5280000000000001,0.1008456763204804,1.563130886780476e-09,1.4573363874891619e-10
13.29883198001895,12.78686276552084,1.45e-07,1.0,3.933177396267319,0.5500000000000002,0.1130517468911988,1.618084411759882e-09,1.4594445092429778e-10
12.20393179817618,16.92409986020537,1.45e-07,1.0,4.921739034496238,0.5720000000000002,0.1262968055810919,1.6656332034911641e-09,1.4616800937726119e-10
11.15145090495757,21.87571408153201,1.45e-07,1.0,6.035865920947082,0.5940000000000002,0.1403675632114923,1.706411786366355e-09,1.464050439366725e-10
10.16308150978034,27.64710806647179,1.45e-07,1.0,7.267252598917704,0.6160000000000002,0.1550543364414837,1.741164238119975e-09,1.4665631884245768e-10
9.253050368618108,34.21816959460109,1.45e-07,1.0,8.605933367422335,0.6380000000000002,0.17016895454461,1.770660789720678e-09,1.4692262217389528e-10
8.427745578618797,41.54988694877791,1.45e-07,1.0,10.04149378267497,0.6600000000000003,0.1855542369700069,1.795642828522984e-09,1.472047473753724e-10
7.687214177258586,49.59115702038248,1.45e-07,1.0,11.56391559520149,0.6820000000000003,0.2010863275166904,1.81679088359998e-09,1.4750346493842748e-10
7.027223367900016,58.28453607492017,1.45e-07,1.0,13.16406395730076,0.7040000000000003,0.2166723702071279,1.834709389573462e-09,1.4781948190924729e-10
6.44113079245046,67.57047892606708,1.45e-07,1.0,14.83390112748391,0.7260000000000003,0.2322458917155687,1.849922668825171e-09,1.4815338669144028e-10
5.921281002141359,77.39013400578789,1.45e-07,1.0,16.56652333972595,0.7480000000000003,0.247761565845511,1.862877763145128e-09,1.485055768650005e-10
5.459917215725227,87.68699398493612,1.45e-07,1.0,18.35609953787214,0.7700000000000004,0.2631903107662139,1.873950978584118e-09,1.488761688273348e-10
5.049707475371776,98.407741701964,1.45e-07,1.0,20.19776548049172,0.7920000000000004,0.2785151333187195,1.883456052797062e-09,1.4926489048222588e-10
4.68400327525774,109.5025800362583,1.45e-07,1.0,22.08750513715113,0.8140000000000004,0.293727812449754,1.891652649278382e-09,1.496709624826088e-10
4.356929906929818,120.925257686355,1.45e-07,1.0,24.02203618070763,0.8360000000000004,0.3088263535171565,1.898754445160076e-09,1.5009297996558818e-10
4.063380022695776,132.6329323431555,1.45e-07,1.0,25.99870704013097,0.8580000000000004,0.3238130847309432,1.904936455170215e-09,1.505288148872383e-10
3.7989572919646,144.5859589325623,1.45e-07,1.0,28.01540776275831,0.8800000000000004,0.3386932591278758,1.910341472518093e-09,1.509755672106755e-10
3.559898764261868,156.7476536095077,1.45e-07,1.0,30.0704943211096,0.9020000000000004,0.3534740408172638,1.915085647239957e-09,1.5142959776311318e-10
3.342992274387536,169.0840605468495,1.45e-07,1.0,32.16272488694961,0.9240000000000004,0.3681637768324731,1.919263291658656e-09,1.5188667161404528e-10
3.145497494380128,181.563734332911,1.45e-07,1.0,34.29120628116185,0.9460000000000004,0.3827714782130526,1.922951020046633e-09,1.5234222407548988e-10
2.965074618801754,194.1575427120335,1.45e-07,1.0,36.45534887854047,0.9680000000000004,0.3973064529801058,1.926211311075813e-09,1.527917319291207e-10
2.799722048973545,206.8384901259773,1.45e-07,1.0,38.65482847433853,0.9900000000000004,0.4117780487821555,1.929095544924567e-09,1.5323113778642408e-10
2.647723044050378,219.5815604781619,1.45e-07,1.0,40.88955388801918,1.012,0.4261954744918602,1.931646532629755e-09,1.536572498493602e-10
2.507600629108807,232.3635767620124,1.45e-07,1.0,43.15963933530613,1.034,0.4405676785629636,1.933900541460634e-09,1.5406803696285278e-10
2.378079779779001,245.1630750817492,1.45e-07,1.0,45.4653808218813,1.056,0.4549032681782465,1.935888833539624e-09,1.544627643232366e-10
2.258055851595331,257.9601907794525,1.45e-07,1.0,47.80723599710013,1.078000000000001,0.4692104577110232,1.93763876710518e-09,1.548419588116574e-10
2.146568280060677,270.7365547089309,1.45e-07,1.0,50.18580705793514,1.1,0.4834970382472163,1.93917454245101e-09,1.5520723584397658e-10
17.0424539777963,1.166682208223626e-05,1.45e-07,1.1,2.786397052455954e-06,0.0,0.048028715106477,5.74218658696961e-10,1.4271006239628648e-10
23.2664602702006,1.770181569731473e-05,1.45e-07,1.1,5.77416084243878e-06,0.022,0.048028777310666,5.687889204702879e-10,1.4276850454064458e-10
24.47071555958561,0.3437694290897462,1.45e-07,1.1,0.1510487021804114,0.352,0.0512014755655911,9.114045833703535e-10,1.4393335589536908e-10
22.88485353430197,0.578707658745015,1.45e-07,1.1,0.2482418721885915,0.3740000000000001,0.0532212001962903,9.975715497200723e-10,1.4404140204484218e-10
21.38198141825819,0.9415320961749388,1.45e-07,1.1,0.3913655138051116,0.3960000000000001,0.0561495068643996,1.087656814209636e-09,1.441553041944994e-10
20.00991592625382,1.484067829538094,1.45e-07,1.1,0.5931052798787502,0.4180000000000001,0.0601819846008461,1.178563463824399e-09,1.4427546834871739e-10
18.76825800966465,2.272991412932038,1.45e-07,1.1,0.8668773141615232,0.4400000000000001,0.0654849781848237,1.267374787018528e-09,1.444022913983881e-10
17.62093370964332,3.391246049385956,1.45e-07,1.1,1.226361925417716,0.4620000000000001,0.0721812111271974,1.351651635003142e-09,1.4453616470621779e-10
16.51974977683666,4.936372844466152,1.45e-07,1.1,1.684616268762599,0.4840000000000002,0.0803359487172788,1.429607279268158e-09,1.4467748087784377e-10
15.42640944080605,7.014329732744911,1.45e-07,1.1,2.252729621418438,0.5060000000000001,0.0899448490322804,1.500151041540758e-09,1.448266424577753e-10
14.32459349125549,9.729069341312634,1.45e-07,1.1,2.938368960521382,0.5280000000000001,0.1009291657518899,1.562826260887208e-09,1.4498407123751768e-10
13.22023639783577,13.17029772254405,1.45e-07,1.1,3.74475585738009,0.5500000000000002,0.1131433974994615,1.617684830384701e-09,1.45150217100044e-10
12.13367488524687,17.40305746769247,1.45e-07,1.1,4.670469043210091,0.5720000000000002,0.1263950841100102,1.665139855536452e-09,1.4532556568233438e-10
11.08955926185065,22.46211851356401,1.45e-07,1.1,5.710095408729715,0.5940000000000002,0.1404708691938328,1.705826873396532e-09,1.455106444564375e-10
10.10908721392394,28.35205486403678,1.45e-07,1.1,6.855420351285632,0.6160000000000002,0.1551611620075303,1.740490272212282e-09,1.4570602701628188e-10
9.20621857492346,35.05176984509389,1.45e-07,1.1,8.096739965001499,0.6380000000000002,0.1702779850359558,1.769900122538766e-09,1.459123353927395e-10
8.387242047710663,42.5212275319852,1.45e-07,1.1,9.42397813465614,0.6600000000000003,0.1856643927223969,1.794797387921481e-09,1.461302401261123e-10
7.652211626171914,50.70834184791852,1.45e-07,1.1,10.8274695337321,0.6820000000000003,0.2011967622966733,1.8158620812023402e-09,1.4636045763298528e-10
6.996959349696288,59.55477399005789,1.45e-07,1.1,12.2984125921843,0.7040000000000003,0.2167824449107218,1.833698164592703e-09,1.4660374413260228e-10
6.414932658509684,69.00019192209588,1.45e-07,1.1,13.82906736832441,0.7260000000000003,0.232355138236337,1.848829641985191e-09,1.4686088505644658e-10
5.898571071931586,78.98506867569785,1.45e-07,1.1,15.41278686045202,0.7480000000000003,0.2478696504908802,1.861703484421919e-09,1.4713267846333658e-10
5.440207433327256,89.4523266971815,1.45e-07,1.1,17.04395510379303,0.7700000000000004,0.2632970019258373,1.872696260152254e-09,1.4741991054337418e-10
5.03258939236061,100.34817317888,1.45e-07,1.1,18.71788260205562,0.7920000000000004,0.2786202750158079,1.882122381709984e-09,1.477233208692826e-10
4.669136699429486,111.6224181170401,1.45e-07,1.1,20.43068959819621,0.8140000000000004,0.2938313037316362,1.890242671160002e-09,1.480435547478897e-10
4.344031942742122,123.2284886973269,1.45e-07,1.1,22.179193404429,0.8360000000000004,0.3089281329039193,1.897272498950467e-09,1.4838110002666768e-10
4.052215272846928,135.123282228883,1.45e-07,1.1,23.96080706489491,0.8580000000000004,0.3239131187341999,1.903389118991621e-09,1.4873620632558828e-10
3.78932946367673,147.2669455214657,1.45e-07,1.1,25.7734515710287,0.8800000000000004,0.3387915339011389,1.908738053426785e-09,1.491087863305155e-10
3.551643658280947,159.6226313506878,1.45e-07,1.1,27.61548128981664,0.9020000000000004,0.3535705561474237,1.9134385184460304e-09,1.4949830203057008e-10
3.335972016915205,172.1562589078452,1.45e-07,1.1,29.4856211612699,0.9240000000000004,0.368258541848328,1.917587960500592e-09,1.4990364407001508e-10
3.139595833287876,184.836290869724,1.45e-07,1.1,31.38291389949134,0.9460000000000004,0.3828645083371958,1.921265813609681e-09,1.5032301975348078e-10
2.960193105770283,197.6335316508451,1.45e-07,1.1,33.30667548989044,0.9680000000000004,0.3973977677733096,1.924536607805765e-09,1.507538737359069e-10
2.795776946741968,210.5209471462835,1.45e-07,1.1,35.25645749022259,0.9900000000000004,0.4118676704246539,1.927452563730386e-09,1.5119287247769078e-10
2.644642821288333,223.4735042636482,1.45e-07,1.1,37.23201489981669,1.012,0.4262834267171822,1.930055800986394e-09,1.51635984814813e-10
2.505323928924486,236.4680277879115,1.45e-07,1.1,39.23327860558908,1.034,0.4406539859123516,1.932380266898632e-09,1.5207868148453608e-10
2.376553769173643,249.4830720253544,1.45e-07,1.1,41.26033162404388,1.056,0.4549879554814641,1.934453457255861e-09,1.525162533906958e-10
2.257234877244812,262.4988048870681,1.45e-07,1.1,43.31338853082481,1.078000000000001,0.4692935497267009,1.936297955843865e-09,1.5294421505571788e-10
2.146412770864066,275.4969024062453,1.45e-07,1.1,45.39277760642081,1.1,0.4835785594152336,1.937932776801231e-09,1.533587272001012e-10
24.90632316830748,0.169893150790318,2.45e-07,0.1,0.3817325114801211,0.352,0.0501273067759869,1.520305150935864e-09,2.0265591417427587e-10
23.4977049109539,0.2893202399194399,2.45e-07,0.1,0.6376679898809311,0.3740000000000001,0.0529054942006027,1.677342355562859e-09,2.2221725545044338e-10
22.13293844982758,0.4778877279195501,2.45e-07,0.1,1.043773055737618,0.3960000000000001,0.0568542184225528,1.836241686830181e-09,2.487196467617188e-10
20.79818625314225,0.7663005161520746,2.45e-07,0.1,1.687205576811582,0.4180000000000001,0.0621721178154959,1.99252385547479e-09,2.8442752648866703e-10
19.45198642846008,1.193162998185758,2.45e-07,0.1,2.719406274353454,0.4400000000000001,0.068997795501753,2.142698067423101e-09,3.3218006016703004e-10
18.04655046834901,1.802546279909014,2.45e-07,0.1,4.416967655201513,0.4620000000000001,0.0773973423809523,2.284498835490353e-09,3.9536534473851657e-10
16.54638785627112,2.637582382235573,2.45e-07,0.1,7.277016687154411,0.4840000000000002,0.0873589224880433,2.416864416543904e-09,4.777275876189532e-10
14.94737256387505,3.729920495670751,2.45e-07,0.1,12.07213188046542,0.5060000000000001,0.0987951655540052,2.539701736071874e-09,5.829189805640827e-10
13.29660934572167,5.088649109190195,2.45e-07,0.1,19.66308282973764,0.5280000000000001,0.1115555814892746,2.653517755992466e-09,7.137588103119551e-10
11.68651282859566,6.696391864895123,2.45e-07,0.1,30.5412344851065,0.5500000000000002,0.1254480334305842,2.759016850087081e-09,8.713047997609019e-10
10.20818371749452,8.516513738924665,2.45e-07,0.1,44.56968203923434,0.5720000000000002,0.1402640221008711,2.856771371177944e-09,1.054042649486878e-09
8.911031896762289,10.50509932159502,2.45e-07,0.1,61.19679047773005,0.5940000000000002,0.1558012899247562,2.947053959587209e-09,1.257611679632778e-09
7.802275575989041,12.61969981655179,2.45e-07,0.1,79.7868806923861,0.6160000000000002,0.1718794673625716,3.029859727501991e-09,1.475332848355976e-09
6.865605554017811,14.82322943141484,2.45e-07,0.1,99.78729682595603,0.6380000000000002,0.1883478567726815,3.105063473153178e-09,1.6994093718081921e-09
6.076577995080561,17.08488609636038,2.45e-07,0.1,120.7614317173831,0.6600000000000003,0.205086869666854,3.1726058011367904e-09,1.9223164396265903e-09
5.410490931093114,19.37976359320735,2.45e-07,0.1,142.3736940471224,0.6820000000000003,0.2220054893482813,3.2326176249869603e-09,2.137866008574909e-09
4.845426533704488,21.6880042807481,2.45e-07,0.1,164.366756924226,0.7040000000000003,0.2390368806712011,3.285451924611342e-09,2.341698918006978e-09
4.363006802229926,23.99387115063427,2.45e-07,0.1,186.5420451265237,0.7260000000000003,0.2561335925515502,3.331644062900138e-09,2.531262744043034e-09
3.948229967382292,26.28489992188197,2.45e-07,0.1,208.7448546905431,0.7480000000000003,0.273263143661397,3.371840659774361e-09,2.705487482085701e-09
3.589003724691812,28.55118819969092,2.45e-07,0.1,230.8533655356397,0.7700000000000004,0.2904043163165043,3.406729102498082e-09,2.864365460076938e-09
3.275629721810059,30.7848285677476,2.45e-07,0.1,252.7706027858551,0.7920000000000004,0.3075442127292753,3.43698363334686e-09,3.008564449252457e-09
3.000334454209795,32.9794702345535,2.45e-07,0.1,274.4185687275038,0.8140000000000004,0.3246759979019135,3.463231306235928e-09,3.1391268581345243e-09
2.756874375367407,35.12998641873865,2.45e-07,0.1,295.733956693981,0.8360000000000004,0.3417972079143083,3.486034684371973e-09,3.257260375838296e-09
2.540215896973097,37.23222454190997,2.45e-07,0.1,316.6650117732997,0.8580000000000004,0.3589085000667838,3.505886307996037e-09,3.364204467578396e-09
2.346281212348325,39.28281926668522,2.45e-07,0.1,337.169219901412,0.8800000000000004,0.3760127373371944,3.5232103981248763e-09,3.461152237115574e-09
2.171748500704808,41.2790522533098,2.45e-07,0.1,357.2115938441442,0.9020000000000004,0.3931143206994703,3.538368429847524e-09,3.5492094987123112e-09
2.013895638090815,43.21874617540077,2.45e-07,0.1,376.7633886917378,0.9240000000000004,0.4102187029441628,3.551666361947535e-09,3.629377322517426e-09
24.61346713948013,0.2029005052916016,2.45e-07,0.2,0.3050451982252794,0.352,0.0505953603757358,1.538751123227483e-09,1.61295349225368e-10
23.21742319031664,0.3433482883248473,2.45e-07,0.2,0.4945877116910492,0.3740000000000001,0.053588048786263,1.69239669941871e-09,1.6437562240033468e-10
21.88109592017092,0.5638017915292017,2.45e-07,0.2,0.7763834527193644,0.3960000000000001,0.0577952268958088,1.845647042900402e-09,1.683174993051853e-10
20.59350618626064,0.8994982030208805,2.45e-07,0.2,1.182039511285014,0.4180000000000001,0.0634052070673892,1.993812078700567e-09,1.7334914968330228e-10
19.32352303904013,1.395336892240961,2.45e-07,0.2,1.747572925544055,0.4400000000000001,0.0705430456449867,2.133194008712034e-09,1.797552849622123e-10
18.04244883527265,2.104667841362408,2.45e-07,0.2,2.511146128459213,0.4620000000000001,0.0792595673319584,2.261299308213641e-09,1.8789154599157817e-10
16.73893421083409,3.085575077977955,2.45e-07,0.2,3.511483371444463,0.4840000000000002,0.0895273088776186,2.376831395087944e-09,1.9820178433780228e-10
15.42226115452714,4.394923878117867,2.45e-07,0.2,4.790521556922545,0.5060000000000001,0.1012447614509021,2.479526710002412e-09,2.1123814553326178e-10
14.11609173461503,6.081479544113859,2.45e-07,0.2,6.405427296875478,0.5280000000000001,0.1142508307363054,2.569912402614101e-09,2.2768325415035007e-10
12.84794885793606,8.179811655820286,2.45e-07,0.2,8.456566171116878,0.5500000000000002,0.1283476327772638,2.649052153779645e-09,2.483727284431865e-10
11.63975573855065,10.70605923052066,2.45e-07,0.2,11.13928864781644,0.5720000000000002,0.1433258085598659,2.718322504859699e-09,2.743145488522211e-10
10.50274460709621,13.65541093379576,2.45e-07,0.2,14.821145123633,0.5940000000000002,0.1589860534938373,2.7792379262273972e-09,3.0669936701206406e-10
9.4382699003406,17.00051636300933,2.45e-07,0.2,20.10667037451816,0.6160000000000002,0.1751532202970975,2.8333252277906103e-09,3.4689281473169157e-10
8.444786490701377,20.69124169695183,2.45e-07,0.2,27.76440766236081,0.6380000000000002,0.1916826843656428,2.8820380932737882e-09,3.963979625524268e-10
7.526736041240101,24.65876380589212,2.45e-07,0.2,38.39711296717181,0.6600000000000003,0.2084607814806995,2.926699157528961e-09,4.5677491051378377e-10
6.695517451607145,28.82632395059559,2.45e-07,0.2,52.06147347041768,0.6820000000000003,0.2254017117396007,2.968458210611428e-09,5.295076386720999e-10
5.960629369834592,33.12236732610712,2.45e-07,0.2,68.2620706090008,0.7040000000000003,0.242442929879237,3.008259157564063e-09,6.158183962149557e-10
5.322506296761918,37.4885182842476,2.45e-07,0.2,86.28690924715117,0.7260000000000003,0.2595403483492376,3.0468139004135412e-09,7.164480330006646e-10
4.773332125181045,41.88054258955584,2.45e-07,0.2,105.4957155352631,0.7480000000000003,0.2766640392816438,3.084586771937271e-09,8.314431844938553e-10
4.301407262642638,46.26568671986983,2.45e-07,0.2,125.4127948027408,0.7700000000000004,0.2937946833892838,3.1217964135072103e-09,9.600079872116962e-10
3.894591061895021,50.61952633725038,2.45e-07,0.2,145.7087330642561,0.7920000000000004,0.3109207761461846,3.1584409912483104e-09,1.1004757289376051e-09
3.541954842176256,54.92349598078524,2.45e-07,0.2,166.1572740535263,0.8140000000000004,0.3280364975976288,3.194347065765913e-09,1.250427661406077e-09
3.234272795794108,59.16318798020259,2.45e-07,0.2,186.5996630761717,0.8360000000000004,0.3451401209219973,3.229234762357558e-09,1.406940529888683e-09
2.963979961695736,63.3272220733225,2.45e-07,0.2,206.9208755460618,0.8580000000000004,0.3622328386987639,3.2627863305503763e-09,1.566902972409838e-09
2.724945542776628,67.40649191170667,2.45e-07,0.2,227.0347970312682,0.8800000000000004,0.3793179037471168,3.294704791309047e-09,1.727324661324071e-09
2.512214661248518,71.39365325178093,2.45e-07,0.2,246.8750879510602,0.9020000000000004,0.3964000025450636,3.324753941547422e-09,1.885576125089348e-09
2.321774827168739,75.2827676561298,2.45e-07,0.2,266.3894756265909,0.9240000000000004,0.4134847987031909,3.352777596552651e-09,2.039529552919515e-09
2.150362028495906,79.06904779110387,2.45e-07,0.2,285.536097433717,0.9460000000000004,0.4305786000361462,3.378701370862905e-09,2.187603396380671e-09
24.36106208410164,0.2317565848002213,2.45e-07,0.3,0.2722802696914002,0.352,0.0509569724309598,1.557662222980523e-09,1.54950409014153e-10
22.95706195749969,0.3899681077477254,2.45e-07,0.3,0.4385750895333385,0.3740000000000001,0.0541102646215403,1.710944823526574e-09,1.5608750051784958e-10
21.61752769124395,0.6366698789891214,2.45e-07,0.3,0.6830140381483291,0.3960000000000001,0.0585087375962024,1.862935988360374e-09,1.5743701791586829e-10
20.32981898132679,1.009872183412341,2.45e-07,0.3,1.030162013228353,0.4180000000000001,0.0643327543504505,2.0090229892716712e-09,1.5904694808421278e-10
19.06279926220394,1.557529316479831,2.45e-07,0.3,1.506473607171861,0.4400000000000001,0.0716973128697638,2.145622698810156e-09,1.60973915236983e-10
17.78910407088107,2.336036311534576,2.45e-07,0.3,2.137343926349153,0.4620000000000001,0.080642099509845,2.270357784812514e-09,1.6328477651596548e-10
16.49932260931256,3.406200054459577,2.45e-07,0.3,2.943722986809229,0.4840000000000002,0.091128461164455,2.382019766534653e-09,1.66058697815723e-10
15.20461961743171,4.82716910516197,2.45e-07,0.3,3.939849764812647,0.5060000000000001,0.1030450544767759,2.480386222404718e-09,1.6938978505998478e-10
13.93029893985791,6.649872691700262,2.45e-07,0.3,5.133506586362043,0.5280000000000001,0.1162237519889985,2.565970415526559e-09,1.7339034173011308e-10
12.70580257180406,8.91187574192937,2.45e-07,0.3,6.529124253845252,0.5500000000000002,0.1304632425138362,2.639767401722736e-09,1.7819482383746648e-10
11.55625540990157,11.63489928744639,2.45e-07,0.3,8.133028694207129,0.5720000000000002,0.1455541799784114,2.703036156433127e-09,1.8396456310521588e-10
10.49801223359944,14.82506939056241,2.45e-07,0.3,9.960060708356549,0.5940000000000002,0.1612998048766028,2.7571341644987304e-09,1.9089331890317748e-10
9.537983974221154,18.47501720865956,2.45e-07,0.3,12.04179874828702,0.6160000000000002,0.1775288909894003,2.803404818533417e-09,1.9921368776610187e-10
8.675218374660808,22.56664623864658,2.45e-07,0.3,14.43808213713005,0.6380000000000002,0.1941011155165421,2.843109433701119e-09,2.0920433145608768e-10
7.903217237761956,27.07358063023002,2.45e-07,0.3,17.25473694289155,0.6600000000000003,0.2109068465320933,2.877392822101994e-09,2.211978620245402e-10
7.212074839623527,31.9626885072122,2.45e-07,0.3,20.67005266168887,0.6820000000000003,0.2278637387548947,2.907271818798122e-09,2.35589022588616e-10
6.590174971714402,37.19444650537186,2.45e-07,0.3,24.96714816877067,0.7040000000000003,0.2449120560939043,2.933638047468487e-09,2.5284250090882706e-10
6.025679711281659,42.72233475908132,2.45e-07,0.3,30.55280036606255,0.7260000000000003,0.2620099295564268,2.957268406220484e-09,2.734992897158905e-10
5.50822717202339,48.49212147949401,2.45e-07,0.3,37.9173804619514,0.7480000000000003,0.279129156259914,2.978838681751255e-09,2.9817996368398077e-10
5.030777433127313,54.44267305067082,2.45e-07,0.3,47.49292660119808,0.7700000000000004,0.2962517476143499,2.9989371816831304e-09,3.2758262237440655e-10
4.590498231306473,60.50974402710276,2.45e-07,0.3,59.45534596854967,0.7920000000000004,0.313367219257568,3.018076334825701e-09,3.6247266425837925e-10
4.187554691715403,66.63208063005872,2.45e-07,0.3,73.6262315613239,0.8140000000000004,0.3304705250392426,3.036700961842232e-09,4.036612118796718e-10
3.822587409873635,72.7568684893426,2.45e-07,0.3,89.56501875265738,0.8360000000000004,0.3475605157686079,3.055192509394221e-09,4.519692234583038e-10
3.494902609149316,78.84208748239904,2.45e-07,0.3,106.7536600508857,0.8580000000000004,0.3646388084078818,3.073869119049691e-09,5.081755327293861e-10
3.20218609022632,84.85589362947084,2.45e-07,0.3,124.7324333454047,0.8800000000000004,0.38170896451728,3.092982081285532e-09,5.729496331252647e-10
2.941096146677934,90.77460383839384,2.45e-07,0.3,143.1477010410314,0.9020000000000004,0.3987758948391039,3.112710016100497e-09,6.467739743132286e-10
2.70794997082516,96.58057948754092,2.45e-07,0.3,161.7454154282565,0.9240000000000004,0.415845426823866,3.1331528932732463e-09,7.29865210038672e-10
2.499181414511079,102.2605421621032,2.45e-07,0.3,180.3473745075867,0.9460000000000004,0.432923989323836,3.154328495565315e-09,8.221077829017473e-10
2.311564169962874,107.804379124761,2.45e-07,0.3,198.8283275931777,0.9680000000000004,0.4500183818449683,3.176173833244115e-09,9.230145306662217e-10
2.142283454480712,113.2043330332323,2.45e-07,0.3,217.0988701882509,0.9900000000000004,0.4671356051318505,3.198553158068531e-09,1.031726102759375e-09
24.16365900111371,0.2573952558667464,2.45e-07,0.4,0.2409541288893222,0.352,0.0512211140413917,1.570973640594959e-09,1.521490975816274e-10
22.74882941975362,0.431177268142613,2.45e-07,0.4,0.3865382587768986,0.3740000000000001,0.054489103840388,1.724241577279911e-09,1.528681487508784e-10
21.40247505949904,0.7006733285701467,2.45e-07,0.4,0.5988283992297132,0.3960000000000001,0.0590230986144691,1.875687589308114e-09,1.536612675303291e-10
20.11143623459118,1.106098332359472,2.45e-07,0.4,0.8975890622550379,0.4180000000000001,0.0649976944340977,2.020772976655424e-09,1.545393456696244e-10
18.84466881431673,1.697752922412921,2.45e-07,0.4,1.303639662830229,0.4400000000000001,0.0725207530769196,2.156016790853361e-09,1.5551601355935118e-10
17.57527017181771,2.534252972623928,2.45e-07,0.4,1.836483058114559,0.4620000000000001,0.0816241501188579,2.279148930407527e-09,1.5660811220576489e-10
16.29426364801913,3.678195174492791,2.45e-07,0.4,2.511611745293236,0.4840000000000002,0.0922614909031684,2.389054900510354e-09,1.578360919657383e-10
15.01284233831908,5.189875073173588,2.45e-07,0.4,3.33861037524165,0.5060000000000001,0.1043147668147979,2.485582205146907e-09,1.5922437738713049e-10
13.75575852548213,7.120720592801314,2.45e-07,0.4,4.320973922955416,0.5280000000000001,0.1176112403865518,2.569286251565289e-09,1.6080176138829208e-10
12.55145423291913,9.508361805075191,2.45e-07,0.4,5.457692697631645,0.5500000000000002,0.1319475293389285,2.641177728703874e-09,1.626018957112913e-10
11.42394307173685,12.37450379075039,2.45e-07,0.4,6.745818611245151,0.5720000000000002,0.1471145637857618,2.702508561075318e-09,1.6466393434887259e-10
10.38870713792834,15.72556521532488,2.45e-07,0.4,8.183035196544804,0.5940000000000002,0.1629175378829913,2.754610955771829e-09,1.6703337189542558e-10
9.452264929909507,19.55516457532002,2.45e-07,0.4,9.769664541994365,0.6160000000000002,0.1791880568814057,2.798788729526449e-09,1.697631066017529e-10
8.61388025590343,23.84731589369972,2.45e-07,0.4,11.51010518920508,0.6380000000000002,0.19578884252507,2.836252237013444e-09,1.7291475117617878e-10
7.867946401835407,28.57946476283804,2.45e-07,0.4,13.41407254946038,0.6600000000000003,0.2126130929948541,2.868085813162969e-09,1.765602125176463e-10
7.206154898275553,33.72491245944965,2.45e-07,0.4,15.49817527378679,0.6820000000000003,0.2295808702509005,2.895237350786983e-09,1.807835622891377e-10
6.619101660366868,39.25450807771259,2.45e-07,0.4,17.78843579458872,0.7040000000000003,0.2466343660551986,2.918521662866124e-09,1.8568322072725678e-10
6.097310639747184,45.13766818312267,2.45e-07,0.4,20.3244689733355,0.7260000000000003,0.2637331880329545,2.938631541602801e-09,1.91374473502119e-10
5.631791543182355,51.3428387040611,2.45e-07,0.4,23.16618538593429,0.7480000000000003,0.2808502242890993,2.956152403658504e-09,1.9799233288491547e-10
5.214275296091114,57.83749892600795,2.45e-07,0.4,26.40391199859927,0.7700000000000004,0.2979682691861834,2.971577933650091e-09,2.0569473666951167e-10
4.83725687066781,64.58777187235874,2.45e-07,0.4,30.17216763319378,0.7920000000000004,0.3150773917778384,2.985325215565239e-09,2.1466604726912067e-10
4.493960831158539,71.5576948546122,2.45e-07,0.4,34.66479007567742,0.8140000000000004,0.332172942256779,2.997748554171051e-09,2.2512076440960849e-10
4.178345663224503,78.70827324824688,2.45e-07,0.4,40.1431246516867,0.8360000000000004,0.3492540695737043,3.009151628856478e-09,2.373072925973719e-10
3.885258135234424,85.99664120493166,2.45e-07,0.4,46.92035801707472,0.8580000000000004,0.366322631282461,3.019797872556159e-09,2.515115042096116e-10
3.610769975209687,93.37594198246909,2.45e-07,0.4,55.30317566708226,0.8800000000000004,0.3833823956005371,3.029919092209407e-09,2.680597078264351e-10
3.352524412811773,100.7966307751131,2.45e-07,0.4,65.49430256302237,0.9020000000000004,0.4004384567190808,3.039722391218619e-09,2.87320470295381e-10
3.109739220675591,108.2093704222717,2.45e-07,0.4,77.50397207528334,0.9240000000000004,0.4174968044373414,3.049395451552882e-09,3.0970455689911466e-10
2.882675262828935,115.5686365705931,2.45e-07,0.4,91.13431585961146,0.9460000000000004,0.4345640067884783,3.059110207262324e-09,3.356620654022623e-10
2.671835522509671,122.8355492860747,2.45e-07,0.4,106.048437924643,0.9680000000000004,0.4516469773875915,3.0690249124558504e-09,3.656756782524508e-10
2.477360816907192,129.979007077303,2.45e-07,0.4,121.8708568449299,0.9900000000000004,0.4687528067638317,3.079284596358629e-09,4.002489148888707e-10
2.298829872645896,136.9752775300169,2.45e-07,0.4,138.2619983420375,1.012,0.4858886409779162,3.090019926991481e-09,4.39888426963787e-10
2.135353354148168,143.8067809341532,2.45e-07,0.4,154.9496089632294,1.034,0.5030615941758046,3.101344589608083e-09,4.850798384767875e-10
24.008847642062,0.2800860269517884,2.45e-07,0.5,0.2137405415702273,0.352,0.0514061231242074,1.5795089602959321e-09,1.500014269334495e-10
22.58143725990934,0.4675244701825318,2.45e-07,0.5,0.3419241000329463,0.3740000000000001,0.0547532004671089,1.732749321773697e-09,1.5055651880835118e-10
21.22626890530593,0.7568661558355504,2.45e-07,0.5,0.527574978512212,0.3960000000000001,0.0593801318249207,1.883842459932343e-09,1.5115890089692738e-10
19.93051219186312,1.190110376514867,2.45e-07,0.5,0.7868026846048956,0.4180000000000001,0.0654574999837503,2.028307425344235e-09,1.518097364643749e-10
18.66336713482831,1.819421896420666,2.45e-07,0.5,1.136305095167381,0.4400000000000001,0.0730882693972333,2.162737341874665e-09,1.525100509363777e-10
17.39797235180639,2.705151651909477,2.45e-07,0.5,1.591549368157625,0.4620000000000001,0.0822989974640221,2.2849371326122103e-09,1.5326119532066018e-10
16.125111350196,3.911266736538999,2.45e-07,0.5,2.164728082850579,0.4840000000000002,0.0930380693564816,2.393856826737669e-09,1.5406541126639877e-10
14.85539768331316,5.498902099568614,2.45e-07,0.5,2.863307755839312,0.5060000000000001,0.1051830480748398,2.4893919073358562e-09,1.5492641903471218e-10
13.61268240263555,7.519774813810204,2.45e-07,0.5,3.689827292760781,0.5280000000000001,0.118558206999773,2.572127997838815e-09,1.558499418183074e-10
12.42432837541765,10.01138443746777,2.45e-07,0.5,4.642965298598996,0.5500000000000002,0.1329589043983129,2.643090203124311e-09,1.568441003867737e-10
11.31330410861456,12.99509784258172,2.45e-07,0.5,5.719294403739431,0.5720000000000002,0.1481763753124177,2.703532465193862e-09,1.5791965464300128e-10
10.29425620509559,16.47699638676139,2.45e-07,0.5,6.915002107780018,0.5940000000000002,0.1640172120498245,2.754780159437541e-09,1.590901159714666e-10
9.373158121517111,20.45051652678765,2.45e-07,0.5,8.227134494506888,0.6160000000000002,0.1803149709716021,2.798124404105001e-09,1.603717880216228e-10
8.54901328613617,24.89974017633955,2.45e-07,0.5,9.654288697622974,0.6380000000000002,0.1969344395803286,2.834759152315015e-09,1.61783804791781e-10
7.816187261765863,29.8024889776436,2.45e-07,0.5,11.1969084223962,0.6600000000000003,0.2137707209826038,2.865750005213686e-09,1.633482263352846e-10
7.166516630630469,35.13280245494126,2.45e-07,0.5,12.85739526227539,0.6820000000000003,0.2307454917974289,2.892024514978254e-09,1.6509023378029909e-10
6.590870231956468,40.86271147812267,2.45e-07,0.5,14.64021474433687,0.7040000000000003,0.2478022382672365,2.914375798735585e-09,1.6703844636414002e-10
6.080151828996032,46.9633973310769,2.45e-07,0.5,16.55212616058202,0.7260000000000003,0.2649015668072358,2.933473525812238e-09,1.6922536954689189e-10
5.625861206946067,53.40588585851145,2.45e-07,0.5,18.60263775554532,0.7480000000000003,0.2820171154464071,2.949878283781645e-09,1.7168797633804018e-10
5.220351925343103,60.16141881407594,2.45e-07,0.5,20.80479413025445,0.7700000000000004,0.2991322300593321,2.9640568208342692e-09,1.7446842239528638e-10
4.856900727228372,67.20161103937508,2.45e-07,0.5,23.17644013776808,0.7920000000000004,0.3162373778401116,2.9763967189220704e-09,1.776148969977236e-10
4.52967022781048,74.498464548632,2.45e-07,0.5,25.74217190196959,0.8140000000000004,0.3333281901771968,2.987219755016676e-09,1.8118261461223958e-10
4.233617274008329,82.02427785917223,2.45e-07,0.5,28.53627247031163,0.8360000000000004,0.3504040080735829,2.996793649034807e-09,1.852349539603431e-10
3.964378208158968,89.75146304483705,2.45e-07,0.5,31.60700671824317,0.8580000000000004,0.3674668129126326,3.005342157014043e-09,1.898447522096475e-10
3.718149071637345,97.65226411367073,2.45e-07,0.5,35.02262599620662,0.8800000000000004,0.3845204453385315,3.013053608905744e-09,1.9509576034602318e-10
3.491572682800313,105.6983604139389,2.45e-07,0.5,38.87908378082849,0.9020000000000004,0.4015700362322336,3.020088056078272e-09,2.010842611227908e-10
3.2816451020329,113.8603454318435,2.45e-07,0.5,43.30835683078472,0.9240000000000004,0.4186215924173635,3.026583214155474e-09,2.0792084228316967e-10
3.085660475333586,122.1071105656832,2.45e-07,0.5,48.48385491542994,0.9460000000000004,0.4356816946922532,3.03265938146605e-09,2.1573230385998417e-10
2.901220689132814,130.4052552065585,2.45e-07,0.5,54.61576056532663,0.9680000000000004,0.4527572771185822,3.038423494146873e-09,2.2466365795885108e-10
2.726329827973429,138.7187862616154,2.45e-07,0.5,61.92676565896296,0.9900000000000004,0.4698554647582837,3.043972453000228e-09,2.34880151166584e-10
2.559551964162746,147.0094837947837,2.45e-07,0.5,70.60366449275104,1.012,0.4869834530414137,3.049395828662213e-09,2.46569202267358e-10
2.400139207066716,155.2382215963251,2.45e-07,0.5,80.73705493624438,1.034,0.5041484166226923,3.054778022692448e-09,2.599420999730975e-10
2.24800396557432,163.3671237812208,2.45e-07,0.5,92.27991990348292,1.056,0.5213574396830266,3.0601999338569804e-09,2.7523524586615957e-10
2.103492263701455,171.3619155260963,2.45e-07,0.5,105.0525471576449,1.078000000000001,0.5386174630851424,3.065740151746557e-09,2.92710657636906e-10
23.88514478874851,0.3003307120294114,2.45e-07,0.6,0.1921138044422439,0.352,0.0515319238667452,1.584822331520204e-09,1.482646480736909e-10
22.44398660354333,0.4998760973477169,2.45e-07,0.6,0.3067075224849815,0.3740000000000001,0.0549322109374155,1.737981279981925e-09,1.486872102165362e-10
21.07867901214272,0.8066994216949989,2.45e-07,0.6,0.4716812660943209,0.3960000000000001,0.0596214411217763,1.8887785051661442e-09,1.491479444298827e-10
19.7772903899915,1.264266357346833,2.45e-07,0.6,0.7004031265101397,0.4180000000000001,0.0657674815996603,2.032777081994105e-09,1.4964827431341787e-10
18.5093670812947,1.926250165375151,2.45e-07,0.6,1.006523562730679,0.4400000000000001,0.0734700122049342,2.166625370466542e-09,1.5018897079431408e-10
17.2478150353925,2.854392973381794,2.45e-07,0.6,1.402587965293535,0.4620000000000001,0.0827520422406896,2.288184011458614e-09,1.5077011761684768e-10
15.98274843266591,4.113757172162352,2.45e-07,0.6,1.898483217002795,0.4840000000000002,0.0935584975851931,2.396451046306418e-09,1.5139114440529218e-10
14.72383691044806,5.766149600261715,2.45e-07,0.6,2.500316808049535,0.5060000000000001,0.1057640367566767,2.491357703635089e-09,1.5205095328434968e-10
13.493861611704,7.863516020037995,2.45e-07,0.6,3.210216343735914,0.5280000000000001,0.1191910060865364,2.5735119064947342e-09,1.527481611438758e-10
12.31914202286793,10.44323127163961,2.45e-07,0.6,4.027072935466546,0.5500000000000002,0.1336339903620004,2.643948853561479e-09,1.53481463118184e-10
11.22176596627276,13.52633390616336,2.45e-07,0.6,4.94781336115571,0.5720000000000002,0.148884479160313,2.7039229292000704e-09,1.542500941197525e-10
10.21574248058267,17.11852147837494,2.45e-07,0.6,5.968676917076276,0.5940000000000002,0.1647500267140702,2.754753252666735e-09,1.550543327327429e-10
9.306661843701598,21.21289898465796,2.45e-07,0.6,7.086161068715367,0.6160000000000002,0.18106550036312,2.797720720713194e-09,1.5589597012221988e-10
8.493359415206447,25.79332922258565,2.45e-07,0.6,8.297559182154597,0.6380000000000002,0.1976970614854962,2.834007275660374e-09,1.5677866915722478e-10
7.770187756134864,30.83755107951895,2.45e-07,0.6,9.601178413504858,0.6600000000000003,0.2145410727310665,2.864666221077747e-09,1.5770816824420948e-10
7.129067658762654,36.31966258205246,2.45e-07,0.6,10.99637180412596,0.6820000000000003,0.2315202745148996,2.890613390131797e-09,1.5869232893692238e-10
6.561004774887378,42.2118940502456,2.45e-07,0.6,12.48349591719908,0.7040000000000003,0.2485790041796819,2.912631111943258e-09,1.5974106726919488e-10
6.057063051149834,48.48577084759479,2.45e-07,0.6,14.06386483142349,0.7260000000000003,0.2656785244176633,2.931379193937377e-09,1.6086623103131379e-10
5.608909767373559,55.11282104508926,2.45e-07,0.6,15.73973883567655,0.7480000000000003,0.2827929666359901,2.947409070639047e-09,1.620814853528919e-10
5.209067116665154,62.06497473561905,2.45e-07,0.6,17.51436793502798,0.7700000000000004,0.2999060412032347,2.961178727778375e-09,1.6340225363202288e-10
4.85098255318929,69.31476893075698,2.45e-07,0.6,19.39210408320479,0.7920000000000004,0.3170084813478775,2.973067028101729e-09,1.648457403993657e-10
4.528997739255681,76.83543671898961,2.45e-07,0.6,21.37859836788694,0.8140000000000004,0.3340961109052191,2.983386734415014e-09,1.664310451940378e-10
4.238267566927847,84.60093033948999,2.45e-07,0.6,23.48110798470742,0.8360000000000004,0.3511684089773143,2.992395943119647e-09,1.681793655025913e-10
3.974659962086977,92.5859067198344,2.45e-07,0.6,25.70895226647407,0.8580000000000004,0.3682274550068486,3.000307888144195e-09,1.701142821465655e-10
3.734653394594002,100.7656896430927,2.45e-07,0.6,28.07417817301399,0.8800000000000004,0.3852771579372544,3.007299210277307e-09,1.7226212031542208e-10
3.515240457789781,109.1162130940592,2.45e-07,0.6,30.59252503941463,0.9020000000000004,0.4023226942902251,3.013516851998552e-09,1.7465238162102049e-10
3.313840847039664,117.6139436673122,2.45e-07,0.6,33.28481680043551,0.9240000000000004,0.4193700985254213,3.019083760816776e-09,1.7731824549168658e-10
3.128224288208465,126.2357748228123,2.45e-07,0.6,36.17895394625401,0.9460000000000004,0.4364259639411389,3.024103582963373e-09,1.8029714095338908e-10
2.956442631395918,134.9588814458766,2.45e-07,0.6,39.31271157204738,0.9680000000000004,0.4534972237747569,3.028664515478594e-09,1.836313918648985e-10
2.796770038103335,143.760519643379,2.45e-07,0.6,42.7375297875324,0.9900000000000004,0.4705909906307061,3.032842465245097e-09,1.8736893975241957e-10
2.647650936718458,152.6177554927008,2.45e-07,0.6,46.52330685635398,1.012,0.4877144385349512,3.03670364242572e-09,1.9156414839421401e-10
2.507657503002141,161.5071116801192,2.45e-07,0.6,50.76368340910409,1.034,0.5048747163477546,3.040306695260248e-09,1.9627869309557757e-10
2.375462143557315,170.4041406171967,2.45e-07,0.6,55.5801808077884,1.056,0.5220788844022042,3.043704474324155e-09,2.0158253496607129e-10
2.249835112050071,179.2829777006459,2.45e-07,0.6,61.12173613424051,1.078000000000001,0.5393338684001809,3.0469454975264912e-09,2.0755497618616038e-10
2.12967928557187,188.1160044142207,2.45e-07,0.6,67.55438200750396,1.1,0.5566464260345839,3.050075172312264e-09,2.142857858837504e-10
23.78355198862992,0.3186902845380626,2.45e-07,0.7,0.1759232778984089,0.352,0.051615797554468,1.588098513817493e-09,1.4692664959836428e-10
22.32793425428381,0.5291629424449169,2.45e-07,0.7,0.2804161772949961,0.3740000000000001,0.0550513105435548,1.741170297886707e-09,1.4724248275009508e-10
20.95162153861516,0.85167471134443,2.45e-07,0.7,0.4300392469891305,0.3960000000000001,0.0597816836942394,1.891733861294507e-09,1.475866389730163e-10
19.64395478353099,1.330920712373405,2.45e-07,0.7,0.6361290348153766,0.4180000000000001,0.0659729794658724,2.035381259852391e-09,1.479608940377636e-10
18.37490395224377,2.02181977947225,2.45e-07,0.7,0.910081060243805,0.4400000000000001,0.0737227071086313,2.168797586503629e-09,1.4836678361403978e-10
17.11697781340416,2.987253651512385,2.45e-07,0.7,1.262280589137538,0.4620000000000001,0.0830515394667318,2.2898812456902e-09,1.488055541323439e-10
15.85935577419848,4.29318177118983,2.45e-07,0.7,1.700904376704291,0.4840000000000002,0.0939021349059753,2.3976640089142072e-09,1.492781035504226e-10
14.61054146137229,6.001966061492382,2.45e-07,0.7,2.231036983829663,0.5060000000000001,0.1061472614801912,2.492103971788357e-09,1.497849104406574e-10
13.39215227562893,8.165745914343246,2.45e-07,0.7,2.85447662498976,0.5280000000000001,0.1196080260942035,2.573828190430869e-09,1.5032595691528057e-10
12.22950290667504,10.82179155694037,2.45e-07,0.7,3.570264971060935,0.5500000000000002,0.134078533342327,2.643883671018681e-09,1.5090066024660788e-10
11.14392126639728,13.9908492814913,2.45e-07,0.7,4.375644811716667,0.5720000000000002,0.1493504625843461,2.703530290870211e-09,1.5150783795599128e-10
10.14892095255492,17.67824942016529,2.45e-07,0.7,5.26705583830316,0.5940000000000002,0.1652320140588235,2.754087506598838e-09,1.521457385783561e-10
9.249830010615906,21.87673986544974,2.45e-07,0.7,6.240905195101315,0.6160000000000002,0.1815589223594271,2.796832502486193e-09,1.5281217074253968e-10
8.44539750086082,26.56988630975125,2.45e-07,0.7,7.294036239700797,0.6380000000000002,0.19819825166142,2.832940484114474e-09,1.535047519178446e-10
7.730005056585323,31.73521197701664,2.45e-07,0.7,8.423944743549631,0.6600000000000003,0.2150471890646547,2.863455975605981e-09,1.5422127325468308e-10
7.095667542924299,37.34668479052828,2.45e-07,0.7,9.628833533816469,0.6820000000000003,0.2320291695661275,2.889284939924073e-09,1.549601429465092e-10
6.533513881021999,43.37648678158099,2.45e-07,0.7,10.90758627829682,0.7040000000000003,0.2490890853044143,2.911199627158404e-09,1.557208396164308e-10
6.034738080826914,49.79617134234566,2.45e-07,0.7,12.25971417146054,0.7260000000000003,0.2661886263382213,2.9298502896400292e-09,1.5650429466046338e-10
5.591132000052283,56.57736692742368,2.45e-07,0.7,13.68530505372695,0.7480000000000003,0.2833022452193535,2.945779838003788e-09,1.573131374861205e-10
5.195331407930514,63.69217549334637,2.45e-07,0.7,15.18498860777753,0.7700000000000004,0.3004138896245915,2.959439011124348e-09,1.5815177593088188e-10
4.840884949426087,71.11338036416406,2.45e-07,0.7,16.75992285993756,0.7920000000000004,0.317514466209652,2.971200704715327e-09,1.5902632943580808e-10
4.52222406705463,78.81454281328388,2.45e-07,0.7,18.41180380705512,0.8140000000000004,0.3345999246684487,2.981372815002919e-09,1.5994446618249608e-10
4.234584295005812,86.77003787099711,2.45e-07,0.7,20.14289952631961,0.8360000000000004,0.3516698350562014,2.990209388414287e-09,1.60915207214533e-10
3.973908089219719,94.95505931509663,2.45e-07,0.7,21.95611136654964,0.8580000000000004,0.3687263423705969,2.997920107315402e-09,1.61948752300311e-10
3.736745925666871,103.3456102669246,2.45e-07,0.7,23.85506721762128,0.8800000000000004,0.3857734026851056,3.004678255620548e-09,1.630563632144638e-10
3.520164077334422,111.9184874067545,2.45e-07,0.7,25.84425534974447,0.9020000000000004,0.4028162262470821,3.010627349568667e-09,1.6425032007576057e-10
3.321662605939936,120.6512618204569,2.45e-07,0.7,27.92921219345317,0.9240000000000004,0.4198608713850646,3.0158866232227782e-09,1.655439514396717e-10
3.139104405840479,129.5222565835876,2.45e-07,0.7,30.11678426674522,0.9460000000000004,0.4369139478516858,3.0205555457193382e-09,1.6695173066131808e-10
2.970654744893223,138.5105194611212,2.45e-07,0.7,32.41549408274424,0.9680000000000004,0.4539823995274169,3.024717528493172e-09,1.6848942846393349e-10
2.814730102647773,147.5957879299824,2.45e-07,0.7,34.83605333385198,0.9900000000000004,0.4710733447966866,3.0284429605004462e-09,1.701743125605983e-10
2.669954869804833,156.7584426974766,2.45e-07,0.7,37.39208497331335,1.012,0.4881939590184517,3.031791689937902e-09,1.7202538768936157e-10
2.53512444731251,165.9794447050475,2.45e-07,0.7,40.10113930230764,1.034,0.5053513879147411,3.034815052960971e-09,1.7406367227269169e-10
2.409173367724851,175.2402490966582,2.45e-07,0.7,42.98611555271205,1.056,0.522552683849531,3.037557533767796e-09,1.76312510439169e-10
2.291147227659703,184.5226877752364,2.45e-07,0.7,46.07722068908024,1.078000000000001,0.5398047592156654,3.040058126236811e-09,1.787979200923227e-10
2.180177513334419,193.8088102777712,2.45e-07,0.7,49.41458689910532,1.1,0.5571143527467056,3.0423514550470462e-09,1.8154897903768919e-10
24.98159403044574,8.227220165731083e-06,2.45e-07,0.8,3.37836128396512e-06,0.0,0.0456332851926172,7.585489985545496e-10,1.436866145102218e-10
23.69749087910832,0.3356666890860739,2.45e-07,0.8,0.1642667683964281,0.352,0.0516710503965703,1.590080788677606e-09,1.459068184731285e-10
22.22705011493668,0.5562037723969782,2.45e-07,0.8,0.2614792103968786,0.3740000000000001,0.055129660491921,1.7430826345068291e-09,1.461455941429458e-10
20.83920459706962,0.8930911861127167,2.45e-07,0.8,0.4000027610927322,0.3960000000000001,0.0598869667864244,1.893478353936195e-09,1.464044080270394e-10
19.52480726332682,1.392078097606839,2.45e-07,0.8,0.5896683777641972,0.4180000000000001,0.0661078449252917,2.036878331694001e-09,1.466846616641951e-10
18.25431521433874,2.109133743930419,2.45e-07,0.8,0.8401893569626565,0.4400000000000001,0.0738883819341409,2.169990813775193e-09,1.469876953784964e-10
16.99975415499764,3.108091723661585,2.45e-07,0.8,1.160321690034302,0.4620000000000001,0.083247723351859,2.290737867306997e-09,1.4731479083064678e-10
15.74921673115432,4.455658459697607,2.45e-07,0.8,1.556921343632487,0.4840000000000002,0.0941270499598932,2.398172277822739e-09,1.4766716892215378e-10
14.5099125401669,6.214658861449924,2.45e-07,0.8,2.034233667881159,0.5060000000000001,0.1063979038420588,2.492268877371599e-09,1.480459765535599e-10
13.30224552003581,8.43739281592314,2.45e-07,0.8,2.593713343624384,0.5280000000000001,0.1198805947072387,2.573666890546459e-09,1.484522568155944e-10
12.15055716211884,11.16103448285754,2.45e-07,0.8,3.23441808557438,0.5500000000000002,0.1343689260403045,2.643421499942454e-09,1.488868988731578e-10
11.07549675510702,14.4060624808728,2.45e-07,0.8,3.95376092921723,0.5720000000000002,0.1496547109870517,2.702797711615831e-09,1.4935056610679068e-10
10.09017532853092,18.17745763405607,2.45e-07,0.8,4.748321435113579,0.5940000000000002,0.1655465776253588,2.753117994749459e-09,1.4984360436248449e-10
9.199736965664316,22.46760736052948,2.45e-07,0.8,5.614501113118004,0.6160000000000002,0.1818808292781966,2.795661122720136e-09,1.5036593696825218e-10
8.402897549725159,27.25975032564983,2.45e-07,0.8,6.548947624304739,0.6380000000000002,0.1985251195263123,2.831602834267214e-09,1.509169598637591e-10
7.694096228772134,32.53113780012355,2.45e-07,0.8,7.548772814102468,0.6600000000000003,0.2153771723129333,2.861987195454953e-09,1.514954583721461e-10
7.065451168188855,38.25552735315141,2.45e-07,0.8,8.61162883390994,0.6820000000000003,0.2323608741363386,2.887718582319948e-09,1.5209957502339328e-10
6.508210874076696,44.40495076586859,2.45e-07,0.8,9.735704571201648,0.7040000000000003,0.2494214773451121,2.909566335002499e-09,1.5272686178691448e-10
6.013688009261852,50.9508666388552,2.45e-07,0.8,10.91968687593282,0.7260000000000003,0.2665209492456298,2.928176372904576e-09,1.533744451544326e-10
5.573783424417394,57.8648590670532,2.45e-07,0.8,12.16271296912438,0.7480000000000003,0.2836339506142905,2.944085954820304e-09,1.5403931469588078e-10
5.181228771295094,65.11903200183916,2.45e-07,0.8,13.46432736049029,0.7700000000000004,0.3007445829481125,2.95773918948985e-09,1.5471871552482418e-10
4.829655000128734,72.68621451310763,2.45e-07,0.8,14.8244487921804,0.7920000000000004,0.3178438653135839,2.9695018866240704e-09,1.5541059066666609e-10
4.513563330430402,80.54005637570366,2.45e-07,0.8,16.2433487121857,0.8140000000000004,0.3349278290141055,2.979674986487612e-09,1.5611399510714168e-10
4.228248246699942,88.65506450742966,2.45e-07,0.8,17.72164108407231,0.8360000000000004,0.3519961031457919,2.988506224545258e-09,1.568294030324932e-10
3.969702218229434,97.006610257771,2.45e-07,0.8,19.26028291782191,0.8580000000000004,0.3690508753652597,2.9961999595980852e-09,1.5755885700107968e-10
3.734518655992527,105.5709240995593,2.45e-07,0.8,20.86058514676037,0.8800000000000004,0.3860961325734799,3.0029252691267404e-09,1.5830595186908808e-10
3.519801440365722,114.3250860347601,2.45e-07,0.8,22.52423406789764,0.9020000000000004,0.4031371073116092,3.008822518096793e-09,1.5907568827830929e-10
3.323084561505315,123.2470152400753,2.45e-07,0.8,24.25332438704677,0.9240000000000004,0.4201798740315633,3.014008650317613e-09,1.59874254644855e-10
3.142262764956753,132.3154598661698,2.45e-07,0.8,26.05040596256839,0.9460000000000004,0.4372310541155245,3.018581448606468e-09,1.60708798291488e-10
2.975532736131967,141.5099865865237,2.45e-07,0.8,27.91854769988633,0.9680000000000004,0.4542975997548218,3.022622979114832e-09,1.6158723170461338e-10
2.821343742070445,150.8109688927478,2.45e-07,0.8,29.86142386048597,0.9900000000000004,0.4713866351339004,3.026202393465882e-09,1.625180992110267e-10
2.678356442083937,160.1995728967673,2.45e-07,0.8,31.88343053869851,1.012,0.4885053394356652,3.0293782221798902e-09,1.6351051108609968e-10
2.545408582064722,169.6577393071687,2.45e-07,0.8,33.98984354876114,1.034,0.5056608605549153,3.032200260233877e-09,1.6457414015844318e-10
2.42148638669951,179.1681601595338,2.45e-07,0.8,36.18703389681026,1.056,0.5228602515312166,3.034711121591598e-09,1.6571927048228008e-10
2.305700596611617,188.7142487056306,2.45e-07,0.8,38.48276396935355,1.078000000000001,0.5401104239386246,3.036947522680009e-09,1.6695688681567749e-10
2.197266230328771,198.2801005308323,2.45e-07,0.8,40.88659724393433,1.1,0.5574181140537836,3.0389413429478505e-09,1.6829879536851818e-10
22.97372737063405,9.423033219092236e-06,2.45e-07,0.9,3.190189386886764e-06,0.0,0.0456333474333431,7.581659703902525e-10,1.4331171429751848e-10
23.62233758906763,0.3516607055503271,2.45e-07,0.9,0.156087165207443,0.352,0.0517072310357658,1.591238722623978e-09,1.4511660186793868e-10
22.13696467805821,0.5816462853936887,2.45e-07,0.9,0.2481425575938755,0.3740000000000001,0.0551809185361578,1.744188834033823e-09,1.453015556032815e-10
20.73730671826226,0.9319672978947408,2.45e-07,0.9,0.3787441255369494,0.3960000000000001,0.0599557869062847,1.894468532276082e-09,1.4550069867154768e-10
19.41587589382807,1.449296440208455,2.45e-07,0.9,0.5565951416340078,0.4180000000000001,0.0661959349807727,2.037699969056688e-09,1.457149919855946e-10
18.14366946100968,2.190506765694975,2.45e-07,0.9,0.790134146956057,0.4400000000000001,0.0739965211161885,2.170606157503952e-09,1.459453725986037e-10
16.8921965827387,3.220240635628013,2.45e-07,0.9,1.086860616947706,0.4620000000000001,0.0833756951846911,2.291124108412075e-09,1.4619276990211948e-10
15.64838713048873,4.605833677324903,2.45e-07,0.9,1.452577697329922,0.4840000000000002,0.094273676834034,2.398319666617615e-09,1.464581226487743e-10
14.41809096141034,6.410496328645957,2.45e-07,0.9,1.890811507614667,0.5060000000000001,0.1065612133704588,2.492177782628539e-09,1.467423928575515e-10
13.22047697002751,8.686653600098845,2.45e-07,0.9,2.402652331684553,0.5280000000000001,0.1200581006910012,2.573344686981394e-09,1.470465733264638e-10
12.07893887010018,11.47137953306265,2.45e-07,0.9,2.987065792198634,0.5500000000000002,0.134557951793333,2.642879872981271e-09,1.473716861508655e-10
11.01350101108291,14.78489568711867,2.45e-07,0.9,3.641512333247514,0.5720000000000002,0.1498526715048946,2.702050661137528e-09,1.4771877006940468e-10
10.03693086176125,18.63184352308333,2.45e-07,0.9,4.362635512272597,0.5940000000000002,0.1657511694341273,2.752180588446106e-09,1.4808885458827278e-10
9.154237239321864,23.00425008198702,2.45e-07,0.9,5.146837784700882,0.6160000000000002,0.1820901206139929,2.7945489120875904e-09,1.48482918808187e-10
8.364135230074336,27.8850131956752,2.45e-07,0.9,5.990670654595325,0.6380000000000002,0.1987375626549366,2.830331780816311e-09,1.4890183297999318e-10
7.66113828668162,33.25108443173922,2.45e-07,0.9,6.891049736786758,0.6600000000000003,0.2155915686337943,2.860573930541011e-09,1.4934628144508448e-10
7.037472783303532,39.07597095688856,2.45e-07,0.9,7.845342335582782,0.6820000000000003,0.2325763183140863,2.886180816848379e-09,1.498166672850703e-10
6.484503971059324,45.33150380685989,2.45e-07,0.9,8.851378078723505,0.7040000000000003,0.2496372978031221,2.907923234140233e-09,1.503130022798165e-10
5.993655954285824,51.98898716747857,2.45e-07,0.9,9.907421184483164,0.7260000000000003,0.2667366542059088,2.926448718105796e-09,1.508347911163741e-10
5.556929330722555,59.01989256995369,2.45e-07,0.9,11.01212879674879,0.7480000000000003,0.2838491832631087,2.942295942581743e-09,1.513809261958754e-10
5.167141778314425,66.3962489492119,2.45e-07,0.9,12.16450873570522,0.7700000000000004,0.3009590861289449,2.955909776213918e-09,1.519496177985464e-10
4.817996840200367,74.09084436092604,2.45e-07,0.9,13.36388284543631,0.7920000000000004,0.3180574546711057,2.967655685172065e-09,1.5253839109193968e-10
4.504056252845595,82.07731896119584,2.45e-07,0.9,14.60985806907406,0.8140000000000004,0.3351403730290563,2.977832837278594e-09,1.5314418207520049e-10
4.220664671014599,90.33019976929369,2.45e-07,0.9,15.9023053718946,0.8360000000000004,0.3522075085143453,2.986685668500206e-09,1.5376355410752559e-10
3.963856130059746,98.82490713461311,2.45e-07,0.9,17.24134581093489,0.8580000000000004,0.3692610763938038,2.994413891741189e-09,1.5439303273077448e-10
3.730258595551784,107.5377493925756,2.45e-07,0.9,18.62734286040205,0.8800000000000004,0.3863050835279504,3.001181024351637e-09,1.5502952287844438e-10
3.517004878925312,116.4459139740178,2.45e-07,0.9,20.06090022241639,0.9020000000000004,0.403344776910421,3.0071215389255223e-09,1.556707408384567e-10
3.321653460571669,125.5274584940969,2.45e-07,0.9,21.54286461247613,0.9240000000000004,0.4203862414786485,3.012346745805811e-09,1.56315578840925e-10
3.142120138281968,134.7613027971394,2.45e-07,0.9,23.07433333011498,0.9460000000000004,0.4374361062319303,3.016949523815311e-09,1.5696433296220917e-10
2.976620070989946,144.1272216861848,2.45e-07,0.9,24.65666678205007,0.9680000000000004,0.4545013288889824,3.021008036514863e-09,1.576187621092345e-10
2.823619176820135,153.6058375458879,2.45e-07,0.9,26.29150652320676,0.9900000000000004,0.4715890376197966,3.024588595863521e-09,1.582819914267958e-10
2.681793639238645,163.1786119587906,2.45e-07,0.9,27.98079984670056,1.012,0.4887064144324545,3.027747848482414e-09,1.58958308627766e-10
2.549996281066331,172.8278354710282,2.45e-07,0.9,29.72683253116706,1.034,0.5058606091470541,3.0305344527350442e-09,1.5965291535894928e-10
2.427228670476367,182.5366147941009,2.45e-07,0.9,31.53227210709341,1.056,0.5230586759999051,3.032990389361235e-09,1.6037168865984978e-10
2.31261796443867,192.28885685915,2.45e-07,0.9,33.40022502400954,1.078000000000001,0.5403075271365209,3.035152013703988e-09,1.6112098879944528e-10
2.205397640919467,202.0692492333264,2.45e-07,0.9,35.33431251619579,1.1,0.5576138988283236,3.037050923671198e-09,1.619075293410282e-10
20.85179400531817,1.088209407722153e-05,2.45e-07,1.0,3.061309673461553e-06,0.0,0.0456333881376916,7.57838917238825e-10,1.4298993567167168e-10
23.55491180315529,0.3669723478726827,2.45e-07,1.0,0.150445995452807,0.352,0.0517309003787716,1.591876477953199e-09,1.444891053533619e-10
22.05467657323131,0.6059726648060332,2.45e-07,1.0,0.2388775719657814,0.3740000000000001,0.0552144306502082,1.744788735569775e-09,1.4463614670968518e-10
20.64310561314582,0.9690572516482092,2.45e-07,1.0,0.3638426236840495,0.3960000000000001,0.0600007546870304,1.894988552402203e-09,1.4479344192672838e-10
19.31445449476936,1.503723842844492,2.45e-07,1.0,0.5331841774711563,0.4180000000000001,0.0662534627220025,2.0381057426384503e-09,1.449616298999512e-10
18.04030413578987,2.267637213956486,2.45e-07,1.0,0.7543543994840608,0.4400000000000001,0.0740671060799776,2.170872889216847e-09,1.4514132902565068e-10
16.79164651144775,3.326136927272877,2.45e-07,1.0,1.033860691019004,0.4620000000000001,0.0834591845849348,2.291236631945363e-09,1.4533315296718979e-10
15.55422206641086,4.74709273952055,2.45e-07,1.0,1.37664549033918,0.4840000000000002,0.0943692914210887,2.398271154102747e-09,1.4553772822139089e-10
14.33249604123999,6.594033431267897,2.45e-07,1.0,1.78560601013778,0.5060000000000001,0.1066676571733599,2.491967756968318e-09,1.457557109425508e-10
13.14439916282402,8.919472211316316,2.45e-07,1.0,2.261461476146472,0.5280000000000001,0.1201737451633296,2.572976909786633e-09,1.45987801183901e-10
12.0123987376704,11.7603699954106,2.45e-07,1.0,2.803017410328077,0.5500000000000002,0.1346810468947661,2.642360487923391e-09,1.462347534167217e-10
10.95592982650684,15.13669148875628,2.45e-07,1.0,3.407699995496783,0.5720000000000002,0.1499815293106883,2.701386774375287e-09,1.464973826649244e-10
9.987453261331044,19.05274208664406,2.45e-07,1.0,4.072161376204501,0.5940000000000002,0.165884287218343,2.751379321767845e-09,1.467765657694662e-10
9.111871992136908,23.50018811357477,2.45e-07,1.0,4.792798157084265,0.6160000000000002,0.1822262389261993,2.793616882366434e-09,1.4707323719555877e-10
8.327919065334777,28.46157952522817,2.45e-07,1.0,5.566113292144881,0.6380000000000002,0.1988756727892166,2.8292749281385503e-09,1.4738837848411578e-10
7.63019118460272,33.91355392493598,2.45e-07,1.0,6.388923769257277,0.6600000000000003,0.2157308895144171,2.859397616714419e-09,1.477230000043599e-10
7.011024588487515,39.82934731597336,2.45e-07,1.0,7.258451519306885,0.6820000000000003,0.2327162598768753,2.884890128240361e-09,1.4807811316854868e-10
6.461898313709049,46.18056374330464,2.45e-07,1.0,8.172340642891125,0.7040000000000003,0.2497774221197749,2.906523435613267e-09,1.484546908268583e-10
5.974342474371942,52.93832207737417,2.45e-07,1.0,9.128635561252413,0.7260000000000003,0.2668766402907737,2.924945810746847e-09,1.4885361333025648e-10
5.540450975086933,60.07394620631019,2.45e-07,1.0,10.12574304098661,0.7480000000000003,0.2839887978619499,2.940697273206267e-09,1.492755979844478e-10
5.153120955438554,67.55935090911237,2.45e-07,1.0,11.16239126518857,0.7700000000000004,0.3010981607310972,2.9542246308123823e-09,1.497211106949739e-10
4.806122330262748,75.36723983949335,2.45e-07,1.0,12.23759245855566,0.7920000000000004,0.3181958680326247,2.965895775120123e-09,1.5019026101700778e-10
4.494071674108879,83.47119545773599,2.45e-07,1.0,13.35061160119202,0.8140000000000004,0.3352780381850016,2.976012564991052e-09,1.506826860932746e-10
4.212358714568511,91.84571145840458,2.45e-07,1.0,14.50094166066018,0.8360000000000004,0.3523443632705868,2.984822052193562e-09,1.511974353802766e-10
3.95705448728873,100.4661975526106,2.45e-07,1.0,15.68828480780425,0.8580000000000004,0.3693970764321883,2.9925260528835952e-09,1.517328762134282e-10
3.724817382827576,109.3089730003057,2.45e-07,1.0,16.91253875151935,0.8800000000000004,0.3864401974340849,2.999289206308757e-09,1.5228664839618209e-10
3.512805331686653,118.3512570724283,2.45e-07,1.0,18.173787317641,0.9020000000000004,0.4034789825966029,3.005245726095852e-09,1.528557005738397e-10
3.318597678582556,127.5711599032727,2.45e-07,1.0,19.4722945302949,0.9240000000000004,0.420519523609804,3.0105050636629982e-09,1.534364372466872e-10
3.140127690999949,136.9476746654075,2.45e-07,1.0,20.80850163824133,0.9460000000000004,0.4375684543679444,3.015156681806386e-09,1.540249886335718e-10
2.97562530408802,146.4606707764136,2.45e-07,1.0,22.18302672115208,0.9680000000000004,0.4546327361361555,3.0192740908062962e-09,1.5461758623357768e-10
2.823569092057478,156.0908873618189,2.45e-07,1.0,23.59666669584616,0.9900000000000004,0.4717194996425794,3.022918243781721e-09,1.5521099233165008e-10
2.682646248386765,165.8199261052443,2.45e-07,1.0,25.05040171939359,1.012,0.4888359287186879,3.026140340565645e-09,1.55802906048328e-10
2.551719359539852,175.6302427106753,2.45e-07,1.0,26.54540216183375,1.034,0.5059891744502035,3.028984066294257e-09,1.563922660237254e-10
2.429798858386245,185.5051363756547,2.45e-07,1.0,28.08303850831724,1.056,0.5231862919032179,3.031487297790764e-09,1.5697939509452958e-10
2.316020183207728,195.4287368427892,2.45e-07,1.0,29.66489476538085,1.078000000000001,0.5404341936990733,3.033683338382291e-09,1.5756597576178978e-10
2.20962481333183,205.3859887634336,2.45e-07,1.0,31.29278621074071,1.1,0.5577396162833145,3.035601771250078e-09,1.581548881277656e-10
18.5755276671325,1.275792085074693e-05,2.45e-07,1.1,2.975063972122379e-06,0.0,0.0456334148661123,7.575555872967188e-10,1.427100555639594e-10
24.62618063504069,2.005344534611381e-05,2.45e-07,1.1,6.203221831971484e-06,0.022,0.0456335498503144,7.491279357794281e-10,1.4276853354623258e-10
23.49304753417911,0.3818178506331288,2.45e-07,1.1,0.1466043293610871,0.352,0.0517464452353042,1.592191490363582e-09,1.4397857919124578e-10
21.97814200070439,0.6295293388638711,2.45e-07,1.1,0.2324925828453783,0.3740000000000001,0.055236429989963,1.7450756951911491e-09,1.440982949389091e-10
20.55468464255452,1.004901369653189,2.45e-07,1.1,0.3534295408816511,0.3960000000000001,0.0600302614038798,1.895219864042631e-09,1.442256095951504e-10
19.21871557994674,1.556180877950188,2.45e-07,1.1,0.5165865901581066,0.4180000000000001,0.0662911949660697,2.038258854263678e-09,1.443609509443658e-10
17.94243415740452,2.341736761070692,2.45e-07,1.1,0.7286343671086464,0.4400000000000001,0.0741133829621731,2.170931525939507e-09,1.4450472540549919e-10
16.69633395595964,3.427516796898375,2.45e-07,1.1,0.9952785303036502,0.4620000000000001,0.0835138983255408,2.291190816358515e-09,1.4465733089816118e-10
15.4649705693532,4.881846402276109,2.45e-07,1.1,1.320743371602915,0.4840000000000002,0.0944319234202911,2.3981163405798662e-09,1.4481917126701829e-10
14.25142617358841,6.768513664951593,2.45e-07,1.1,1.707371450039015,0.5060000000000001,0.1067373507085604,2.491703507215186e-09,1.4499067039287568e-10
13.07240242393159,9.140083107771154,2.45e-07,1.1,2.155519254219022,0.5280000000000001,0.1202494267219665,2.572605483254733e-09,1.4517228475037558e-10
11.94945928350731,12.03338433205029,2.45e-07,1.1,2.663797464846773,0.5500000000000002,0.1347615648154946,2.641885593440802e-09,1.453645138055967e-10
10.90146678472651,15.46811887035829,2.45e-07,1.1,3.22955108412285,0.5720000000000002,0.1500657740585155,2.700812598987371e-09,1.455679081128847e-10
9.94060198345945,19.44825473967884,2.45e-07,1.1,3.849407632358024,0.5940000000000002,0.1659712717626922,2.750709856774061e-09,1.4578307521562108e-10
9.07167903992107,23.96509633733267,2.45e-07,1.1,4.519752867520453,0.6160000000000002,0.1823151364451528,2.792855512674073e-09,1.4601068350478708e-10
8.293459001058762,29.00084204869082,2.45e-07,1.1,5.23706818749633,0.6380000000000002,0.1989658212449929,2.8284242309439e-09,1.462514640944241e-10
7.600625724650005,34.53180846807881,2.45e-07,1.1,5.998128065909147,0.6600000000000003,0.215821776267461,2.858459316384864e-09,1.4650621058120108e-10
6.985624833433437,40.53095009647934,2.45e-07,1.1,6.800088910808598,0.6820000000000003,0.2328074975321895,2.883865165221022e-09,1.4677577629546879e-10
6.440046022901837,46.96963073797476,2.45e-07,1.1,7.640507677933604,0.7040000000000003,0.2498687229584484,2.905412121056473e-09,1.470610683364214e-10
5.955520987971816,53.81876816675241,2.45e-07,1.1,8.517322080936271,0.7260000000000003,0.2669677931581607,2.923748051425207e-09,1.473630373182911e-10
5.524232103234974,61.04952056256273,2.45e-07,1.1,9.42881411974084,0.7480000000000003,0.284079649002407,2.939412861192364e-09,1.47682661342423e-10
5.139151248742391,68.633668285888,2.45e-07,1.1,10.37356974500366,0.7700000000000004,0.301188598715587,2.952853598335547e-09,1.4802092226916478e-10
4.79411036970894,76.5438080748412,2.45e-07,1.1,11.3504411993683,0.7920000000000004,0.318285812304987,2.964438815980819e-09,1.483787719414556e-10
4.483777018236141,84.7534397624596,2.45e-07,1.1,12.35851472176924,0.8140000000000004,0.3353674305530351,2.974471518694944e-09,1.48757085710514e-10
4.203582622270526,93.236996112931,2.45e-07,1.1,13.39708419353573,0.8360000000000004,0.3524331616781874,2.983200434195002e-09,1.4915660061954839e-10
3.949632292047358,101.9698455874416,2.45e-07,1.1,14.46563029747855,0.8580000000000004,0.3694852504438944,2.990829593256891e-09,1.4957783621706088e-10
3.718612301236165,110.928284351361,2.45e-07,1.1,15.56380438053122,0.8800000000000004,0.3865277249791087,2.997526331135157e-09,1.5002099763238e-10
3.507703471601615,120.0895256152537,2.45e-07,1.1,16.69141615475819,0.9020000000000004,0.4035658476266841,3.0034278861873804e-09,1.5048586378029528e-10
3.314504029142727,129.4316896937922,2.45e-07,1.1,17.84842446445878,0.9240000000000004,0.4206057144140862,3.008646794583729e-09,1.509716688301334e-10
3.136962906585215,138.9337956547463,2.45e-07,1.1,19.03493049370483,0.9460000000000004,0.4376539623573342,3.013275282390936e-09,1.5147699241839268e-10
2.973323126476252,148.5757542240628,2.45e-07,1.1,20.25117294217092,0.9680000000000004,0.4547175549616742,3.017388848411126e-09,1.5199968255650528e-10
2.822074284875801,158.3383611438529,2.45e-07,1.1,21.49752483757663,0.9900000000000004,0.4718036245504166,3.021049217184376e-09,1.525368422358955e-10
2.681912943744442,168.2032901011021,2.45e-07,1.1,22.77449177463441,1.012,0.4889193560724262,3.024306821071908e-09,1.53084912046607e-10
2.551709738238622,178.153084452711,2.45e-07,1.1,24.08271147419342,1.034,0.5060719013705192,3.027202940376356e-09,1.536398717180814e-10
2.430482102851137,188.171147152978,2.45e-07,1.1,25.42295464669348,1.056,0.5232683159894116,3.029771589179732e-09,1.541975605769374e-10
2.317371656662067,198.2417284820038,2.45e-07,1.1,26.79612722693856,1.078000000000001,0.5405155128070236,3.0320411855088063e-09,1.54754083707109e-10
2.211625430798937,208.3499113478778,2.45e-07,1.1,28.20327412924739,1.1,0.5578202283413866,3.034035998564999e-09,1.5530623812218318e-10
24.27058637232886,0.1895251813131062,3.45e-07,0.1,0.3972274497977095,0.352,0.0509105268103092,2.233701755757832e-09,2.5194912968772685e-10
22.89327130364977,0.3183894382512985,3.45e-07,0.1,0.6591129448149587,0.3740000000000001,0.0547087590503997,2.4572376408551504e-09,2.905251585621174e-10
21.52455439250125,0.5189815595239938,3.45e-07,0.1,1.078224130898669,0.3960000000000001,0.0599054392072512,2.677239522129426e-09,3.4280583182608817e-10
20.12832718875091,0.8206671452723189,3.45e-07,0.1,1.756313425580123,0.4180000000000001,0.0666577385508493,2.888906214729385e-09,4.1310402547720255e-10
18.66412260359903,1.257603099496558,3.45e-07,0.1,2.8829345278528,0.4400000000000001,0.0750434996254449,3.089194780862031e-09,5.065442083025315e-10
17.10237435364372,1.8641313760899,3.45e-07,0.1,4.812757166662093,0.4620000000000001,0.0850578561061694,3.2767558244533722e-09,6.287047725131642e-10
15.43947813016398,2.666780685046952,3.45e-07,0.1,8.131946238793061,0.4840000000000002,0.0966187749491473,3.451551729706677e-09,7.848289638010464e-10
13.71969342273445,3.675151926498827,3.45e-07,0.1,13.5499983505789,0.5060000000000001,0.1095815351952288,3.614281442493219e-09,9.785754542507674e-10
12.03777769484313,4.877775052460935,3.45e-07,0.1,21.53095316501589,0.5280000000000001,0.1237607122836736,3.7657761203431e-09,1.210552490262497e-09
10.49335908291031,6.247205816299869,3.45e-07,0.1,32.02377543851501,0.5500000000000002,0.1389549666467235,3.90654676582173e-09,1.477213749314807e-09
9.142353182779956,7.749825943163265,3.45e-07,0.1,44.60684211776581,0.5720000000000002,0.1549688420882676,4.036620623066831e-09,1.7707889516703561e-09
7.992993418880479,9.35316737616072,3.45e-07,0.1,58.77462965249205,0.5940000000000002,0.1716277492738847,4.1556780241080094e-09,2.0805191369964092e-09
7.026808304133241,11.02904400070897,3.45e-07,0.1,74.08861129737889,0.6160000000000002,0.1887853971884631,4.2633572666441325e-09,2.394751765276676e-09
6.216516066878951,12.75416691288299,3.45e-07,0.1,90.20616195426834,0.6380000000000002,0.2063251692333294,4.3595391950600304e-09,2.7030052881925e-09
5.534980106633728,14.50974097692883,3.45e-07,0.1,106.8664616052138,0.6600000000000003,0.2241577208641697,4.444488673487161e-09,2.997283113334548e-09
4.958471144257712,16.2807534383501,3.45e-07,0.1,123.8705637460013,0.6820000000000003,0.2422168217458135,4.518842390615033e-09,3.272452593531881e-09
4.467341226559644,18.05523964231445,3.45e-07,0.1,141.0650177392565,0.7040000000000003,0.2604548158957178,4.583503608408787e-09,3.525936814076188e-09
4.045720723303988,19.82363341221447,3.45e-07,0.1,158.3298051178189,0.7260000000000003,0.2788384484391934,4.6395127905193595e-09,3.757092495985044e-09
3.680930049619237,21.57823390136062,3.45e-07,0.1,175.5696730655364,0.7480000000000003,0.2973453652699444,4.687937469524026e-09,3.966558729596146e-09
3.362874277778694,23.31278707039864,3.45e-07,0.1,192.7079284859217,0.7700000000000004,0.315961335227646,4.729796747720161e-09,4.155719496496003e-09
3.083511652788191,25.02216624486406,3.45e-07,0.1,209.6819848552219,0.7920000000000004,0.3346781217297088,4.766018710941068e-09,4.326317437482333e-09
2.836416565364824,26.70213250857747,3.45e-07,0.1,226.440155596139,0.8140000000000004,0.3534918881485115,4.797422458461322e-09,4.480202787344121e-09
2.616431392747942,28.34915669201445,3.45e-07,0.1,242.9393344025002,0.8360000000000004,0.3724020194667209,4.824715956847997e-09,4.6191841847235654e-09
2.419393549857495,29.9602875415308,3.45e-07,0.1,259.1433067892954,0.8580000000000004,0.3914102582093236,4.8485027924987255e-09,4.744948886706499e-09
2.241923153253716,31.5330538441457,3.45e-07,0.1,275.0215108096879,0.8800000000000004,0.4105200728349355,4.869293126444186e-09,4.859026967069835e-09
2.081258315471961,33.06539118334444,3.45e-07,0.1,290.5481173504392,0.9020000000000004,0.4297361959291121,4.887515980225397e-09,4.962781691084007e-09
23.99025807080793,0.2230448086068043,3.45e-07,0.2,0.3049445441835925,0.352,0.051540657013311,2.251950885050289e-09,1.6908451880770938e-10
22.6322209545745,0.3724640940482522,3.45e-07,0.2,0.4856711574065529,0.3740000000000001,0.055592893652335,2.466846173172127e-09,1.7475132697256158e-10
21.30189205360834,0.6038764245303759,3.45e-07,0.2,0.7487616413038223,0.3960000000000001,0.0610802917066382,2.674495211329669e-09,1.820323125617119e-10
19.9741610051036,0.9508935741153632,3.45e-07,0.2,1.118507319063153,0.4180000000000001,0.0681456327155066,2.869711565915491e-09,1.9136256994571578e-10
18.62827393264694,1.453953282920019,3.45e-07,0.2,1.620452132605783,0.4400000000000001,0.0768508571807829,3.049032080455425e-09,2.0329056642539602e-10
17.26084526978639,2.157732823944078,3.45e-07,0.2,2.280470387282765,0.4620000000000001,0.0871754592216047,3.210698091361909e-09,2.1850652628271788e-10
15.88699916885976,3.106897813713762,3.45e-07,0.2,3.127032188992214,0.4840000000000002,0.0990237313117959,3.354415348644369e-09,2.378753882723436e-10
14.53323523349173,4.341087996642721,3.45e-07,0.2,4.200514779638091,0.5060000000000001,0.1122409160548863,3.481005540563612e-09,2.6247290448074186e-10
13.22722665297814,5.890334194400853,3.45e-07,0.2,5.575079257984264,0.5280000000000001,0.1266362155991974,3.5920440463144703e-09,2.9362135702891605e-10
11.98908154367965,7.771636179777984,3.45e-07,0.2,7.400946422454934,0.5500000000000002,0.1420074914886929,3.689542915658824e-09,3.329180594715635e-10
10.82679143627297,9.9865046942907,3.45e-07,0.2,9.972286415991306,0.5720000000000002,0.1581620169331749,3.775703126610027e-09,3.8224515505101866e-10
9.737532223080684,12.51876023982334,3.45e-07,0.2,13.79433868892481,0.5940000000000002,0.1749300170693653,3.852735031986036e-09,4.4374370323484406e-10
8.716100370451606,15.33297410049477,3.45e-07,0.2,19.53761619334136,0.6160000000000002,0.1921707901795704,3.922732311636778e-09,5.197304217742627e-10
7.766449928490325,18.37662860083186,3.45e-07,0.2,27.74790563521808,0.6380000000000002,0.2097731673785512,3.987580851909015e-09,6.1253543273992e-10
6.903281890512742,21.58893565533195,3.45e-07,0.2,38.48685182711187,0.6600000000000003,0.2276526005261389,4.048887221312437e-09,7.242493006785031e-10
6.139965897128279,24.91263641645147,3.45e-07,0.2,51.32404207368332,0.6820000000000003,0.2457468044759208,4.107919421016431e-09,8.56391985898167e-10
5.478647819311555,28.30125033041454,3.45e-07,0.2,65.65177685042607,0.7040000000000003,0.2640112184487635,4.1655626434059844e-09,1.009553677996474e-09
4.911272419759587,31.71985806291378,3.45e-07,0.2,80.9403939014033,0.7260000000000003,0.2824149402972492,4.222301084171387e-09,1.183095281960797e-09
4.425145140606643,35.1427111663909,3.45e-07,0.2,96.80777022624912,0.7480000000000003,0.3009373689405143,4.278238820652579e-09,1.3750110324870641e-09
4.007102831899036,38.55054852518048,3.45e-07,0.2,112.9947531444698,0.7700000000000004,0.3195655642115763,4.333165561840824e-09,1.5820259984761041e-09
3.645399906248413,41.92858041992888,3.45e-07,0.2,129.3251804677291,0.7920000000000004,0.3382922347997444,4.3866591010635354e-09,1.799929120385729e-09
3.330213585952597,45.26514767486727,3.45e-07,0.2,145.6755132338993,0.8140000000000004,0.3571142354287331,4.4382031898453124e-09,2.024060878667057e-09
3.05355634305334,48.55085491944423,3.45e-07,0.2,161.9555775691082,0.8360000000000004,0.3760314581734447,4.487295082880348e-09,2.249827631109749e-09
2.809000505871346,51.77800536061133,3.45e-07,0.2,178.0969675379551,0.8580000000000004,0.3950460199783979,4.5335232277037855e-09,2.473124017517487e-09
2.591381930040001,54.9402235951347,3.45e-07,0.2,194.0460752512681,0.8800000000000004,0.4141616686551834,4.5766078465664784e-09,2.690596602189062e-09
2.396539420365199,58.03219684890008,3.45e-07,0.2,209.7598179131721,0.9020000000000004,0.4333833482122255,4.616408565081872e-09,2.899742362663751e-09
2.221102249484904,61.04949224861763,3.45e-07,0.2,225.2029397466052,0.9240000000000004,0.4527168796801456,4.652909485640869e-09,3.098877490949277e-09
2.06232242739,63.98842391353211,3.45e-07,0.2,240.3462502143243,0.9460000000000004,0.4721687254847478,4.686192922808077e-09,3.28702716633248e-09
23.73390714719972,0.2516220542217321,3.45e-07,0.3,0.2672822912895387,0.352,0.0520214883803396,2.276727981917822e-09,1.5743902131631679e-10
22.36736745597982,0.4177797024657957,3.45e-07,0.3,0.4222616103781947,0.3740000000000001,0.0562613304082245,2.4897279735293312e-09,1.593216332609385e-10
21.03276675944655,0.6733737355560873,3.45e-07,0.3,0.6447448583217154,0.3960000000000001,0.0619611754880757,2.694328273901715e-09,1.6159540092526389e-10
19.70561214468054,1.054062867088655,3.45e-07,0.3,0.9523286874464576,0.4180000000000001,0.0692531718231234,2.885487517626595e-09,1.643449390504836e-10
18.3664782696003,1.602305449927098,3.45e-07,0.3,1.361712404607961,0.4400000000000001,0.078187774523955,3.059884872616874e-09,1.6767140520464888e-10
17.01338040926465,2.364571100468214,3.45e-07,0.3,1.886487820190951,0.4620000000000001,0.0887333857955755,3.215859791606263e-09,1.716960071063374e-10
15.66265451657535,3.387033624722091,3.45e-07,0.3,2.535751118699268,0.4840000000000002,0.1007848449467445,3.353145474377817e-09,1.765644008856294e-10
14.34200183562093,4.710819858714029,3.45e-07,0.3,3.314469430501529,0.5060000000000001,0.1141807515751864,3.472509015313687e-09,1.8245212858451908e-10
13.08101680449386,6.368166595097897,3.45e-07,0.3,4.225847790595687,0.5280000000000001,0.128727091069351,3.575389621748188e-09,1.8957124037845807e-10
11.90362616183309,8.380400768922323,3.45e-07,0.3,5.275292210610514,0.5500000000000002,0.144221717008539,3.663590445533118e-09,1.9817823705185338e-10
10.82441124009406,10.75782695377036,3.45e-07,0.3,6.47563202727111,0.5720000000000002,0.1604742405332277,3.739046384035111e-09,2.0858343618194749e-10
9.84841842220798,13.50092580923613,3.45e-07,0.3,7.854160198394064,0.5940000000000002,0.177318495863643,3.803667413578092e-09,2.2116178892013218e-10
8.972944586196755,16.60202049471442,3.45e-07,0.3,9.463449579757986,0.6160000000000002,0.19461774022785,3.8592451646919755e-09,2.363650230135037e-10
8.18985295379035,20.04666994194917,3.45e-07,0.3,11.39933142740592,0.6380000000000002,0.212264511585619,3.907406659218822e-09,2.547347228536647e-10
7.487590195120505,23.81427535062526,3.45e-07,0.3,13.82953090385586,0.6600000000000003,0.2301774323056364,3.949599960178341e-09,2.7691553220806807e-10
6.852774833769364,27.87763246286193,3.45e-07,0.3,17.0306034676371,0.6820000000000003,0.2482967918708404,3.9870992684162555e-09,3.0366703258661265e-10
6.271852036476268,32.20156932835079,3.45e-07,0.3,21.40970416096524,0.7040000000000003,0.2665800627810944,4.021020122041487e-09,3.358719817564764e-10
5.733532978365169,36.74167891183603,3.45e-07,0.3,27.45295065930932,0.7260000000000003,0.284997927348473,4.052338053809089e-09,3.7453752367535826e-10
5.231662730846989,41.44523581923236,3.45e-07,0.3,35.55179692833277,0.7480000000000003,0.3035310123781154,4.081906124478014e-09,4.2078485172633076e-10
4.766110088185527,46.25593395772673,3.45e-07,0.3,45.79156219734575,0.7700000000000004,0.3221673236199686,4.110468261750648e-09,4.758219404113882e-10
4.339972832278254,51.12090996787628,3.45e-07,0.3,57.90188346278885,0.7920000000000004,0.3409002889150973,4.138666509153462e-09,5.408938759260812e-10
3.955505744739087,55.99603706340831,3.45e-07,0.3,71.41433933893575,0.8140000000000004,0.359727299858828,4.167041382551191e-09,6.172067539499901e-10
3.612169132543235,60.84732782534319,3.45e-07,0.3,85.85646161418613,0.8360000000000004,0.3786486436059706,4.196025783183135e-09,7.058248893740647e-10
3.307039749789131,65.64954403865596,3.45e-07,0.3,100.8510058911206,0.8580000000000004,0.3976667266008291,4.22593442334563e-09,8.075475397968111e-10
3.036008204113785,70.38398459508521,3.45e-07,0.3,116.1282110036671,0.8800000000000004,0.416785510104455,4.256952297001605e-09,9.227796337259171e-10
2.794733111866106,75.03655879166,3.45e-07,0.3,131.5028920953811,0.9020000000000004,0.4360100977508149,4.289126880263222e-09,1.0514186872538e-09
2.579155193430322,79.59641101333315,3.45e-07,0.3,146.8480324938134,0.9240000000000004,0.4553464323367347,4.322368835425789e-09,1.192783575065183e-09
2.385698047339278,84.05501239262365,3.45e-07,0.3,162.0747308578755,0.9460000000000004,0.4748010714212255,4.356464566789238e-09,1.345606826416693e-09
2.211302326332426,88.40557305264902,3.45e-07,0.3,177.1189301871145,0.9680000000000004,0.494381020044108,4.3911011699758355e-09,1.508099954971072e-09
2.053386930142166,92.64265789681572,3.45e-07,0.3,191.9330674982195,0.9900000000000004,0.5140936050642521,4.425900990843338e-09,1.678084272332826e-09
24.95042907913516,0.1622947576707363,3.45e-07,0.4,0.143101309871689,0.33,0.0492759041523796,2.080021343627561e-09,1.52338684918353e-10
23.52934456663267,0.2766114283491476,3.45e-07,0.4,0.2332495518729476,0.352,0.05236936451744,2.294793084810433e-09,1.532435024887628e-10
22.15210707832178,0.4571508319520688,3.45e-07,0.4,0.3665459471212123,0.3740000000000001,0.0567418118111684,2.506955320034124e-09,1.542686866900774e-10
20.81126153599282,0.7332932676393813,3.45e-07,0.4,0.5561225918869518,0.3960000000000001,0.0625907138511049,2.710092954745578e-09,1.554314671683779e-10
19.48285134969501,1.142249668983148,3.45e-07,0.4,0.815671421690941,0.4180000000000001,0.070040712528059,2.899303792407058e-09,1.5675257736791048e-10
18.14782508996683,1.727930342327148,3.45e-07,0.4,1.157861819147583,0.4400000000000001,0.0791342745262759,3.071411141199816e-09,1.5825712869511839e-10
16.80416068823453,2.537958651636354,3.45e-07,0.4,1.592613149506947,0.4620000000000001,0.0898321851713418,3.224878555564402e-09,1.5997546624857838e-10
15.46768454275564,3.619233676037926,3.45e-07,0.4,2.125934974326424,0.4840000000000002,0.1020229093596452,3.359528740652377e-09,1.6194401134163488e-10
14.16516402553672,5.01318976257685,3.45e-07,0.4,2.759921840789882,0.5060000000000001,0.1155407024257223,3.476178876058584e-09,1.642061418807202e-10
12.92502343483464,6.752114221735738,3.45e-07,0.4,3.49392310658732,0.5280000000000001,0.1301896004897397,3.576280720304055e-09,1.668131903432238e-10
11.77007983495771,8.857384708765077,3.45e-07,0.4,4.326357441727419,0.5500000000000002,0.1457676885280621,3.6616176434778104e-09,1.698256468617842e-10
10.71415848508206,11.33964845694859,3.45e-07,0.4,5.256526812989578,0.5720000000000002,0.1620863598704869,3.734078316958422e-09,1.733146478860287e-10
9.762116708466712,14.2003329987422,3.45e-07,0.4,6.286081854647758,0.5940000000000002,0.1789820420980121,3.795505089154955e-09,1.773638185157728e-10
8.911774874307547,17.43370293677144,3.45e-07,0.4,7.42019428728607,0.6160000000000002,0.1963207843707861,3.847604162860417e-09,1.820715259415274e-10
8.156365635418746,21.02884946740357,3.45e-07,0.4,8.668783707274718,0.6380000000000002,0.2139977213030559,3.891901538793561e-09,1.875535949571595e-10
7.486681005215384,24.97128124097932,3.45e-07,0.4,10.04832089992367,0.6600000000000003,0.2319336841138916,3.929729897103352e-09,1.9394653273421309e-10
6.892616567306693,29.24401136579104,3.45e-07,0.4,11.58490055276614,0.6820000000000003,0.2500707300124287,3.962234587500426e-09,2.0141130505094838e-10
6.364116909800789,33.82815436787634,3.45e-07,0.4,13.31954947694171,0.7040000000000003,0.268367682107128,3.990390165268235e-09,2.101376947139912e-10
5.891647778926608,38.70307528428403,3.45e-07,0.4,15.31711201316658,0.7260000000000003,0.2867962148622979,4.0150217292164405e-09,2.2034924875556678e-10
5.466342971963295,43.84610855135075,3.45e-07,0.4,17.68022176331256,0.7480000000000003,0.3053376606156973,4.036827467406475e-09,2.3230877666331837e-10
5.079971791569056,49.23183121447343,3.45e-07,0.4,20.56869676999838,0.7700000000000004,0.3239805202932804,4.056400323160331e-09,2.463242883864807e-10
4.724897206458744,54.83090087598245,3.45e-07,0.4,24.2195268070144,0.7920000000000004,0.342718578977144,4.074247677595936e-09,2.6275514776332837e-10
4.394253031154644,60.60866722450595,3.45e-07,0.4,28.95041327185935,0.8140000000000004,0.3615495054103519,4.090808541036253e-09,2.820180539264334e-10
4.082547738057331,66.52422796829931,3.45e-07,0.4,35.11589057163625,0.8360000000000004,0.3804738213446739,4.106468072012631e-09,3.0459224294640915e-10
3.786557264184655,72.53108649595683,3.45e-07,0.4,42.99724692158108,0.8580000000000004,0.3994941440634184,4.121569391579089e-09,3.3102302454353004e-10
3.505763927043548,78.58025205847464,3.45e-07,0.4,52.6721372436914,0.8800000000000004,0.4186146263460822,4.136422700805049e-09,3.6192244424296566e-10
3.241615665062539,84.6250056039712,3.45e-07,0.4,63.96662399386101,0.9020000000000004,0.4378405400812812,4.151311690128941e-09,3.9796551647608705e-10
2.995975332548419,90.62505829202982,3.45e-07,0.4,76.53294666158007,0.9240000000000004,0.4571779681451542,4.166497191042395e-09,4.3988017575805855e-10
2.769892923100019,96.54837317400478,3.45e-07,0.4,89.97967025329257,0.9460000000000004,0.4766335792534565,4.182218007024092e-09,4.884289740181191e-10
2.563259564927255,102.370758922627,3.45e-07,0.4,103.9639848771212,0.9680000000000004,0.4962144643735945,4.198688918771572e-09,5.44380795689872e-10
2.37506613226579,108.0743790043163,3.45e-07,0.4,118.2234437865479,0.9900000000000004,0.5159280167185799,4.216096025566041e-09,6.084716546770287e-10
2.203812797007066,113.6461430277445,3.45e-07,0.4,132.5703826749843,1.012,0.5357818420455698,4.2345898750317504e-09,6.81355112155161e-10
2.047833148762479,119.0764034349512,3.45e-07,0.4,146.8742122321916,1.034,0.555783690393458,4.254277227791575e-09,7.63545000468135e-10
24.8019695670742,0.1757156921464554,3.45e-07,0.5,0.1259245091653717,0.33,0.0494419043713448,2.0919656347612602e-09,1.49939780773233e-10
23.36529098160131,0.2984560491030401,3.45e-07,0.5,0.204698978547341,0.352,0.052611205262916,2.306651285794147e-09,1.5057713380837448e-10
21.97632947187994,0.4914083996525143,3.45e-07,0.5,0.3203883913787197,0.3740000000000001,0.0570743670461343,2.518275045472383e-09,1.512856171942771e-10
20.62861922570494,0.7851343657078637,3.45e-07,0.5,0.4836185815412209,0.3960000000000001,0.0630247276880566,2.720502635472689e-09,1.520698937010621e-10
19.29878832023189,1.218065630723439,3.45e-07,0.5,0.7052742490853201,0.4180000000000001,0.0705818019681771,2.908535223852895e-09,1.5293450628275418e-10
17.96771970465186,1.835234658269339,3.45e-07,0.5,0.9953079102868788,0.4400000000000001,0.0797826528903216,3.079300496583764e-09,1.538842990298521e-10
16.63276109750462,2.685138954544242,3.45e-07,0.5,1.361460325203728,0.4620000000000001,0.0905829593140154,3.231351328971773e-09,1.549249979091932e-10
15.30874489451594,3.815203288052773,3.45e-07,0.5,1.808397907567774,0.4840000000000002,0.1028669680516947,3.364576190925599e-09,1.560639003588785e-10
14.02125565263457,5.267036789186671,3.45e-07,0.5,2.33767477813666,0.5060000000000001,0.1164661231532901,3.479832748132162e-09,1.573105966419275e-10
12.79751473036867,7.072846507331285,3.45e-07,0.5,2.94851588227022,0.5280000000000001,0.1311832723536772,3.5785907290129203e-09,1.5867764025884358e-10
11.65928401558722,9.253822617279305,3.45e-07,0.5,3.639026783115579,0.5500000000000002,0.1468167609534022,3.662633759854515e-09,1.6018110669675748e-10
10.61960258702118,11.8204612637023,3.45e-07,0.5,4.4073528753126,0.5720000000000002,0.1631792514713218,3.733838064883842e-09,1.6184102322908977e-10
9.682853245681372,14.77418250170614,3.45e-07,0.5,5.252505109600011,0.5940000000000002,0.1801089516805126,3.794025032057106e-09,1.6368170026790428e-10
8.846669459311835,18.10945735150862,3.45e-07,0.5,6.174821523482663,0.6160000000000002,0.1974737989799681,3.844874388335058e-09,1.6573202894267929e-10
8.10432967601507,21.81585059230092,3.45e-07,0.5,7.176187407046835,0.6380000000000002,0.2151706709499471,3.8878819803318414e-09,1.6802582130147008e-10
7.44685209083937,25.8796757648434,3.45e-07,0.5,8.260176257028133,0.6600000000000003,0.2331218772368178,3.924347545338554e-09,1.706022616606317e-10
6.864509877010017,30.28518839373852,3.45e-07,0.5,9.432255383099376,0.6820000000000003,0.2512706610223318,3.955380896360204e-09,1.735065198388085e-10
6.347780672370626,35.01536904875734,3.45e-07,0.5,10.70017906671938,0.7040000000000003,0.2695767609282471,3.981918182397973e-09,1.7679055894665348e-10
5.887858415965368,40.05239035970809,3.45e-07,0.5,12.07469867174474,0.7260000000000003,0.2880125388811816,4.004742655554044e-09,1.8051415764344528e-10
5.476868910321337,45.37785730512675,3.45e-07,0.5,13.57076662351613,0.7480000000000003,0.3065598321682705,4.024506484436332e-09,1.847461604738988e-10
5.107903171390032,50.97288540869344,3.45e-07,0.5,15.20950901063707,0.7700000000000004,0.3252075043831741,4.041751635325343e-09,1.8956596844567418e-10
4.77494735332857,56.81805165411686,3.45e-07,0.5,17.02139768793988,0.7920000000000004,0.3439495929171135,4.056928821261705e-09,1.9506528277994607e-10
4.472758203239853,62.89322359923419,3.45e-07,0.5,19.05125697262505,0.8140000000000004,0.3627839323504267,4.0704141289243494e-09,2.01350115177579e-10
4.196712704400073,69.17724497047223,3.45e-07,0.5,21.36590292678432,0.8360000000000004,0.3817111423021342,4.082523288952711e-09,2.085430757306425e-10
3.942651505058159,75.64743448234034,3.45e-07,0.5,24.0650115023784,0.8580000000000004,0.4007338873910405,4.093523744809604e-09,2.1678594270081208e-10
3.706741084791015,82.27885285387198,3.45e-07,0.5,27.29441020495537,0.8800000000000004,0.41985633722292,4.103644760341629e-09,2.2624250464319379e-10
3.485403107268914,89.04334763297406,3.45e-07,0.5,31.25691154473517,0.9020000000000004,0.4390837720214126,4.1130858284182195e-09,2.371016424096365e-10
3.275391937782818,95.90855665699736,3.45e-07,0.5,36.20827911603297,0.9240000000000004,0.4584222934520049,4.122023629107629e-09,2.495805838974301e-10
3.074091237642923,102.8373615481468,3.45e-07,0.5,42.41986628290167,0.9460000000000004,0.4778786103716143,4.130617752365349e-09,2.6392821559503837e-10
2.879958868802509,109.7885484664294,3.45e-07,0.5,50.10036858056902,0.9680000000000004,0.4974598766337874,4.139015357188983e-09,2.804282696187465e-10
2.692806223440743,116.7191833896301,3.45e-07,0.5,59.3071768412579,0.9900000000000004,0.5171735645107826,4.147354892247169e-09,2.994021197716751e-10
2.513567960191735,123.5882048478357,3.45e-07,0.5,69.90931195254701,1.012,0.5370273640392675,4.155768954513584e-09,3.2121081143531037e-10
2.343617038479166,130.3597572417586,3.45e-07,0.5,81.63319502828135,1.034,0.5570291042588595,4.164386313721691e-09,3.4625581929102566e-10
2.184076182417098,137.0049623035441,3.45e-07,0.5,94.15354217772004,1.056,0.5771866942832847,4.173333084964086e-09,3.7497788797608e-10
2.035479135185691,143.5019509192145,3.45e-07,0.5,107.1693087894797,1.078000000000001,0.5975080809582314,4.1827329959904606e-09,4.0785318947769364e-10
24.68363134939884,0.1876058850060791,3.45e-07,0.6,0.1125075150876048,0.33,0.0495544330515092,2.0996020626899803e-09,1.4814402337657588e-10
23.23093788514137,0.3177655373875926,3.45e-07,0.6,0.1825497907407669,0.352,0.0527746246821522,2.314177015881818e-09,1.4860404405947267e-10
21.82958219178549,0.5215816724247817,3.45e-07,0.6,0.2848112957614476,0.3740000000000001,0.0572984235938504,2.525391672187578e-09,1.4911383276728879e-10
20.47457353699445,0.8305810777623034,3.45e-07,0.6,0.4280727861276468,0.3960000000000001,0.0633163765108205,2.7269704616934403e-09,1.4967664992735318e-10
19.14317295997364,1.284175880566115,3.45e-07,0.6,0.6211783045450106,0.4180000000000001,0.0709445751630305,2.914188769596514e-09,1.5029526981052868e-10
17.81593458285145,1.928290786754989,3.45e-07,0.6,0.8721426609567998,0.4400000000000001,0.0802164976505565,3.084049538924806e-09,1.5097195095679428e-10
16.48921774460989,2.812116924599993,3.45e-07,0.6,1.187204665453521,0.4620000000000001,0.0910844557644615,3.235170972439855e-09,1.517084519330221e-10
15.1765857314662,3.98349945737604,3.45e-07,0.6,1.570183500733463,0.4840000000000002,0.1034299400937342,3.367490847511211e-09,1.525061125780248e-10
13.90234020668757,5.484190502224462,3.45e-07,0.6,2.022431240607879,0.5060000000000001,0.1170825862965476,3.4818984792286772e-09,1.533660269763999e-10
12.69256965220714,7.346328595311677,3.45e-07,0.6,2.543381274923849,0.5280000000000001,0.1318445110083781,3.579879058257539e-09,1.542893318383702e-10
11.56815015912057,9.59092638660296,3.45e-07,0.6,3.131412559201299,0.5500000000000002,0.1475142773806739,3.6632186092429282e-09,1.552776180517784e-10
10.54151896656447,12.2282919162039,3.45e-07,0.6,3.784686887134357,0.5720000000000002,0.1639054171577637,3.733786324682197e-09,1.5633344455777028e-10
9.616722583279705,15.25971647118544,3.45e-07,0.6,4.501748500028387,0.5940000000000002,0.1808573296736273,3.7933905441714795e-09,1.5746090107978138e-10
8.79126971035443,18.67963960483132,3.45e-07,0.6,5.281849467628917,0.6160000000000002,0.1982392038408928,3.843694733187127e-09,1.58666144487417e-10
8.058460897142547,22.47770727331762,3.45e-07,0.6,6.125071023479316,0.6380000000000002,0.2159490660514768,3.8861773055434934e-09,1.5995783608656068e-10
7.409426196029822,26.64043197185543,3.45e-07,0.6,7.032337255411706,0.6600000000000003,0.2339101971191125,3.922120678735742e-09,1.6134743646925158e-10
6.834598860644915,31.15239122429155,3.45e-07,0.6,8.005399301159184,0.6820000000000003,0.2520666178731507,3.952618087850509e-09,1.628493592433107e-10
6.324639619343153,35.99702357674676,3.45e-07,0.6,9.046840448898624,0.7040000000000003,0.2703786671296889,3.9785899724105574e-09,1.6448102603729188e-10
5.870937154722553,41.15712237415357,3.45e-07,0.6,10.16013258373976,0.7260000000000003,0.288819158536715,4.000804531280949e-09,1.662628877329405e-10
5.465823346320826,46.61512360569246,3.45e-07,0.6,11.34976634240756,0.7480000000000003,0.3073702635481957,4.019899128060479e-09,1.6821847738787288e-10
5.102615555863147,52.3532626197102,3.45e-07,0.6,12.62148014050798,0.7700000000000004,0.3260210899965675,4.036400674074681e-09,1.703745454263645e-10
4.775564381958344,58.35365062500264,3.45e-07,0.6,13.98262588503697,0.7920000000000004,0.344765852085516,4.050744055102199e-09,1.727613077071239e-10
4.479756537158184,64.59830165788382,3.45e-07,0.6,15.4427326824718,0.8140000000000004,0.3636025110353165,4.063288245300971e-09,1.754128200605071e-10
4.211001732872261,71.0691252267213,3.45e-07,0.6,17.01436785274796,0.8360000000000004,0.3825317755084877,4.0743300863677285e-09,1.7836748233556219e-10
3.965718767225355,77.7478881415316,3.45e-07,0.6,18.71445322711048,0.8580000000000004,0.4015563702042874,4.0841158889479465e-09,1.816686707379e-10
3.740827501996173,84.61613942156788,3.45e-07,0.6,20.56628100130343,0.8800000000000004,0.4206805012346082,4.092851096383066e-09,1.8536549732450578e-10
3.533648402787655,91.65508299130695,3.45e-07,0.6,22.6025881651817,0.9020000000000004,0.4399094646105423,4.100708277172084e-09,1.895136977453971e-10
3.341808761331731,98.84537300879538,3.45e-07,0.6,24.87016491407186,0.9240000000000004,0.4592493584040533,4.10783370694952e-09,1.941766509381107e-10
3.163154491123414,106.16679663797,3.45e-07,0.6,27.43648041010515,0.9460000000000004,0.4787068700408346,4.114352778783827e-09,1.9942653631601018e-10
2.995669618305004,113.597803741344,3.45e-07,0.6,30.39840099036725,0.9680000000000004,0.498289118257873,4.120374451450784e-09,2.0534563428045938e-10
2.837414757469307,121.1148568947369,3.45e-07,0.6,33.89160085310713,0.9900000000000004,0.5180035350958668,4.1259949143395565e-09,2.12027774063807e-10
2.68651270684258,128.6916385637811,3.45e-07,0.6,38.09585606208969,1.012,0.5378577773554215,4.131300617625857e-09,2.19579928467732e-10
2.541226520235656,136.29830367503,3.45e-07,0.6,43.22630055604024,1.034,0.5578596595526084,4.13637078860656e-09,2.2812394750867618e-10
2.400163231039957,143.9011970044051,3.45e-07,0.6,49.49851206253322,1.056,0.5780171018941762,4.141279530098464e-09,2.3779841180281775e-10
2.262553254820269,151.4636012866268,3.45e-07,0.6,57.06610978842733,1.078000000000001,0.5983380878107654,4.146097574555683e-09,2.4876057087751066e-10
2.128428993482782,158.9478221427436,3.45e-07,0.6,65.95628144852492,1.1,0.6188306271999333,4.150893747607138e-09,2.6118830969966176e-10
24.58671471125506,0.1983350008973777,3.45e-07,0.7,0.1026120670608299,0.33,0.0496291689050958,2.104413013571481e-09,1.468075442498226e-10
23.11781517768523,0.3351617028297014,3.45e-07,0.7,0.166267225683933,0.352,0.0528829320748126,2.31888834285874e-09,1.4714313883791308e-10
21.70363788830924,0.5486863320049307,3.45e-07,0.7,0.258725760062918,0.3740000000000001,0.0574466303202366,2.5298042271566962e-09,1.4751310286380058e-10
20.34098340209133,0.8712427814998035,3.45e-07,0.7,0.3874267079461854,0.3960000000000001,0.0635089606221798,2.730923472855416e-09,1.47919984228532e-10
19.007796952256,1.343048965855512,3.45e-07,0.7,0.5597299808761275,0.4180000000000001,0.0711837638975333,2.9175700345337e-09,1.4836615208714002e-10
17.68416020504993,2.010756154664721,3.45e-07,0.7,0.7822396707191103,0.4400000000000001,0.0805021707056093,3.086796475449586e-09,1.4885378154163429e-10
16.36523516759889,2.924120690227839,3.45e-07,0.7,1.060094751985599,0.4620000000000001,0.0914142969895136,3.2372648938842252e-09,1.4938483177716318e-10
15.06315549124786,4.131335494749131,3.45e-07,0.7,1.396480347048414,0.4840000000000002,0.1037998468659694,3.3689476068748152e-09,1.4996101056150188e-10
13.80088983038689,5.674278154257818,3.45e-07,0.7,1.792576935212638,0.5060000000000001,0.1174872964038281,3.482758216845128e-09,1.50583723642695e-10
12.60345255446486,7.585037141108633,3.45e-07,0.7,2.247955259563099,0.5280000000000001,0.1322783082117732,3.5801968086257504e-09,1.512540155987149e-10
11.49095677115039,9.884474130633892,3.45e-07,0.7,2.761218548979797,0.5500000000000002,0.1479716074557107,3.6630565354226503e-09,1.5197251836544148e-10
10.47537204053659,12.58271836932398,3.45e-07,0.7,3.330641342967578,0.5720000000000002,0.1643813066711664,3.733207659098144e-09,1.52739433528111e-10
9.560517892157751,15.68090766862846,3.45e-07,0.7,3.954643492196688,0.5940000000000002,0.1813475898934672,3.792454985950164e-09,1.535545816717637e-10
8.743848157469007,19.1733829205152,3.45e-07,0.7,4.632061792769561,0.6160000000000002,0.1987404649680458,3.842455001834029e-09,1.5441755228866587e-10
8.018716529982342,23.04975760688768,3.45e-07,0.7,5.362261233861966,0.6380000000000002,0.216458707234778,3.8846766444140824e-09,1.553279762884179e-10
7.376364182705172,27.2965791145898,3.45e-07,0.7,6.14515075639892,0.6600000000000003,0.2344262291428893,3.920391215797925e-09,1.56285918161927e-10
6.8073594115386,31.89852472190453,3.45e-07,0.7,6.981158064522091,0.6820000000000003,0.2525875565160572,3.950680017742409e-09,1.5729235085943358e-10
6.302501483419324,36.83919553985509,3.45e-07,0.7,7.871198473405473,0.7040000000000003,0.2709034175762938,3.976451501873199e-09,1.5834964558316168e-10
5.853310616236667,42.10161097927973,3.45e-07,0.7,8.816656497904395,0.7260000000000003,0.2893469189687259,3.998462456107612e-09,1.59461996207836e-10
5.452239247976087,47.66850135457651,3.45e-07,0.7,9.819389060904705,0.7480000000000003,0.3079004490268032,4.017339832164182e-09,1.606357131278844e-10
5.092714379316071,53.52247453151849,3.45e-07,0.7,10.8817548857822,0.7700000000000004,0.326553274442404,4.033601301650496e-09,1.6187935974788148e-10
4.769087862581987,59.64610900552668,3.45e-07,0.7,12.00667410176536,0.7920000000000004,0.3452997250443647,4.047673621056261e-09,1.632037502088126e-10
4.476543515074721,66.02200646285739,3.45e-07,0.7,13.19772411780293,0.8140000000000004,0.3641378459021904,4.05990850614678e-09,1.6462186069897319e-10
4.210989778790483,72.6328229043805,3.45e-07,0.7,14.45928197846207,0.8360000000000004,0.3830684063214738,4.070596068246146e-09,1.661487186831544e-10
3.968953452999143,79.46128805983047,3.45e-07,0.7,15.79673001927367,0.8580000000000004,0.4020941746717866,4.079976037001364e-09,1.67801326332275e-10
3.747481943288441,86.49021678635252,3.45e-07,0.7,17.21675173327738,0.8800000000000004,0.4212193881679795,4.0882470565753035e-09,1.695986555929987e-10
3.544056780382995,93.70251220211544,3.45e-07,0.7,18.72776022454955,0.9020000000000004,0.4404493643381992,4.095574345423301e-09,1.7156173254353218e-10
3.356518572720706,101.0811574500799,3.45e-07,0.7,20.34052537552688,0.9240000000000004,0.4597902150289495,4.102095986083587e-09,1.7371381398793439e-10
3.18300219324269,108.6091904138634,3.45e-07,0.7,22.06910197422777,0.9460000000000004,0.4792486345785766,4.107928078587372e-09,1.7608065129750788e-10
3.021880310064344,116.2696527341567,3.45e-07,0.7,23.93221425908176,0.9680000000000004,0.4988317417845495,4.113168957609702e-09,1.786908341497721e-10
2.871713038584229,124.0455004919151,3.45e-07,0.7,25.95532522580203,0.9900000000000004,0.518546961109155,4.117902642634921e-09,1.8157620791771049e-10
2.731201414179362,131.9194584858609,3.45e-07,0.7,28.1737029018155,1.012,0.5384019327577494,4.12220166312652e-09,1.8477236110314307e-10
2.599142721565857,139.8737932903689,3.45e-07,0.7,30.63684619275976,1.034,0.5584044442611723,4.126129376988971e-09,1.883191820849152e-10
2.474387074542188,147.8899742510638,3.45e-07,0.7,33.41451520525816,1.056,0.5785623783292858,4.129741880215851e-09,1.9226148684418417e-10
2.355798306050533,155.9481929267125,3.45e-07,0.7,36.60400968900815,1.078000000000001,0.5988836732451852,4.133089588200339e-09,1.966497209043116e-10
2.242229986709872,164.0267359906424,3.45e-07,0.7,40.33670627272333,1.1,0.6193762930745864,4.136218554383969e-09,2.0154073935796657e-10
24.50485339675051,0.2082244914472133,3.45e-07,0.8,0.0955896358364226,0.33,0.0496781404823644,2.107384914976823e-09,1.4580221461756418e-10
23.01974376449438,0.3511768115701681,3.45e-07,0.8,0.1547163874088583,0.352,0.052953804300828,2.321784126974522e-09,1.460531388970736e-10
21.59251031690025,0.5735783533990759,3.45e-07,0.8,0.2402090876082448,0.3740000000000001,0.0575434875673979,2.532493283970312e-09,1.463277262879036e-10
20.22194375971568,0.9084553260607744,3.45e-07,0.8,0.3585316433579539,0.3960000000000001,0.0636346767488263,2.7332997618645472e-09,1.4662771924659469e-10
18.88672548293339,1.396704030670821,3.45e-07,0.8,0.5159561492795025,0.4180000000000001,0.071339747109526,2.919558418302772e-09,1.4695479428822068e-10
17.5664012444743,2.085580570838628,3.45e-07,0.8,0.7180392438899583,0.4400000000000001,0.080688304668183,3.088353158309759e-09,1.473105820247403e-10
16.25482683541547,3.025310536853106,3.45e-07,0.8,0.9690811996255868,0.4620000000000001,0.0916290432527898,3.238373565690312e-09,1.476966869091681e-10
14.96262035179559,4.264377557650879,3.45e-07,0.8,1.2717483104558,0.4840000000000002,0.1040405147702968,3.3696133919849e-09,1.481146989755266e-10
13.71139527776847,5.844766528771461,3.45e-07,0.8,1.627025146928034,0.5060000000000001,0.1177504528366716,3.4830012611177e-09,1.485661912067503e-10
12.52513474049712,7.798524164825079,3.45e-07,0.8,2.034511192920009,0.5280000000000001,0.1325602358249105,3.580046696585179e-09,1.49052697898972e-10
11.42326988433798,10.14637791010954,3.45e-07,0.8,2.492919091682757,0.5500000000000002,0.1482687024091885,3.662548065922364e-09,1.495756712763115e-10
10.4173894184644,12.89828735566613,3.45e-07,0.8,3.000585300238507,0.5720000000000002,0.164690347261865,3.732378007200797e-09,1.501364158309708e-10
9.51115651286074,16.05522835180886,3.45e-07,0.8,3.555864482333655,0.5940000000000002,0.1816658659123919,3.791341982190521e-09,1.507360029498552e-10
8.702016187137772,19.61141297425166,3.45e-07,0.8,4.157370042839827,0.6160000000000002,0.1990657977784897,3.841096132992048e-09,1.5137517299272158e-10
7.983397987209931,23.55637009782679,3.45e-07,0.8,4.804085384876601,0.6380000000000002,0.2167894031448303,3.883108371923793e-09,1.520542385140047e-10
7.34665896223367,27.87660886452035,3.45e-07,0.8,5.495391746666714,0.6600000000000003,0.2347610027817793,3.918648280379221e-09,1.5277301039382588e-10
6.782495137022263,32.55681264962528,3.45e-07,0.8,6.231053871464846,0.6820000000000003,0.2529254486015253,3.948794526103824e-09,1.53530776459704e-10
6.28182958233969,37.58062992115457,3.45e-07,0.8,7.011191485467223,0.7040000000000003,0.2712437200798892,3.974451748719671e-09,1.543263661035258e-10
5.836294867729634,42.9311662569087,3.45e-07,0.8,7.83625227611353,0.7260000000000003,0.2896891128127411,3.996371588364198e-09,1.551583294928611e-10
5.438441786657578,48.59127591375102,3.45e-07,0.8,8.706993774705584,0.7480000000000003,0.308244154960111,4.015174571150053e-09,1.5602524220384078e-10
5.08178190053451,54.54372918620602,3.45e-07,0.8,9.624476983350696,0.7700000000000004,0.3268982156418682,4.031370969070401e-09,1.5692611599118288e-10
4.760739390940583,60.77130812832386,3.45e-07,0.8,10.59007258870213,0.7920000000000004,0.3456456992891678,4.045379657424052e-09,1.5786086205155078e-10
4.470560322190969,67.25686390976828,3.45e-07,0.8,11.60548014692373,0.8140000000000004,0.3644847051733957,4.057544549772994e-09,1.58830728986697e-10
4.207207654139604,73.9833552827363,3.45e-07,0.8,12.67276105721705,0.8360000000000004,0.3834160419741595,4.068148526747757e-09,1.59838637435745e-10
3.967257397316601,80.9338785799126,3.45e-07,0.8,13.79438715576879,0.8580000000000004,0.4024425066956608,4.0774249802781685e-09,1.6088936057177908e-10
3.747803380085,88.09169405638357,3.45e-07,0.8,14.97330829912935,0.8800000000000004,0.4215683573960598,4.085567218926792e-09,1.6198954373712507e-10
3.546373523531595,95.44025011253132,3.45e-07,0.8,16.21304450005617,0.9020000000000004,0.4407989267466413,4.092736044457514e-09,1.6314759850693978e-10
3.360858038949067,102.9632050757441,3.45e-07,0.8,17.51781134913593,0.9240000000000004,0.4601403374886273,4.099065824785997e-09,1.643735306808813e-10
3.189448722723518,110.6444451645124,3.45e-07,0.8,18.89269214923386,0.9460000000000004,0.4795992915761187,4.104669365473467e-09,1.6567876352523948e-10
3.030587982887488,118.4680965885366,3.45e-07,0.8,20.34387727707669,0.9680000000000004,0.4991829127358267,4.1096418364748054e-09,1.670760030623623e-10
2.88292606036035,126.4185291469927,3.45e-07,0.8,21.87900210979828,0.9900000000000004,0.5188986279486215,4.1140639586002524e-09,1.6857917165324068e-10
2.745284909664406,134.4803479333873,3.45e-07,0.8,23.50763142034271,1.012,0.5387540775070044,4.118004606301368e-09,1.7020341796255978e-10
2.616627264332289,142.6383686058855,3.45e-07,0.8,25.24196327376384,1.034,0.5587570462624919,4.121522945135174e-09,1.7196519956914418e-10
2.496029467253544,150.8775698718854,3.45e-07,0.8,27.09786259744245,1.056,0.5789154107812172,4.124670194098855e-09,1.73882429108337e-10
2.382656669106805,159.1830140541367,3.45e-07,0.8,29.09638646967241,1.078000000000001,0.5992370986214031,4.127491083083857e-09,1.75974674115228e-10
2.275739009078857,167.5397225507232,3.45e-07,0.8,31.26602701396507,1.1,0.619730057012351,4.130025061549396e-09,1.782634025729449e-10
23.91424324780515,1.026893941246722e-05,3.45e-07,0.9,3.37213192289846e-06,0.0,0.0442401398046602,9.409457153203366e-10,1.4331176853954828e-10
24.43356716995127,0.2175263490569896,3.45e-07,0.9,0.090736422741281,0.33,0.0497099592591862,2.109169432858272e-09,1.450267679229163e-10
22.9323865507056,0.3662243931726261,3.45e-07,0.9,0.1467135506145582,0.352,0.0529998113139018,2.323513059260352e-09,1.452199928390211e-10
21.49201496142344,0.5969168691292167,3.45e-07,0.9,0.227329207313389,0.3740000000000001,0.0576063100433746,2.534081999897783e-09,1.454298261184928e-10
20.11335069488688,0.9432385682531652,3.45e-07,0.9,0.3383314208121783,0.3960000000000001,0.0637161557067027,2.734679450062175e-09,1.4565740289268159e-10
18.77585974776714,1.446670175486868,3.45e-07,0.9,0.4851823645183601,0.4180000000000001,0.0714407747131223,2.920680043485435e-09,1.4590381340617288e-10
17.45853906285034,2.154981293523814,3.45e-07,0.9,0.6726431667730167,0.4400000000000001,0.0808087878439854,3.089187599183304e-09,1.46170128224834e-10
16.1538948689425,3.118792380145657,3.45e-07,0.9,0.904353478397782,0.4620000000000001,0.0917679715920928,3.2389089770988612e-09,1.4645742632134639e-10
14.87099307637486,4.386829891346623,3.45e-07,0.9,1.182535764529318,0.4840000000000002,0.1041961367290185,3.3698511515401e-09,1.467668211219462e-10
13.63008788986189,6.001165238629307,3.45e-07,0.9,1.507956062891431,0.5060000000000001,0.1179205416952905,3.482951687481284e-09,1.4709948072106068e-10
12.45416266498557,7.993801854325502,3.45e-07,0.9,1.880160028016784,0.5280000000000001,0.1327423858178883,3.5797253198301122e-09,1.474566396227334e-10
11.36201886456942,10.38533904768848,3.45e-07,0.9,2.297878402519103,0.5500000000000002,0.1484605847615215,3.661972815391883e-09,1.4783960017087448e-10
10.36491858729742,13.18557003777612,3.45e-07,0.9,2.759453594316472,0.5720000000000002,0.1648898823466478,3.731567376851154e-09,1.4824972216660088e-10
9.46641194494736,16.39530266598172,3.45e-07,0.9,3.263180804780905,0.5940000000000002,0.1818713055144026,3.790314059265243e-09,1.48688399131232e-10
8.663962844756849,20.00860223802673,3.45e-07,0.9,3.807526834766667,0.6160000000000002,0.199275737124953,3.839868303076347e-09,1.491570194829905e-10
7.951089909004313,24.01488315169495,3.45e-07,0.9,4.391240505789898,0.6380000000000002,0.2170027502450842,3.881697498796404e-09,1.496569108706604e-10
7.319268436540789,28.40057555643746,3.45e-07,0.9,5.013388697027085,0.6600000000000003,0.2349769287007224,3.917071167114398e-09,1.5018926645342518e-10
6.759317571361403,33.15031833548994,3.45e-07,0.9,5.673351012140529,0.6820000000000003,0.2531433343037781,3.94706847383743e-09,1.507550535337153e-10
6.262275679805666,38.24774737848314,3.45e-07,0.9,6.370796874367322,0.7040000000000003,0.2714631081519525,3.972595035615167e-09,1.51354908196777e-10
5.819877353468402,43.67598489739562,3.45e-07,0.9,7.105659288035869,0.7260000000000003,0.2899096673179811,3.9944037002894865e-09,1.519890249396439e-10
5.424760794296839,49.41792890763728,3.45e-07,0.9,7.87811250082613,0.7480000000000003,0.3084656298113506,4.0131160419159604e-09,1.526570576694398e-10
5.070511118176187,55.45641939778028,3.45e-07,0.9,8.68855655149282,0.7700000000000004,0.327120430538158,4.029242746335882e-09,1.533580568618788e-10
4.751613882735167,61.77433383513064,3.45e-07,0.9,9.537609478220586,0.7920000000000004,0.3458685218222159,4.043202004729997e-09,1.5409047440203318e-10
4.463366299128036,68.35464527685666,3.45e-07,0.9,10.42610702565699,0.8140000000000004,0.3647080377180803,4.055335610811925e-09,1.5485226825907478e-10
4.201774152752003,75.18046256589736,3.45e-07,0.9,11.35510946706501,0.8360000000000004,0.3836398121709001,4.065922781154846e-09,1.556411287468925e-10
3.96344969699412,82.2350630762339,3.45e-07,0.9,12.32591531670469,0.8580000000000004,0.402666660572027,4.075191870873181e-09,1.5645482425129929e-10
3.745517962202244,89.50192295564169,3.45e-07,0.9,13.34008207443558,0.8800000000000004,0.4217928543984889,4.083330202515027e-09,1.572916307600118e-10
3.54553440237191,96.96474663918322,3.45e-07,0.9,14.39945465418708,0.9020000000000004,0.4410237361384755,4.090492216340379e-09,1.581507778573025e-10
3.361414350349038,104.6074957006015,3.45e-07,0.9,15.50620280479569,0.9240000000000004,0.4603654357145244,4.096806126278017e-09,1.5903282935159228e-10
3.19137353222182,112.4144162763618,3.45e-07,0.9,16.66286969335808,0.9460000000000004,0.4798246603003467,4.1023792537858595e-09,1.599399294801753e-10
3.033878371807467,120.3700639457563,3.45e-07,0.9,17.87243499844761,0.9680000000000004,0.4994085373393632,4.107302217991019e-09,1.6087588265039648e-10
2.887604673980239,128.4593248276032,3.45e-07,0.9,19.13839753244678,0.9900000000000004,0.5191244963237452,4.1116521744565384e-09,1.618460802298467e-10
2.751403320921237,136.6674316373408,3.45e-07,0.9,20.46488485855751,1.012,0.538980179023297,4.115495300569956e-09,1.6285732308757488e-10
2.624271742000223,144.979973395164,3.45e-07,0.9,21.85680102285514,1.034,0.5589833707977615,4.1188887129815e-09,1.6391760228278768e-10
2.505330065571882,153.3828973358069,3.45e-07,0.9,23.32002905705261,1.056,0.5791419477166067,4.121881972958039e-09,1.6503589334365858e-10
2.393800997680032,161.8625012584306,3.45e-07,0.9,24.86171335343865,1.078000000000001,0.599463835691199,4.1245182977882225e-09,1.66222000901061e-10
2.2889925807942,170.4054139785894,3.45e-07,0.9,26.4906599107628,1.1,0.61995697887416,4.126835560200254e-09,1.67486470082688e-10
21.84894066867886,1.174570283102641e-05,3.45e-07,1.0,3.234184590563689e-06,0.0,0.0442401742897143,9.406220355393214e-10,1.4298997687118538e-10
24.36976972409819,0.2264266128600697,3.45e-07,1.0,0.0874472049215047,0.33,0.0497305330506851,2.110196809266108e-09,1.444117611749997e-10
22.85276100929996,0.3806080482179468,3.45e-07,1.0,0.1412576874682807,0.352,0.0530295413163256,2.324499838457943e-09,1.4456478883061668e-10
21.39928654212011,0.6191831639982505,3.45e-07,1.0,0.2184789030645348,0.3740000000000001,0.0576468833125763,2.534973588197853e-09,1.447297953700713e-10
20.01241329142038,0.9763334119216296,3.45e-07,1.0,0.3243235855961294,0.3960000000000001,0.0637687506902727,2.7354314773666282e-09,1.4490752038862608e-10
18.67243377391933,1.494053225228913,3.45e-07,1.0,0.4636377129491867,0.4180000000000001,0.0715059573323647,2.9212608646449802e-09,1.450986614338872e-10
17.35781315693776,2.220555558935783,3.45e-07,1.0,0.6405631518328778,0.4400000000000001,0.0808864887712452,3.089578330470371e-09,1.4530389562444538e-10
16.05970645748639,3.206796373080681,3.45e-07,1.0,0.8582050507522347,0.4620000000000001,0.0918575308144377,3.239101742612554e-09,1.455239041319202e-10
14.78562309519005,4.501703494105143,3.45e-07,1.0,1.118398356115093,0.4840000000000002,0.1042964179741187,3.369846414564722e-09,1.457593960863325e-10
13.5544661585508,6.147412344930727,3.45e-07,1.0,1.421680792665657,0.5060000000000001,0.1180301044487458,3.482755427397984e-09,1.4601112951635327e-10
12.38824368057628,8.175874805071173,3.45e-07,1.0,1.767493255024334,0.5280000000000001,0.1328596762717082,3.5793465521332212e-09,1.46279928005215e-10
11.30516125018121,10.60756054348967,3.45e-07,1.0,2.154525905058659,0.5500000000000002,0.1485841004512749,3.6614216858426703e-09,1.465666925283138e-10
10.3161874797823,13.45209480120911,3.45e-07,1.0,2.58108890664429,0.5720000000000002,0.1650182825007499,3.730853866636817e-09,1.4687240833383888e-10
9.424784893564384,16.71011127813044,3.45e-07,1.0,3.045416537479094,0.5940000000000002,0.1820034634830381,3.789447230564723e-09,1.471981467636077e-10
8.628451803786902,20.37551596572932,3.45e-07,1.0,3.545869168060656,0.6160000000000002,0.1994107476935064,3.838855975128085e-09,1.4754506167615088e-10
7.920802494320976,24.43758965286986,3.45e-07,1.0,4.081040792271122,0.6380000000000002,0.2171399096072694,3.880546246374631e-09,1.4791437972094858e-10
7.293430578903249,28.88265836826066,3.45e-07,1.0,4.64979877651921,0.6600000000000003,0.2351157022831648,3.915786553378766e-09,1.483073832010098e-10
6.737274339162743,33.69528607793603,3.45e-07,1.0,5.251283621233815,0.6820000000000003,0.2532833224706655,3.945655452563107e-09,1.4872538372571038e-10
6.243481351824188,38.85906084313535,3.45e-07,1.0,5.884889824707492,0.7040000000000003,0.2716040151020657,3.971058475044908e-09,1.491696843931647e-10
5.803881343065738,44.35708156419839,3.45e-07,1.0,6.55024112120446,0.7260000000000003,0.2900512752438736,3.99274898772415e-09,1.49641528003697e-10
5.411192995494241,50.17224515087254,3.45e-07,1.0,7.247167241262974,0.7480000000000003,0.3086077785526893,4.011349722820499e-09,1.50142029040233e-10
5.05906838842931,56.28741095158239,3.45e-07,1.0,7.9756853886718,0.7700000000000004,0.3272630021071009,4.027373134790959e-09,1.5067208822979349e-10
4.74204832966128,62.68549517607067,3.45e-07,1.0,8.735987410350917,0.7920000000000004,0.3460114288992808,4.0412396775677e-09,1.512322909144992e-10
4.455475493598624,69.3495285666518,3.45e-07,1.0,9.528432559927342,0.8140000000000004,0.3648512152253488,4.053293674656343e-09,1.51822794728738e-10
4.195393136821921,76.26269674990456,3.45e-07,1.0,10.35354534832846,0.8360000000000004,0.3837832111552402,4.063816793782604e-09,1.5244321849136418e-10
3.9584445592557,83.40837368933742,3.45e-07,1.0,11.21201792325088,0.8580000000000004,0.4028102437860286,4.073039321573786e-09,1.530925523667542e-10
3.74178073757788,90.77015316492532,3.45e-07,1.0,12.10471654265134,0.8800000000000004,0.4219365931110931,4.081149520510197e-09,1.537691174819943e-10
3.542979075120531,98.33188006246816,3.45e-07,1.0,13.03269191144485,0.9020000000000004,0.4411676078269149,4.08830137665089e-09,1.5447060777546728e-10
3.35997377579508,106.07768158989,3.45e-07,1.0,13.99719339472744,0.9240000000000004,0.4605094223823866,4.094621033225302e-09,1.5519424298123738e-10
3.19099713391969,113.9919977518232,3.45e-07,1.0,14.99968739628001,0.9460000000000004,0.4799687472363802,4.100212163701864e-09,1.5593704507051748e-10
3.034530512358218,122.0596101243545,3.45e-07,1.0,16.04188050943848,0.9680000000000004,0.499552712182682,4.105160477792957e-09,1.5669622118029768e-10
2.889263638948495,130.2656679423104,3.45e-07,1.0,17.12574843624451,0.9900000000000004,0.5192687483377386,4.109537487764357e-09,1.5746960151082368e-10
2.754060898851847,138.5957106008773,3.45e-07,1.0,18.25357217480599,1.012,0.5391244985060583,4.113403607287842e-09,1.582560550291281e-10
2.627933432533911,147.0356857987324,3.45e-07,1.0,19.42798366163121,1.034,0.5591277485743146,4.116810626311782e-09,1.5905580324511727e-10
2.510016008089455,155.571962670559,3.45e-07,1.0,20.65202402740407,1.056,0.5792863746691723,4.11980360806544e-09,1.5987057750286068e-10
2.399547793454177,164.1913393194558,3.45e-07,1.0,21.92921903678071,1.078000000000001,0.5996083022895602,4.122422278707376e-09,1.607036085993936e-10
2.295856293879758,172.8810441752814,3.45e-07,1.0,23.2636783748784,1.1,0.6201014746690617,4.1247020072667e-09,1.6155948041937857e-10
19.59954335395089,1.363855941222931e-05,3.45e-07,1.1,3.143126113910237e-06,0.0,0.0442401965223027,9.403409387760011e-10,1.4271008743932058e-10
24.31135500853535,0.2350577988553687,3.45e-07,1.1,0.0852542730265344,0.33,0.049743807923506,2.110748335984539e-09,1.43911380916392e-10
22.77883317704364,0.3945432814071315,3.45e-07,1.1,0.1375824801795974,0.352,0.0530487161663899,2.325021243134041e-09,1.440355993331272e-10
21.31237857605992,0.6407177662467891,3.45e-07,1.1,0.2124393461742332,0.3740000000000001,0.0576730411729749,2.535429655847081e-09,1.4416869975352507e-10
19.91724925194261,1.008262630053588,3.45e-07,1.1,0.3146275689428121,0.3960000000000001,0.0638026459307535,2.735793612646676e-09,1.4431117297755157e-10
18.57459835482609,1.539631759409838,3.45e-07,1.1,0.4485123483233467,0.4180000000000001,0.071547949086835,2.921508684544366e-09,1.444634697811331e-10
17.26239283112391,2.283426266779104,3.45e-07,1.1,0.6177412108927146,0.4400000000000001,0.0809365266379024,3.089699668215399e-09,1.446260182079418e-10
15.97046056956899,3.290889093456108,3.45e-07,1.1,0.8249770770174999,0.4620000000000001,0.0919151839843493,3.23909149916761e-09,1.447992430833636e-10
14.70477111245544,4.611113066046195,3.45e-07,1.1,1.071713487571795,0.4840000000000002,0.1043609494225438,3.369704821266495e-09,1.4498358512220218e-10
13.48289307278934,6.286274718533771,3.45e-07,1.1,1.358261834591401,0.5060000000000001,0.1181005821129442,3.482486208122592e-09,1.4517951790807002e-10
12.32587966868964,8.34826224655463,3.45e-07,1.1,1.683932120910688,0.5280000000000001,0.1329350961728371,3.578955303103587e-09,1.45387561937651e-10
11.25136295684648,10.81740955889614,3.45e-07,1.1,2.047341231883726,0.5500000000000002,0.148663492620446,3.660914619074025e-09,1.456082956133251e-10
10.27003786444746,13.70316923441771,3.45e-07,1.1,2.446745985256502,0.5720000000000002,0.1651007817957377,3.730236937689241e-09,1.4584236345969618e-10
9.385293465353808,17.0059944734285,3.45e-07,1.1,2.880320579642516,0.5940000000000002,0.1820883430746908,3.788725601855469e-09,1.460904819677019e-10
8.5946701989549,20.71962242874197,3.45e-07,1.1,3.346344720613251,0.6160000000000002,0.1994974235434368,3.838033740702885e-09,1.463534434098386e-10
7.891880287392728,24.83318723746188,3.45e-07,1.1,3.843306675741132,0.6380000000000002,0.2172279274093003,3.879626345600493e-09,1.4663211779284568e-10
7.268634128946124,29.33289445566162,3.45e-07,1.1,4.369943466597825,0.6600000000000003,0.2352047166458425,3.914770815241962e-09,1.46927452867883e-10
6.715985380004478,34.2032138234669,3.45e-07,1.1,4.92524265980437,0.6820000000000003,0.2533730747815051,3.944544729996598e-09,1.472404718264827e-10
6.225186029876413,39.42766358188913,3.45e-07,1.1,5.508425015865079,0.7040000000000003,0.271694313476827,3.969852845203813e-09,1.475722679796728e-10
5.788155887707039,44.98929475745602,3.45e-07,1.1,6.118920529511184,0.7260000000000003,0.2901419778803582,3.991448007382247e-09,1.479239953458571e-10
5.397689254839224,50.87097596316566,3.45e-07,1.1,6.756344858845007,0.7480000000000003,0.3086987806298743,4.009952737398246e-09,1.482968536605577e-10
5.04750071131168,57.05555587286369,3.45e-07,1.1,7.420479419999954,0.7700000000000004,0.3273542258239487,4.0258796445823025e-09,1.486920658826915e-10
4.73218231524695,63.52595620809949,3.45e-07,1.1,8.111256248603475,0.7920000000000004,0.3461028160702181,4.039649764868807e-09,1.491108458535962e-10
4.447118647864462,70.26522848748773,3.45e-07,1.1,8.828747615042714,0.8140000000000004,0.3649427218561227,4.051608489604196e-09,1.4955435346714367e-10
4.188387260947988,77.2565939207305,3.45e-07,1.1,9.573159907493784,0.8360000000000004,0.3838748035048412,4.062039083439822e-09,1.5002363471761318e-10
3.952659621891643,84.48347680894649,3.45e-07,1.1,10.34483117411157,0.8580000000000004,0.4029018955205196,4.071173965381975e-09,1.505195446088583e-10
3.737109978728839,91.92953632639389,3.45e-07,1.1,11.14423176610006,0.8800000000000004,0.4220282832483367,4.079204006977868e-09,1.510426525681088e-10
3.539335115088818,99.57869843136874,3.45e-07,1.1,11.97196764798083,0.9020000000000004,0.4412593192483903,4.086286126318571e-09,1.515931332374494e-10
3.357285538348352,107.4151880068309,3.45e-07,1.1,12.82878609076155,0.9240000000000004,0.4606011407482763,4.092549452154036e-09,1.5217065077649388e-10
3.189207429264729,115.4235605654791,3.45e-07,1.1,13.71558361688339,0.9460000000000004,0.4800604601853254,4.098100314807103e-09,1.5277425214370348e-10
3.033594158755287,123.5887325858965,3.45e-07,1.1,14.63341621769151,0.9680000000000004,0.4996444087305312,4.103026298172715e-09,1.534022932892552e-10
2.889146030895745,131.896009540975,3.45e-07,1.1,15.58351201862317,0.9900000000000004,0.5193604184135264,4.107399562613365e-09,1.540524292474485e-10
2.754736955076981,140.3311107983736,3.45e-07,1.1,16.56728673399344,1.012,0.5392161325803437,4.111279620443269e-09,1.5472170045727558e-10
2.629386879604624,148.8801907363373,3.45e-07,1.1,17.58636244679146,1.034,0.5592193373469101,4.114715710176746e-09,1.5540673828666148e-10
2.512238976886485,157.5298555835482,3.45e-07,1.1,18.64259048980652,1.056,0.5793779087914303,4.11774887037329e-09,1.5610408989632028e-10
2.402540727554967,166.267175636022,3.45e-07,1.1,19.73807952171084,1.078000000000001,0.5996997721017867,4.120413761825738e-09,1.56810629434612e-10
2.299628193828827,175.0796926157456,3.45e-07,1.1,20.87523032755777,1.1,0.6201928699368252,4.122740238672806e-09,1.5752399009511448e-10
23.80504540009307,0.1989009338578409,4.45e-07,0.1,0.3977634208404559,0.352,0.051941531227338,2.9771408157081373e-09,3.1348942236503487e-10
22.43077965996038,0.330762903374898,4.45e-07,0.1,0.6581357871206892,0.3740000000000001,0.0565455808075172,3.2630690754812604e-09,3.7577290344040307e-10
21.03152928994238,0.5335499325921053,4.45e-07,0.1,1.079404621890216,0.3960000000000001,0.0626828668697796,3.5404087519325704e-09,4.6009412368502057e-10
19.56923421576276,0.8340454634920829,4.45e-07,0.1,1.775999111352101,0.4180000000000001,0.0704709939350568,3.804566991912053e-09,5.730398024302691e-10
18.01308596407469,1.261248764574176,4.45e-07,0.1,2.968433093197167,0.4400000000000001,0.0799417633480996,4.05321866938267e-09,7.219742968383846e-10
16.35005360680375,1.840895831238867,4.45e-07,0.1,5.057467839862344,0.4620000000000001,0.091045237874855,4.285896346615422e-09,9.140959537387884e-10
14.6036736052661,2.587775187833173,4.45e-07,0.1,8.624031826377774,0.4840000000000002,0.103662662681916,4.503259489006819e-09,1.154828903271099e-09
12.8532272187023,3.49970680107477,4.45e-07,0.1,14.19795171338441,0.5060000000000001,0.1176268636093278,4.706260925654852e-09,1.445802557202891e-09
11.20850149789038,4.558590763625573,4.45e-07,0.1,21.92811157327456,0.5280000000000001,0.1327465654234965,4.895474219810106e-09,1.783167395832085e-09
9.749681552083718,5.737981496468042,4.45e-07,0.1,31.55792435316639,0.5500000000000002,0.148829283357441,5.070807426813535e-09,2.157234106755975e-09
8.502255065438167,7.010613267831446,4.45e-07,0.1,42.66890403478224,0.5720000000000002,0.16569840816221,5.231659821622731e-09,2.553956427353392e-09
7.453914384083009,8.352234175933841,4.45e-07,0.1,54.86823346068506,0.5940000000000002,0.1832028737539222,5.377352918343003e-09,2.9577553290096804e-09
6.57725373412658,9.742628739348213,4.45e-07,0.1,67.84397956881135,0.6160000000000002,0.2012203073997993,5.507556239909269e-09,3.354438252552387e-09
5.842791358133973,11.16542117184975,4.45e-07,0.1,81.35951172767032,0.6380000000000002,0.2196557573385357,5.622509330632958e-09,3.733120915153166e-09
5.224121125479061,12.60750004810308,4.45e-07,0.1,95.23565813127767,0.6600000000000003,0.2384381100662668,5.723011963245741e-09,4.086822418588478e-09
4.699235550105334,14.05839088212421,4.45e-07,0.1,109.3350694112505,0.6820000000000003,0.2575157520547575,5.810270380185155e-09,4.412063680330612e-09
4.250363045694987,15.50969255482293,4.45e-07,0.1,123.5507214250879,0.7040000000000003,0.2768523907986429,5.8857048213031424e-09,4.7080066709151265e-09
3.863346768831764,16.95461212843169,4.45e-07,0.1,137.7977750272399,0.7260000000000003,0.2964234568969175,5.950785300594162e-09,4.975549196269328e-09
3.526962109686706,18.38759901197428,4.45e-07,0.1,152.0078333333618,0.7480000000000003,0.316213203632748,6.006919335379091e-09,5.216582018739215e-09
3.232308013424333,19.80406596529722,4.45e-07,0.1,166.1248737850233,0.7700000000000004,0.3362124636606055,6.0553888936382145e-09,5.4334604992318074e-09
2.972305242653426,21.20018048565776,4.45e-07,0.1,180.1023517135225,0.7920000000000004,0.3564169595300798,6.097323860736209e-09,5.6286658466137175e-09
2.741297534280756,22.5727106522843,4.45e-07,0.1,193.9011269771916,0.8140000000000004,0.3768260526201886,6.133698744490534e-09,5.804607416688448e-09
2.534740148305236,23.9189118318519,4.45e-07,0.1,207.487970681867,0.8360000000000004,0.3974418260078759,6.165342290978903e-09,5.963519720192247e-09
2.348958692757233,25.23644339856407,4.45e-07,0.1,220.8344814041196,0.8580000000000004,0.4182684155701231,6.192953098287097e-09,6.107418487686078e-09
2.18096293980317,26.52330716986257,4.45e-07,0.1,233.9162907091564,0.8800000000000004,0.4393115228167757,6.217117059431007e-09,6.238091221968152e-09
2.028303071369832,27.77780137803399,4.45e-07,0.1,246.7124730926151,0.9020000000000004,0.460578059577267,6.238324352565436e-09,6.3571064413158504e-09
24.9056656605945,0.1360384173213192,4.45e-07,0.2,0.1816376175051247,0.33,0.0491931555272932,2.712997838120201e-09,1.7170118089144548e-10
23.53639464068799,0.2317699982902489,4.45e-07,0.2,0.2952071545426927,0.352,0.0526926550685438,2.990544398068659e-09,1.7848070237204849e-10
22.18768780981545,0.3832450786812727,4.45e-07,0.2,0.4638530923912586,0.3740000000000001,0.0575716277471338,3.2614964129990842e-09,1.8723925865419648e-10
20.83945548179083,0.6152191736025737,4.45e-07,0.2,0.7051889757966842,0.3960000000000001,0.0640131182041782,3.518475329332664e-09,1.985227466526116e-10
19.47073715476611,0.9585461218892928,4.45e-07,0.2,1.038114779150332,0.4180000000000001,0.0721189227411556,3.7562634533776434e-09,2.1302369244803637e-10
18.07625257027496,1.448735066913312,4.45e-07,0.2,1.481825510744396,0.4400000000000001,0.0819049423846897,3.971904957393722e-09,2.3161940723058068e-10
16.66972618032447,2.123064195916475,4.45e-07,0.2,2.056583560801678,0.4620000000000001,0.0933069951785505,4.164472620562589e-09,2.5541694841765327e-10
15.2777414289322,3.016760758863676,4.45e-07,0.2,2.788948582713835,0.4840000000000002,0.1061952879690589,4.334645877076212e-09,2.858033230006245e-10
13.92972800010321,4.159141324024901,4.45e-07,0.2,3.725557266150902,0.5060000000000001,0.1203959274663212,4.48423534048906e-09,3.244965825900564e-10
12.64863211067682,5.57044339057421,4.45e-07,0.2,4.96195732493452,0.5280000000000001,0.1357154356641714,4.615746321944417e-09,3.7358889022331945e-10
11.44505390951336,7.259397897134656,4.45e-07,0.2,6.694769615977099,0.5500000000000002,0.1519628731209879,4.7320256120060134e-09,4.3556598837056364e-10
10.31654351497868,9.22092816868232,4.45e-07,0.2,9.292058157004275,0.5720000000000002,0.1689656143701087,4.835997918979512e-09,5.13279275342929e-10
9.25430561809262,11.43372566538988,4.45e-07,0.2,13.31364440909996,0.5940000000000002,0.1865776954153565,4.930475894840835e-09,6.098392546070426e-10
8.25692866957453,13.85975229732009,4.45e-07,0.2,19.33332464226227,0.6160000000000002,0.2046819657353211,5.018019455175604e-09,7.283978043114176e-10
7.338538049319348,16.44956878863414,4.45e-07,0.2,27.5803739371012,0.6380000000000002,0.2231882148982497,5.100823100584145e-09,8.717997978010711e-10
6.518258895610295,19.15290790823544,4.45e-07,0.2,37.79074320326525,0.6600000000000003,0.2420293138377164,5.180621000930499e-09,1.042119619686712e-09
5.80455430456314,21.92733846823081,4.45e-07,0.2,49.44359340149445,0.6820000000000003,0.261156822744334,5.258614600812754e-09,1.2401537571300651e-09
5.192394863417454,24.7406624823068,4.45e-07,0.2,62.04402778763098,0.7040000000000003,0.2805368870912781,5.335440238326894e-09,1.464997992717782e-09
4.669313336946507,27.5692502918081,4.45e-07,0.2,75.22800158547375,0.7260000000000003,0.3001467677347303,5.411197113341251e-09,1.713860250914578e-09
4.221134265900055,30.39555926999054,4.45e-07,0.2,88.75043670363966,0.7480000000000003,0.3199720736360639,5.485544177182593e-09,1.982214434800825e-09
3.834829857472965,33.20617954531175,4.45e-07,0.2,102.4472761390887,0.7700000000000004,0.340004635043618,5.557852157806369e-09,2.264290470453953e-09
3.499412305366323,35.99053716514187,4.45e-07,0.2,116.2050817862134,0.7920000000000004,0.3602409077712199,5.627376653813599e-09,2.553774306860995e-09
3.20594551961014,38.74007072262769,4.45e-07,0.2,129.9418074864577,0.8140000000000004,0.3806807941458807,5.693412496289438e-09,2.844526951919201e-09
2.947262199306115,41.44770603776013,4.45e-07,0.2,143.5954299305136,0.8360000000000004,0.4013267796395001,5.755400830185839e-09,3.131153889241452e-09
2.717630671214696,44.10751315187952,4.45e-07,0.2,157.1172674438417,0.8580000000000004,0.4221833033888425,5.812980194074e-09,3.409338676170071e-09
2.512455797285426,46.7144758340924,4.45e-07,0.2,170.4679756478754,0.8800000000000004,0.4432562995934857,5.865990051977686e-09,3.675943484588924e-09
2.328034200599982,49.26433199232208,4.45e-07,0.2,183.6150726222017,0.9020000000000004,0.464552862750114,5.914443607222127e-09,3.92893581847094e-09
2.16136148002091,51.7534597803806,4.45e-07,0.2,196.5313547921672,0.9240000000000004,0.4860810023013936,5.958486761533985e-09,4.167216669652215e-09
2.009982748789348,54.17879374467285,4.45e-07,0.2,209.1938452689477,0.9460000000000004,0.5078494618339592,5.998355579366873e-09,4.390413939343847e-09
24.66012563165248,0.1530098354800354,4.45e-07,0.3,0.1582454502397982,0.33,0.0495891392842582,2.744027404402604e-09,1.581241683115482e-10
23.27783179454272,0.2592405961463157,4.45e-07,0.3,0.2552482316348549,0.352,0.0532604985592341,3.019576093691257e-09,1.6037702617953138e-10
21.92060444953649,0.4261939687751375,4.45e-07,0.3,0.3973756434000683,0.3740000000000001,0.0583405827579714,3.286997675375437e-09,1.6312070715525648e-10
20.569098862194,0.680123873362054,4.45e-07,0.3,0.5975630022912681,0.3960000000000001,0.0650024287886706,3.5390706488194893e-09,1.6646209009784607e-10
19.20379664293398,1.053411455453771,4.45e-07,0.3,0.8685662716053388,0.4180000000000001,0.0733363926425841,3.770747801447467e-09,1.70529785274174e-10
17.82070689261223,1.582962706141926,4.45e-07,0.3,1.221301477952599,0.4400000000000001,0.08334709251654,3.979199010088823e-09,1.7547887177273478e-10
16.43446274384018,2.307236967587269,4.45e-07,0.3,1.663556650060451,0.4620000000000001,0.0949604475005247,4.1635370676692104e-09,1.8149681813878558e-10
15.07246991872116,3.262546477898174,4.45e-07,0.3,2.199843114123933,0.4840000000000002,0.1080392427941438,4.324374622376485e-09,1.888108203440768e-10
13.76563055758822,4.479655009960228,4.45e-07,0.3,2.832782791193181,0.5060000000000001,0.1224053572798749,4.4633444814053874e-09,1.9769679068003758e-10
12.54022783506845,5.98156377576034,4.45e-07,0.3,3.565899014131822,0.5280000000000001,0.1378642910313195,4.582671634885715e-09,2.0849021787402689e-10
11.41340052667463,7.782797413183864,4.45e-07,0.3,4.407568032705754,0.5500000000000002,0.1542266243021444,4.684838999533553e-09,2.215990747191357e-10
10.39228636979296,9.889892449364927,4.45e-07,0.3,5.376486914520628,0.5720000000000002,0.1713227995456097,4.772354172954398e-09,2.3751884384086767e-10
9.475502519621465,12.30246316641385,4.45e-07,0.3,6.510227422222392,0.5940000000000002,0.1890105243179137,4.847604656589262e-09,2.5684952005970386e-10
8.655430225108187,15.01419864641325,4.45e-07,0.3,7.880048085326203,0.6160000000000002,0.2071762454431887,4.912781184216444e-09,2.8031406925015387e-10
7.92028594050484,18.0132694724896,4.45e-07,0.3,9.616356797490113,0.6380000000000002,0.2257329102494903,4.969848394685738e-09,3.0877720511257577e-10
7.255699869629701,21.28177390726,4.45e-07,0.3,11.94639717546095,0.6600000000000003,0.2446159909851586,5.020545184636237e-09,3.432624099828935e-10
6.646335712278452,24.79413883963446,4.45e-07,0.3,15.2285029413945,0.6820000000000003,0.2637791184872381,5.066401125911322e-09,3.849638231803737e-10
6.078689051646482,28.5152010404429,4.45e-07,0.3,19.92720389028906,0.7040000000000003,0.2831900599631139,5.108759036894943e-09,4.3524798955601847e-10
5.545192517189929,32.40010386257332,4.45e-07,0.3,26.45780499225837,0.7260000000000003,0.3028273390967699,5.148796719327316e-09,4.956387314983021e-10
5.046412066764844,36.39837894768203,4.45e-07,0.3,34.95438289389362,0.7480000000000003,0.3226775436205979,5.187543075444677e-09,5.67777097716715e-10
4.587802030521685,40.46129421748142,4.45e-07,0.3,45.18610346804004,0.7700000000000004,0.3427332527664118,5.2258856033022314e-09,6.533482968352087e-10
4.173822845582092,44.54791944934917,4.45e-07,0.3,56.71134199436649,0.7920000000000004,0.362991484463969,5.264568004615778e-09,7.539699166324738e-10
3.804948624588051,48.62695351552271,4.45e-07,0.3,69.08433003587552,0.8140000000000004,0.3834525565552179,5.304178679560121e-09,8.710418262385095e-10
3.478253163206486,52.67538589682751,4.45e-07,0.3,81.95731306733856,0.8360000000000004,0.4041192607156086,5.345133344131685e-09,1.005568395081959e-09
3.189139738066888,56.67626143450333,4.45e-07,0.3,95.08848667820176,0.8580000000000004,0.4249962638352555,5.387657512093971e-09,1.1579764213496061e-09
2.932663378582266,60.61678214092802,4.45e-07,0.3,108.3157583610795,0.8800000000000004,0.4460896726880119,5.4317762485065925e-09,1.327963234569619e-09
2.704208147224675,64.48699965297165,4.45e-07,0.3,121.5296705264708,0.9020000000000004,0.4674067158487281,5.477318357422338e-09,1.514412950489078e-09
2.499735657228319,68.27898143880537,4.45e-07,0.3,134.654106129738,0.9240000000000004,0.488955510058677,5.523939395443477e-09,1.7154101169503481e-09
2.31581936880838,71.98628793773597,4.45e-07,0.3,147.6341202178087,0.9460000000000004,0.5107448876093462,5.571163083916242e-09,1.928359131775471e-09
2.149591099308152,75.60363986009354,4.45e-07,0.3,160.4285707197033,0.9680000000000004,0.5327842679950954,5.618435495165717e-09,2.150191415052466e-09
24.46579062439971,0.1677652742707779,4.45e-07,0.4,0.1373619691041741,0.33,0.0498755384071979,2.7667289422345803e-09,1.533285456601868e-10
23.06915204715818,0.2829808368211352,4.45e-07,0.4,0.2204841322004692,0.352,0.0536684773444547,3.041459318249978e-09,1.545180471410063e-10
21.70207589613961,0.4630376244194575,4.45e-07,0.4,0.341161026108685,0.3740000000000001,0.0588897123658258,3.307222485307936e-09,1.558890621868499e-10
20.34613883654654,0.7353311386582576,4.45e-07,0.4,0.509458979737667,0.3960000000000001,0.0657051662463752,3.55695949605373e-09,1.57468662913765e-10
18.9824574138151,1.133352958270012,4.45e-07,0.4,0.735059827152673,0.4180000000000001,0.0741972340371685,3.785803870011284e-09,1.592890819677899e-10
17.60700284188409,1.694940704089101,4.45e-07,0.4,1.025979827461987,0.4400000000000001,0.0843627857478117,3.991089005261741e-09,1.6138897949339101e-10
16.23375057177989,2.459189215063825,4.45e-07,0.4,1.387544029354047,0.4620000000000001,0.0961210424301792,4.1720510786226294e-09,1.6381475929842928e-10
14.88902934569679,3.462724308172551,4.45e-07,0.4,1.822110193561102,0.4840000000000002,0.1093298832466726,4.3293761252928374e-09,1.6662195214152818e-10
13.60247245621611,4.736392551959921,4.45e-07,0.4,2.32971427876867,0.5060000000000001,0.1238085232122444,4.464720330080134e-09,1.6987673483048817e-10
12.39917090394353,6.303229609030311,4.45e-07,0.4,2.909359900437527,0.5280000000000001,0.1393619904876941,4.580287492747308e-09,1.736576869792124e-10
11.29542133107279,8.177973953248083,4.45e-07,0.4,3.560466963117967,0.5500000000000002,0.155802087222421,4.6785019290791425e-09,1.78057898858735e-10
10.29809223051518,10.3678097832063,4.45e-07,0.4,4.284139858281216,0.5720000000000002,0.1729614798522915,4.761781727877673e-09,1.831875398191642e-10
9.406281455059892,12.87375401130893,4.45e-07,0.4,5.0842307304931,0.5940000000000002,0.1907004692452135,4.832398766093647e-09,1.8917698651040708e-10
8.613792596168967,15.69215141657623,4.45e-07,0.4,5.968456065709833,0.6160000000000002,0.2089080216423203,4.892405022070518e-09,1.9618060007831937e-10
7.911450253865357,18.81594081019884,4.45e-07,0.4,6.950032345195001,0.6380000000000002,0.2274992881503416,4.943604932217566e-09,2.0438123294906949e-10
7.28883049310065,22.23554647702226,4.45e-07,0.4,8.050518924204056,0.6600000000000003,0.2464115392044901,4.987557003771968e-09,2.139955352642755e-10
6.73534747450091,25.93936250321649,4.45e-07,0.4,9.30492043151177,0.6820000000000003,0.2655997989523085,5.025592206214755e-09,2.25280111576119e-10
6.240800266534507,29.91382891725593,4.45e-07,0.4,10.77066999451822,0.7040000000000003,0.2850328677980366,5.058840587951765e-09,2.385385405426158e-10
5.795526909844545,34.14307192117329,4.45e-07,0.4,12.54264691361235,0.7260000000000003,0.3046900063749743,5.088260650693698e-09,2.541292020527162e-10
5.39032743854581,38.60803477520534,4.45e-07,0.4,14.77559821529159,0.7480000000000003,0.3245583168370874,5.114668222147213e-09,2.72473742690067e-10
5.016386161354299,43.28504217244728,4.45e-07,0.4,17.70951356841925,0.7700000000000004,0.3446307457609337,5.1387630326182e-09,2.940658346000279e-10
4.665574796732392,48.14399250202815,4.45e-07,0.4,21.67707947713046,0.7920000000000004,0.3649045950150034,5.1611521012828094e-09,3.1947962770432215e-10
4.33153539749895,53.14704545820722,4.45e-07,0.4,27.05111897372555,0.8140000000000004,0.3853804253170336,5.1823695380987165e-09,3.493769499985036e-10
4.011265659308025,58.24943304044595,4.45e-07,0.4,34.10749497459737,0.8360000000000004,0.4060612506180002,5.2028926018591406e-09,3.8451187795719977e-10
3.705717903482517,63.40349261907397,4.45e-07,0.4,42.87591866494731,0.8580000000000004,0.4269519421248555,5.223153926178713e-09,4.25730797358924e-10
3.418228562775103,68.56451082962064,4.45e-07,0.4,53.11688847140299,0.8800000000000004,0.4480587857906985,5.243549807845083e-09,4.739655490939495e-10
3.151942543003002,73.69515258681952,4.45e-07,0.4,64.44558749896574,0.9020000000000004,0.4693891577844644,5.264444409969241e-09,5.302168261084616e-10
2.908284047645129,78.76672473212096,4.45e-07,0.4,76.47871618639002,0.9240000000000004,0.4909512910409415,5.286169742047123e-09,5.95524895002633e-10
2.686912413270713,83.75808748949432,4.45e-07,0.4,88.9106275755392,0.9460000000000004,0.5127541081253544,5.30902142059279e-09,6.70925262632275e-10
2.486358054141564,88.65380330565306,4.45e-07,0.4,101.5232919071308,0.9680000000000004,0.534807099821902,5.333250542429116e-09,7.57388377385662e-10
2.304651740141393,93.44247811973752,4.45e-07,0.4,114.1682440901191,0.9900000000000004,0.5571202350768939,5.359052529848083e-09,8.557450154106436e-10
2.139730026040247,98.11555795135372,4.45e-07,0.4,126.7451526857814,1.012,0.5797038931265152,5.386554477942408e-09,9.666025369900443e-10
24.31127138362141,0.180602100659547,4.45e-07,0.5,0.1200426673324828,0.33,0.0500745327374754,2.781836081265745e-09,1.504609709954772e-10
22.89981207411639,0.3035479517615266,4.45e-07,0.5,0.192002200646619,0.352,0.0539506664083361,3.0560462379677812e-09,1.512413644737843e-10
21.52259612495739,0.4947840542228258,4.45e-07,0.5,0.2956670644235349,0.3740000000000001,0.0592679720598771,3.320777444462076e-09,1.5212052301842207e-10
20.16232104673878,0.7826033118137891,4.45e-07,0.5,0.4390361593131222,0.3960000000000001,0.066187494540319,3.569094211757294e-09,1.5310655037630608e-10
18.80037419793863,1.20135372133897,4.45e-07,0.5,0.6296882925115167,0.4180000000000001,0.0747862444975527,3.796263791979214e-09,1.54207871258248e-10
17.43212550877873,1.789578027793892,4.45e-07,0.5,0.8738428249204899,0.4400000000000001,0.0850558979527018,3.999740284910201e-09,1.5543377099842948e-10
16.07041410180123,2.586836940844903,4.45e-07,0.5,1.175613648246769,0.4620000000000001,0.0969112326929509,4.178853314346322e-09,1.567951052936817e-10
14.74022726051332,3.629958490550594,4.45e-07,0.5,1.536797097328016,0.4840000000000002,0.1102069275507427,4.3343500922733324e-09,1.58305130453792e-10
13.46987411419892,4.949780374236752,4.45e-07,0.5,1.957299970231496,0.5060000000000001,0.124760521140005,4.467917478869776e-09,1.5998038069237647e-10
12.28329800168961,6.569223088071096,4.45e-07,0.5,2.435994337070166,0.5280000000000001,0.1403768278991535,4.58176484978739e-09,1.618415149946031e-10
11.19593249579946,8.502918313358107,4.45e-07,0.5,2.971639276934355,0.5500000000000002,0.15686854549603,4.678303391134847e-09,1.6391407913942867e-10
10.21410925592838,10.75804548583015,4.45e-07,0.5,3.56360122101128,0.5720000000000002,0.1740698761244109,4.759925078839568e-09,1.662291726459115e-10
9.336696017053926,13.33578496383645,4.45e-07,0.5,4.212297953549599,0.5940000000000002,0.1918428779611018,4.828866994375731e-09,1.6882405887857667e-10
8.557521723455112,16.23286527877265,4.45e-07,0.5,4.919439231610938,0.6160000000000002,0.2100782088863819,4.887140392755755e-09,1.7174279147467318e-10
7.86764222850428,19.44289118912031,4.45e-07,0.5,5.688195250306273,0.6380000000000002,0.2286924937937711,4.9365044720619134e-09,1.7503694288509158e-10
7.257047373450488,22.95733710932536,4.45e-07,0.5,6.523426401236392,0.6600000000000003,0.2476242070717965,4.978468373491422e-09,1.7876651399829478e-10
6.715765708731685,26.76621410950435,4.45e-07,0.5,7.43210265120032,0.6820000000000003,0.2668293142777653,5.014309243651923e-09,1.8300108713281858e-10
6.234480403095683,30.85847039923166,4.45e-07,0.5,8.424062825187793,0.7040000000000003,0.2862773293526074,5.045098062192252e-09,1.8782126763491279e-10
5.804803289935094,35.22219044039796,4.45e-07,0.5,9.513335905947544,0.7260000000000003,0.3059480406289102,5.071727970021359e-09,1.93320447250356e-10
5.419331907000576,39.84463981578744,4.45e-07,0.5,10.72039122361072,0.7480000000000003,0.3258289309333948,5.094942008494887e-09,1.9960691617092659e-10
5.071577268355382,44.71217515300026,4.45e-07,0.5,12.07592970124115,0.7700000000000004,0.3459132116228616,5.115358640185791e-09,2.06806348070714e-10
4.755816297162573,49.8100057500335,4.45e-07,0.5,13.62718218467995,0.7920000000000004,0.366198356468378,5.133494346167216e-09,2.1506468020485678e-10
4.466899835281546,55.12175735755362,4.45e-07,0.5,15.44802284381925,0.8140000000000004,0.3866850231126609,5.149783144270857e-09,2.2455140513856647e-10
4.200041630696985,60.62875509000817,4.45e-07,0.5,17.65396177428244,0.8360000000000004,0.4073762661454253,5.164593173464947e-09,2.3546327825946027e-10
3.950638909480814,66.30894104907046,4.45e-07,0.5,20.42056305605032,0.8580000000000004,0.428276965581587,5.178240631862379e-09,2.4802842207041846e-10
3.714245232598151,72.13545497308411,4.45e-07,0.5,23.99594902347699,0.8800000000000004,0.4493934125159318,5.191001401353424e-09,2.625107703008984e-10
3.486894407402169,78.07526431658398,4.45e-07,0.5,28.68420558707509,0.9020000000000004,0.4707330078373187,5.2031206804014e-09,2.792147382094548e-10
3.265873689433862,84.08882230243094,4.45e-07,0.5,34.77181021169105,0.9240000000000004,0.4923040398485806,5.214820903495025e-09,2.984899267691359e-10
3.050554984638927,90.13197361680405,4.45e-07,0.5,42.40737749954165,0.9460000000000004,0.5141155144299748,5.226308166833462e-09,3.207355635137796e-10
2.842433088459218,96.160247801144,4.45e-07,0.5,51.51603012276261,0.9680000000000004,0.5361770205173167,5.237777313118579e-09,3.464042433631193e-10
2.644057949764017,102.1337036934436,4.45e-07,0.5,61.82798543992264,0.9900000000000004,0.5584986240049107,5.249415756116037e-09,3.760043516345699e-10
2.457675688644652,108.0199438175809,4.45e-07,0.5,72.99265582676098,1.012,0.5810907886885229,5.261406051226261e-09,4.1010034027341057e-10
2.284499120426517,113.7945532660391,4.45e-07,0.5,84.68349443204,1.034,0.6039643211015828,5.273927151887317e-09,4.4930982097429566e-10
2.124704741268589,119.4398925181006,4.45e-07,0.5,96.64520653478472,1.056,0.6271303329617859,5.2871542459567875e-09,4.942962774775226e-10
24.18589959772407,0.1919083669361322,4.45e-07,0.6,0.1067364245067562,0.33,0.050208907014193,2.7915828439654172e-09,1.4845146993711558e-10
22.75935337233127,0.3216068772119452,4.45e-07,0.6,0.170265233610727,0.352,0.0541406442905301,3.0654053617255782e-09,1.489929998660738e-10
21.37179437701096,0.5225377542844145,4.45e-07,0.6,0.261166328881733,0.3740000000000001,0.0595219307721895,3.329416249873417e-09,1.495987897265397e-10
20.00718559399319,0.8237148787816081,4.45e-07,0.6,0.3859476997864961,0.3960000000000001,0.0665105482008468,3.5767670973940342e-09,1.502735042282606e-10
18.64698119560651,1.260164867273121,4.45e-07,0.6,0.5506949609885188,0.4180000000000001,0.0751799367853071,3.8028195934792515e-09,1.5102145574905879e-10
17.28562284927381,1.870986107792048,4.45e-07,0.6,0.7603847662144211,0.4400000000000001,0.0855183487487881,4.005114194093104e-09,1.51846625131491e-10
15.93454563471282,2.696108208873825,4.45e-07,0.6,1.018343220221639,0.4620000000000001,0.0974376539409284,4.183049185245562e-09,1.527527274099649e-10
14.61728062927437,3.77252306033823,4.45e-07,0.6,1.326087743231628,0.4840000000000002,0.1107904610343357,4.337419029578139e-09,1.537433424462455e-10
13.36085986210196,5.131063193116658,4.45e-07,0.6,1.683626780382791,0.5060000000000001,0.1253932519037604,4.469937125687718e-09,1.548221379326462e-10
12.18823243835422,6.794547067904435,4.45e-07,0.6,2.090065682295481,0.5280000000000001,0.1410507450305338,4.582821910210838e-09,1.5599321042150369e-10
11.11414969903628,8.777485209177032,4.45e-07,0.6,2.544262378106924,0.5500000000000002,0.1575762615012418,4.678480358037761e-09,1.572615544050043e-10
10.14454970343029,11.08697714557449,4.45e-07,0.6,3.045337798769078,0.5720000000000002,0.1748050349759242,4.759291117186736e-09,1.5863364088117109e-10
9.278138483896392,13.72420065980735,4.45e-07,0.6,3.592978074126579,0.5940000000000002,0.1926002895426306,4.827472385819271e-09,1.601180541925883e-10
8.508747452644643,16.68597608656638,4.45e-07,0.6,4.187566033277235,0.6160000000000002,0.210853798185796,4.8850137202217195e-09,1.617261142031282e-10
7.827538308462029,19.96610217879916,4.45e-07,0.6,4.830216511975103,0.6380000000000002,0.2294831535528374,4.9336516824823565e-09,1.6347241350246628e-10
7.224665307435885,23.55635743997404,4.45e-07,0.6,5.522783751660054,0.6600000000000003,0.2484276188955565,4.974872924931696e-09,1.653752288714578e-10
6.690352912578343,27.44718271354517,4.45e-07,0.6,6.267889403404737,0.6820000000000003,0.2676437762961679,5.009932675764073e-09,1.674568112081253e-10
6.215500599023187,31.62811200623997,4.45e-07,0.6,7.069004303101178,0.7040000000000003,0.287101607909463,5.0398804929537165e-09,1.697435995476281e-10
5.791959640857686,36.08802554611941,4.45e-07,0.6,7.930612611087686,0.7260000000000003,0.3067812507526909,5.0655881860950574e-09,1.722664278017989e-10
5.412606092123458,40.81528601311673,4.45e-07,0.6,8.85849436124349,0.7480000000000003,0.3266704437986002,5.087776956205597e-09,1.7506079385959449e-10
5.07129932344696,45.79780034305453,4.45e-07,0.6,9.860183347179676,0.7700000000000004,0.3467625845385486,5.107042225713128e-09,1.78167246359641e-10
4.762783636483381,51.0230320269964,4.45e-07,0.6,10.94569613659769,0.7920000000000004,0.3670552803107689,5.123875516583871e-09,1.816319250485958e-10
4.482566589536771,56.47797402386178,4.45e-07,0.6,12.1286944025265,0.8140000000000004,0.3875492823849502,5.1386832540055945e-09,1.8550727416525828e-10
4.226791386781889,62.14907940791062,4.45e-07,0.6,13.42835233950194,0.8360000000000004,0.408247707361551,5.15180265586078e-09,1.8985293818734007e-10
3.992110121024055,68.0221336848134,4.45e-07,0.6,14.87237306559929,0.8580000000000004,0.4291554702046022,5.1635150047355495e-09,1.9473684527913918e-10
3.775558116511915,74.08203696740597,4.45e-07,0.6,16.50183883590312,0.8800000000000004,0.4502788714320193,5.174056648885918e-09,2.0023648379567138e-10
3.574426627563641,80.3124443740205,4.45e-07,0.6,18.37881899794449,0.9020000000000004,0.471625296017057,5.1836280791492865e-09,2.0644037882122668e-10
3.386133847908878,86.69519209053472,4.45e-07,0.6,20.59756582075255,0.9240000000000004,0.4932029932477464,5.1924014034965644e-09,2.1344977691392539e-10
3.208109261401312,93.20943207117833,4.45e-07,0.6,23.29872429556513,0.9460000000000004,0.5150209155311813,5.200526503670921e-09,2.213805464475274e-10
3.037743999691182,99.83046148305093,4.45e-07,0.6,26.68132219531641,0.9680000000000004,0.5370886003502167,5.208136117128979e-09,2.3036529702397908e-10
2.872515352690853,106.5284578732192,4.45e-07,0.6,30.99801877950882,0.9900000000000004,0.5594160835314282,5.215350046599417e-09,2.405557135445099e-10
2.710396162824141,113.2677696125577,4.45e-07,0.6,36.51144141164287,1.012,0.5820138338905992,5.222278661223198e-09,2.521250881544601e-10
2.550464674964499,120.0077929641701,4.45e-07,0.6,43.40479095924158,1.034,0.6048927002412297,5.2290258185559524e-09,2.652710155274576e-10
2.393274806720148,126.7060563194816,4.45e-07,0.6,51.69000812102106,1.056,0.6280638642147163,5.235691305750042e-09,2.8021819067013576e-10
2.240534228987206,133.3226399623306,4.45e-07,0.6,61.18813172754182,1.078000000000001,0.6515387978405296,5.242372869274766e-09,2.97221207943962e-10
2.094248282680767,139.823859126025,4.45e-07,0.6,71.6011050779232,1.1,0.6753292297550002,5.249167873124424e-09,3.1656720264162777e-10
24.08133335485842,0.2020701543675688,4.45e-07,0.7,0.0970428085918133,0.33,0.0502978871372829,2.797769618160074e-09,1.470037450757052e-10
22.63958155266075,0.3377994373296002,4.45e-07,0.7,0.1544799531492913,0.352,0.0542661940006513,3.0713141491207e-09,1.473900044343267e-10
21.24151029288673,0.5473335682752956,4.45e-07,0.7,0.2361761819319974,0.3740000000000001,0.0596894609909527,3.334827340614344e-09,1.478190602270733e-10
19.87245659200524,0.8602805389296642,4.45e-07,0.7,0.347569492084634,0.3960000000000001,0.0667233226335273,3.581517643160367e-09,1.4829409372964127e-10
18.51384289358157,1.312218615178783,4.45e-07,0.7,0.4936727291413487,0.4180000000000001,0.0754388828791968,3.806808436227879e-09,1.4881814930994878e-10
17.15900403737071,1.942696178943494,4.45e-07,0.7,0.6785661063649143,0.4400000000000001,0.0858221623824093,4.0082970010923844e-09,1.4939414635814609e-10
15.81782159557137,2.79194463970483,4.45e-07,0.7,0.9049991222364558,0.4620000000000001,0.0977831448063895,4.185427747107274e-09,1.500248821981215e-10
14.51231245052641,3.897095788613611,4.45e-07,0.7,1.174271358591145,0.4840000000000002,0.1111731066570356,4.3390284982332655e-09,1.507130186220994e-10
13.26827479070063,5.288985737661672,4.45e-07,0.7,1.486448869973786,0.5060000000000001,0.1258078618972453,4.4708338837636224e-09,1.514610512821933e-10
12.1077750382602,6.990352292166369,4.45e-07,0.7,1.840810230194293,0.5280000000000001,0.1414920857396924,4.583073445802304e-09,1.522712696516552e-10
11.04501369821567,9.015597837750926,4.45e-07,0.7,2.236337671401736,0.5500000000000002,0.1580395197293208,4.6781574698138314e-09,1.53145725014397e-10
10.08564804370382,11.37173088553314,4.45e-07,0.7,2.672108607269766,0.5720000000000002,0.1752860779181974,4.758462169032197e-09,1.5408623367498178e-10
9.228297924876824,14.05988206289142,4.45e-07,0.7,3.147535283675991,0.5940000000000002,0.1930957474397701,4.826199124313259e-09,1.5509444961693948e-10
8.46683281790847,17.07688012110058,4.45e-07,0.7,3.662472899196957,0.6160000000000002,0.2113610279696461,4.883348223724241e-09,1.561720408992294e-10
7.792521286692307,20.41659053807899,4.45e-07,0.7,4.217245086582133,0.6380000000000002,0.2300001411450656,4.931634176158557e-09,1.5732099255497278e-10
7.195655027157072,24.07091619400968,4.45e-07,0.7,4.81263275361519,0.6600000000000003,0.2489528620525061,4.972530351304396e-09,1.585440337598257e-10
6.666603282653826,28.03047977929436,4.45e-07,0.7,5.449857918754585,0.6820000000000003,0.2681761723706756,5.007277986741387e-09,1.598451531046942e-10
6.196405584980604,32.28505727894575,4.45e-07,0.7,6.130580739667197,0.7040000000000003,0.2876403576027486,5.036912614592389e-09,1.612301350476172e-10
5.777044032526411,36.82383814953629,4.45e-07,0.7,6.856919605557624,0.7260000000000003,0.3073257807870947,5.0622925341825554e-09,1.6270703825221867e-10
5.401516662007487,41.63557475008953,4.45e-07,0.7,7.631500894653079,0.7480000000000003,0.327220347296223,5.084126301132329e-09,1.6428655173187528e-10
5.063799709584484,46.7086657653722,4.45e-07,0.7,8.457545670669706,0.7700000000000004,0.3473175762466839,5.102997662484429e-09,1.6598220326995537e-10
4.758755714498731,52.0312023879952,4.45e-07,0.7,9.339004515718642,0.7920000000000004,0.3676151635062653,5.119387306981692e-09,1.678104401170187e-10
4.48202143481233,57.5909938661602,4.45e-07,0.7,10.28075911132852,0.8140000000000004,0.3881139245776217,5.133691362224115e-09,1.697906359125749e-10
4.229894176040721,63.37558040982292,4.45e-07,0.7,11.28892148764242,0.8360000000000004,0.4088170223921104,5.146236871121435e-09,1.71945089995393e-10
3.999225545148938,69.37223541161096,4.45e-07,0.7,12.37128199876605,0.8580000000000004,0.4297294047917318,5.1572946101519354e-09,1.74299077480443e-10
3.787325939946471,75.56795432708282,4.45e-07,0.7,13.53799020642003,0.8800000000000004,0.4508573945742776,5.167089641384212e-09,1.7688098992376469e-10
3.591879771523151,81.94942324375283,4.45e-07,0.7,14.80260734213183,0.9020000000000004,0.4722083898614989,5.175809968240893e-09,1.7972258689430927e-10
3.410869446310055,88.50295498429584,4.45e-07,0.7,16.1837572081565,0.9240000000000004,0.4937906440953422,5.183613622212069e-09,1.8285936435887768e-10
3.242504841538965,95.21437322582948,4.45e-07,0.7,17.70773856657133,0.9460000000000004,0.5156131036178847,5.1906344605635035e-09,1.8633103809354349e-10
3.085154124178272,102.0688141583286,4.45e-07,0.7,19.41264949225961,0.9680000000000004,0.5376852871400769,5.196986910801971e-09,1.9018213816763858e-10
2.937271670040758,109.0503998497661,4.45e-07,0.7,21.35475776947616,0.9900000000000004,0.5600171960132598,5.202769858644275e-09,1.9446271173194378e-10
2.797321329232977,116.1417203354142,4.45e-07,0.7,23.61778500662511,1.012,0.5826192475419645,5.208069842719688e-09,1.9922913389169137e-10
2.663702886936956,123.3230562041877,4.45e-07,0.7,26.32473969537586,1.034,0.6055022259360062,5.212963690696978e-09,2.0454502896995628e-10
2.534713607396916,130.5713199240816,4.45e-07,0.7,29.64848398727409,1.056,0.6286772470340576,5.21752070728437e-09,2.1048230617953578e-10
2.408616043333111,137.8588689282558,4.45e-07,0.7,33.81007697216097,1.078000000000001,0.6521557335672362,5.221804503961783e-09,2.1712231432009447e-10
2.283901212597363,145.1527062857719,4.45e-07,0.7,39.04679864795602,1.1,0.6759493973403421,5.225874542871158e-09,2.2455711967000068e-10
23.99148520373913,0.2114133691984621,4.45e-07,0.8,0.0902307249971297,0.33,0.050356043887055,2.801625277271774e-09,1.4593487304082301e-10
22.53453517865387,0.3526594530638816,4.45e-07,0.8,0.1433900435959657,0.352,0.0543481456932459,3.074978544310406e-09,1.462193596502641e-10
21.1258322536158,0.5700196618847522,4.45e-07,0.8,0.2186080790678712,0.3740000000000001,0.0597986862402759,3.338157320118224e-09,1.465327957704976e-10
19.75216902357113,0.8936049548130879,4.45e-07,0.8,0.3205518236035777,0.3960000000000001,0.0668619022048814,3.584406550419609e-09,1.4687722799056018e-10
18.39490490546187,1.359453443663833,4.45e-07,0.8,0.4534522384609492,0.4180000000000001,0.0756073821105937,3.809188941847931e-09,1.4725464820976218e-10
17.04618615137453,2.007486121370878,4.45e-07,0.8,0.6207223779222018,0.4400000000000001,0.0860197027947093,4.010137720450551e-09,1.4766703087254128e-10
15.71426798332786,2.878185328924018,4.45e-07,0.8,0.8246604106321989,0.4620000000000001,0.0980076314966,4.186726194867758e-09,1.48116367299146e-10
14.41962865074191,4.008801791186181,4.45e-07,0.8,1.06636014982891,0.4840000000000002,0.111421590152528,4.339802875054669e-09,1.486046892101123e-10
13.1868660621324,5.430177430303621,4.45e-07,0.8,1.345874885797336,0.5060000000000001,0.1260769694903049,4.471115490202982e-09,1.4913407559979002e-10
12.03723752516577,7.164981864692481,4.45e-07,0.8,1.662560183748445,0.5280000000000001,0.1417784249277804,4.582900664233831e-09,1.49706639154386e-10
10.98447738555055,9.227518769941788,4.45e-07,0.8,2.015459253266599,0.5500000000000002,0.1583399760343087,4.677571555357156e-09,1.5032449030561568e-10
10.03403475766456,11.6247025585672,4.45e-07,0.8,2.403619600429107,0.5720000000000002,0.1755979804916828,4.757504646150062e-09,1.50989679097812e-10
9.184493001414197,14.35759634680312,4.45e-07,0.8,2.826296143561593,0.5940000000000002,0.1934169204184741,4.824910369322793e-09,1.517041179667228e-10
8.429785698652609,17.42299826817971,4.45e-07,0.8,3.283050778703687,0.6160000000000002,0.2116897655684863,4.881766754863873e-09,1.524694929911797e-10
7.761295161444046,20.81478278905313,4.45e-07,0.8,3.773782075218075,0.6380000000000002,0.230335143723728,4.929796211160701e-09,1.532871776078007e-10
7.169443913116984,24.52490044436112,4.45e-07,0.8,4.298718883159126,0.6600000000000003,0.2492931600578481,4.9704692913314994e-09,1.541581707944836e-10
6.644730562012541,28.54405840685936,4.45e-07,0.8,4.858402056545297,0.6820000000000003,0.2685210537268076,5.005023625479143e-09,1.5508308951948208e-10
6.17831346248596,32.86215281810976,4.45e-07,0.8,5.453668442910482,0.7040000000000003,0.287989305574049,5.034490033252017e-09,1.560622491779134e-10
5.762279714075114,37.46852930627342,4.45e-07,0.8,6.085644209188978,0.7260000000000003,0.307678424130104,5.059720797293442e-09,1.5709586085895078e-10
5.389718522084634,42.35213468145807,4.45e-07,0.8,6.755750680706714,0.7480000000000003,0.3275764218776294,5.081417175550256e-09,1.5818435656610338e-10
5.054685144820287,47.50160489898319,4.45e-07,0.8,7.465724326087855,0.7700000000000004,0.3476768962698256,5.100154610419528e-09,1.593288234722313e-10
4.752111511877144,52.90531855055763,4.45e-07,0.8,8.217652499372834,0.7920000000000004,0.3679776003082795,5.116404944928765e-09,1.605314940108244e-10
4.477697092237445,58.5514332928723,4.45e-07,0.8,9.01402755671373,0.8140000000000004,0.3884793911622147,5.130555455783357e-09,1.6179621452684428e-10
4.227798545817892,64.42791455560452,4.45e-07,0.8,9.857823858655394,0.8360000000000004,0.4091854621902298,5.1429247983549505e-09,1.631288150261484e-10
3.999327353528414,70.52256070771702,4.45e-07,0.8,10.75260513594898,0.8580000000000004,0.4301007834697412,5.153776122113448e-09,1.6453732982710538e-10
3.789659162726889,76.82302563969212,4.45e-07,0.8,11.70267427042467,0.8800000000000004,0.4512316939851229,5.163327706309379e-09,1.6603206304169128e-10
3.596555571625826,83.316837701237,4.45e-07,0.8,12.71328472253661,0.9020000000000004,0.4725856034437935,5.171761505072167e-09,1.6762553490045957e-10
3.418097517394965,89.99141248678824,4.45e-07,0.8,13.79094434628844,0.9240000000000004,0.4941707731669877,5.179229987144627e-09,1.693323692543822e-10
3.252628681352637,96.83405561036795,4.45e-07,0.8,14.94386106419858,0.9460000000000004,0.5159961540857613,5.185861618239481e-09,1.7116918454726368e-10
3.098706973120618,103.8319499086276,4.45e-07,0.8,16.18261058812826,0.9680000000000004,0.5380712661530415,5.191765277848743e-09,1.7315453617981578e-10
2.955061946377948,110.9721189301627,4.45e-07,0.8,17.52115656237592,0.9900000000000004,0.5604061080155942,5.197033842018587e-09,1.753089377904435e-10
2.820555766678127,118.2413544121106,4.45e-07,0.8,18.97843386589467,1.012,0.5830110890371396,5.201747109650227e-09,1.776549709713289e-10
2.694145010791032,125.626088755108,4.45e-07,0.8,20.58082785860386,1.034,0.6058969780858413,5.205974206989084e-09,1.8021748125364967e-10
2.574840191201509,133.1121831707089,4.45e-07,0.8,22.36604546882054,1.056,0.6290748651668288,5.209775573257578e-09,1.830238529471213e-10
2.461659944836597,140.6845876991913,4.45e-07,0.8,24.38902079663968,1.078000000000001,0.6525561331917478,5.213204607716745e-09,1.86104354803884e-10
2.353578838317606,148.3268135959282,4.45e-07,0.8,26.73039310395089,1.1,0.6763524380660515,5.216309042183067e-09,1.894925503709697e-10
24.44572491570849,1.081923720215763e-05,4.45e-07,0.9,3.455028793324672e-06,0.0,0.0433357145732958,1.123920540029007e-09,1.4331188999502002e-10
23.91207696010375,0.2201888369555957,4.45e-07,0.9,0.0855618022849387,0.33,0.0503937325780159,2.803970855357518e-09,1.4512053616365428e-10
22.44004045158978,0.3665941963180017,4.45e-07,0.9,0.1357686327203232,0.352,0.054401209621511,3.077194105560616e-09,1.4533710292899701e-10
21.02064697499305,0.5912375999085511,4.45e-07,0.9,0.2064864255004454,0.3740000000000001,0.0598693550116156,3.340150545019654e-09,1.4557379216466207e-10
19.64220353160658,0.924666954043556,4.45e-07,0.9,0.301819264171104,0.3960000000000001,0.0669515015723011,3.5861085876381204e-09,1.4583188977579468e-10
18.28601473536635,1.403312713389594,4.45e-07,0.9,0.4254168279266801,0.4180000000000001,0.0757162602299709,3.810556091158088e-09,1.461126373986448e-10
16.94301780243666,2.067410081754773,4.45e-07,0.9,0.5801810906334284,0.4400000000000001,0.0861472779919634,4.011149110456316e-09,1.4641726954728548e-10
15.61981874484164,2.957651615050989,4.45e-07,0.9,0.7680418645363696,0.4620000000000001,0.0981525404056707,4.1873791048993864e-09,1.467470513135569e-10
14.33535481750346,4.111386613808305,4.45e-07,0.9,0.9898916082697156,0.4840000000000002,0.1115819222178003,4.34010730871086e-09,1.471033115949144e-10
13.11305042889768,5.559458684124218,4.45e-07,0.9,1.245717873731422,0.5060000000000001,0.1262505454170214,4.471089158079443e-09,1.4748746848571478e-10
11.97340147669895,7.324473038549836,4.45e-07,0.9,1.534880105063308,0.5280000000000001,0.141963056194521,4.582564991735172e-09,1.4790104483000948e-10
10.92972877985697,9.42063775942168,4.45e-07,0.9,1.856426351560108,0.5500000000000002,0.1585336557382651,4.676948895317315e-09,1.483456727210247e-10
9.987317570041292,11.85476953481206,4.45e-07,0.9,2.209360859943222,0.5720000000000002,0.1757989888914361,4.756616607905973e-09,1.48823085947146e-10
9.144744500121767,14.62785064127157,4.45e-07,0.9,2.592823041080219,0.5940000000000002,0.1936238570886678,4.823777053773334e-09,1.4933509920380329e-10
8.396022497440837,17.73662490451101,4.45e-07,0.9,3.006181547653506,0.6160000000000002,0.2119015327531897,4.880406656354817e-09,1.4988357258295848e-10
7.732651390756721,21.17494216259437,4.45e-07,0.9,3.449067726222702,0.6380000000000002,0.2305509048399453,4.928226562116495e-09,1.5047035974524747e-10
7.145180588054019,24.93475762977264,4.45e-07,0.9,3.92137474628313,0.6600000000000003,0.2495122905890678,4.968706650499312e-09,1.51097238675791e-10
6.624229582426282,29.00681076360529,4.45e-07,0.9,4.423242308182896,0.6820000000000003,0.2687430944514667,5.003084528703761e-09,1.51765825515714e-10
6.161064729168335,33.38105587447608,4.45e-07,0.9,4.9550391842816,0.7040000000000003,0.2882139225933112,5.032391534756118e-09,1.5247747519676178e-10
5.74786623964709,38.04692156882936,4.45e-07,0.9,5.517349986815176,0.7260000000000003,0.3079053768286276,5.057480738730976e-09,1.5323317793247178e-10
5.377802077635216,42.99346230717358,4.45e-07,0.9,6.110968956156408,0.7480000000000003,0.3278055382698504,5.07905404563782e-09,1.540334680185023e-10
5.044993596315291,48.20944728378844,4.45e-07,0.9,6.73690172672787,0.7700000000000004,0.3479080545289681,5.097686915055105e-09,1.5487836981152678e-10
4.744428243797311,53.68341596037418,4.45e-07,0.9,7.3963753271047,0.7920000000000004,0.368210715165981,5.1138501009218544e-09,1.557674124994748e-10
4.471852545766324,59.40371777121359,4.45e-07,0.9,8.090856639020494,0.8140000000000004,0.388714404001099,5.1279283359800744e-09,1.566997459288378e-10
4.223663753524869,65.35854554312137,4.45e-07,0.9,8.822079907374658,0.8360000000000004,0.4094223338659101,5.140236158348981e-09,1.576743793939963e-10
3.996809335667842,71.53596715233168,4.45e-07,0.9,9.592084548220392,0.8580000000000004,0.4303394891127971,5.1510311888308235e-09,1.586905414765403e-10
3.788698109512033,77.92395695329557,4.45e-07,0.9,10.40326545082904,0.8800000000000004,0.4514722192171191,5.160525180582426e-09,1.59748125537323e-10
3.59712385289835,84.5104268241059,4.45e-07,0.9,11.25843932188633,0.9020000000000004,0.4728279415854458,5.168893128136535e-09,1.608481538360822e-10
3.420200737893475,91.2832557510958,4.45e-07,0.9,12.16093259804598,0.9240000000000004,0.4944149231234831,5.176280679956981e-09,1.619931787780566e-10
3.256309260183314,98.23031636411068,4.45e-07,0.9,13.11469944383018,0.9460000000000004,0.516242118669162,5.1828100723652124e-09,1.63187552554484e-10
3.104051117723508,105.339496482498,4.45e-07,0.9,14.12448300199745,0.9680000000000004,0.5383190506487502,5.188584798062905e-09,1.644375334454591e-10
2.96221149063258,112.598713345681,4.45e-07,0.9,15.19604045311042,0.9900000000000004,0.5606557188217635,5.193693228336306e-09,1.657512426168996e-10
2.829727255327878,119.9959176419113,4.45e-07,0.9,16.33646437568159,1.012,0.5832625322018755,5.198211407563945e-09,1.6713852048207608e-10
2.705659748894896,127.5190834719412,4.45e-07,0.9,17.55465237833328,1.034,0.6061502575316532,5.202205221468281e-09,1.686107454753475e-10
2.58917072752269,135.1561787314347,4.45e-07,0.9,18.86200888232056,1.056,0.6293299803149278,5.205732107482525e-09,1.7018067122907767e-10
2.479500090075922,142.8951076157612,4.45e-07,0.9,20.27351480630233,1.078000000000001,0.6528130755671792,5.208842435188975e-09,1.71862319560956e-10
2.375943725067756,150.7236123652411,4.45e-07,0.9,21.8093830179967,1.1,0.6766111862726827,5.211580646534038e-09,1.736709464024524e-10
22.41788247956636,1.230406410703553e-05,4.45e-07,1.0,3.312945119872844e-06,0.0,0.0433357438128365,1.123603155566942e-09,1.4299006801145508e-10
23.84016121598172,0.2285793561591186,4.45e-07,1.0,0.082420964579659,0.33,0.0504180252443139,2.8053503338237032e-09,1.44480420892714e-10
22.3532320244745,0.3798988349744922,4.45e-07,1.0,0.1306094252335435,0.352,0.0544353933004422,3.078484779101704e-09,1.446503185381976e-10
20.923149870218,0.6114498757056475,4.45e-07,1.0,0.1982151731119785,0.3740000000000001,0.0599148559628844,3.341293124567411e-09,1.448346401433023e-10
19.53977557285411,0.954168727420301,4.45e-07,1.0,0.2889228143986983,0.3960000000000001,0.0670091639873389,3.587058892615577e-09,1.4503419999867448e-10
18.18438824607933,1.444827472604564,4.45e-07,1.0,0.4059393258669186,0.4180000000000001,0.0757862997018231,3.811286077548086e-09,1.4524976739414408e-10
16.84673303958078,2.123930207917746,4.45e-07,1.0,0.5517642632525147,0.4400000000000001,0.0862293129135703,4.0116453261843e-09,1.454820970339523e-10
15.53177604982593,3.032345998830495,4.45e-07,1.0,0.7280186446751478,0.4620000000000001,0.0982456878699644,4.187639633197302e-09,1.4573196033989528e-10
14.25692613612165,4.207502859050702,4.45e-07,1.0,0.9354004789246732,0.4840000000000002,0.1116849492865226,4.340138228955031e-09,1.460001741496682e-10
13.04445727301657,5.680237674171801,4.45e-07,1.0,1.173799872656563,0.5060000000000001,0.126362048259986,4.470901262298857e-09,1.4628762478347308e-10
11.91413531755697,7.473089020739425,4.45e-07,1.0,1.442534154536957,0.5280000000000001,0.1420816266321025,4.5821711467564545e-09,1.465952866720362e-10
10.87889959707464,9.600167764406931,4.45e-07,1.0,1.740619738466993,0.5500000000000002,0.1586580033912424,4.676362161620412e-09,1.469242354981857e-10
9.943897306161148,12.06818783171137,4.45e-07,1.0,2.067006699490351,0.5720000000000002,0.1759280084696512,4.755849056844142e-09,1.4727565609392469e-10
9.10771498156462,14.87804019201246,4.45e-07,1.0,2.420740577586903,0.5940000000000002,0.1937566486241839,4.82283915111277e-09,1.476508452537238e-10
8.364452569122893,18.02639796716603,4.45e-07,1.0,2.801051558807084,0.6160000000000002,0.2120373906256999,4.879307069208781e-09,1.4805120929340258e-10
7.705728245974045,21.50706431532433,4.45e-07,1.0,3.20738949571378,0.6380000000000002,0.2306892909674697,4.926972267207514e-09,1.4847825570369818e-10
7.122214700740798,25.31197187077651,4.45e-07,1.0,3.639426381559417,0.6600000000000003,0.2496528028203065,4.967303252512125e-09,1.489335776946008e-10
6.604646271657038,29.43186019019572,4.45e-07,1.0,4.097043471452591,0.6820000000000003,0.2688854365105269,5.001536725634452e-09,1.4941882986900478e-10
6.144390224840951,33.85670460907436,4.45e-07,1.0,4.580314149947371,0.7040000000000003,0.2883578784172929,5.030703686202226e-09,1.49935692791827e-10
5.7337125697233,38.5759742227461,4.45e-07,1.0,5.089488632917814,0.7260000000000003,0.3080507900097097,5.055657500099934e-09,1.504858239807281e-10
5.365852900594436,43.57878255184083,4.45e-07,1.0,5.624983298841295,0.7480000000000003,0.3279522962415121,5.077101025390454e-09,1.51070793080396e-10
5.034991850679385,48.85397619303847,4.45e-07,1.0,6.187375599533159,0.7700000000000004,0.3480560767201821,5.095611294456246e-09,1.5169200006376269e-10
4.736165828913833,54.39019080111812,4.45e-07,1.0,6.777404630747374,0.7920000000000004,0.3683599442797267,5.111661130618303e-09,1.523505777206467e-10
4.465161937055191,60.17589191509973,4.45e-07,1.0,7.395977153504953,0.8140000000000004,0.3888647996616125,5.125637600055631e-09,1.530472839643026e-10
4.21841133461196,66.19941018323408,4.45e-07,1.0,8.044178887047167,0.8360000000000004,0.4095738680172582,5.137857488245284e-09,1.5378239589903968e-10
3.992890207399151,72.44897555806213,4.45e-07,1.0,8.72329109762236,0.8580000000000004,0.4304921426898174,5.148580132401439e-09,1.545556257375075e-10
3.786032161248946,78.91275210037969,4.45e-07,1.0,9.434812817097493,0.8800000000000004,0.4516259797282031,5.158017995585687e-09,1.5536608679369518e-10
3.595652929138796,85.5788734157593,4.45e-07,1.0,10.18048942767203,0.9020000000000004,0.4729828013404167,5.166345369506885e-09,1.5621234237883868e-10
3.419886792231459,92.43547793052235,4.45e-07,1.0,10.96234886824939,0.9240000000000004,0.4945708779106955,5.173705560772805e-09,1.5709256658471918e-10
3.257133457158389,99.47074285274869,4.45e-07,1.0,11.7827474144191,0.9460000000000004,0.5163991667372105,5.18021685970255e-09,1.5800482940022709e-10
3.106013925696003,106.6729155398368,4.45e-07,1.0,12.64442796170253,0.9680000000000004,0.5384771918843512,5.185977520004678e-09,1.5894748936809878e-10
2.96533391600856,114.0303409696583,4.45e-07,1.0,13.55059517053535,0.9900000000000004,0.560814954039147,5.191069903495762e-09,1.59919642481035e-10
2.834053519734202,121.531483996923,4.45e-07,1.0,14.50501398744376,1.012,0.5834228624726028,5.195563882793138e-09,1.609215503804944e-10
2.711261935909466,129.164945001332,4.45e-07,1.0,15.5121413934111,1.034,0.6063116834880384,5.1995195614629905e-09,1.619549683218286e-10
2.596156272413296,136.9194673413942,4.45e-07,1.0,16.57730650037546,1.056,0.6294925013546606,5.202989370134545e-09,1.6302331849870557e-10
2.48802352683443,144.7839346116818,4.45e-07,1.0,17.70696257925572,1.078000000000001,0.652976688868163,5.206019618716053e-09,1.6413169765933987e-10
2.386224935228681,152.7473549719527,4.45e-07,1.0,18.90904836503407,1.1,0.6767758854906297,5.208651609877822e-09,1.6528675083550079e-10
20.18971359786954,1.420469235332508e-05,4.45e-07,1.1,3.21993969347471e-06,0.0,0.0433357625831162,1.123326097719287e-09,1.4271015738108048e-10
23.77372356807434,0.2367138447670754,4.45e-07,1.1,0.0803416652803099,0.33,0.0504336321595408,2.80611977505047e-09,1.4396312310016e-10
22.2721571332993,0.392780795727428,4.45e-07,1.1,0.1271560507687927,0.352,0.0544573462366063,3.079192773560844e-09,1.4409991983350478e-10
20.83144267874558,0.6309804593775863,4.45e-07,1.1,0.1926053885396922,0.3740000000000001,0.0599440661076986,3.341901629598922e-09,1.44247363624435e-10
19.44301810907799,0.9826008454863552,4.45e-07,1.1,0.280053597234274,0.3960000000000001,0.0670461684668979,3.5875395927785905e-09,1.4440598049750848e-10
18.08817601616418,1.484716617859625,4.45e-07,1.1,0.3923614370431133,0.4180000000000001,0.0758312320974799,3.8116210220363e-09,1.44576252550158e-10
16.7555082926565,2.178064686445425,4.45e-07,1.1,0.5317034143611902,0.4400000000000001,0.0862819237378738,4.011825917161944e-09,1.4475864198720088e-10
15.44837066629711,3.103662133274034,4.45e-07,1.1,0.699437045149801,0.4620000000000001,0.0983054064489173,4.187664646484676e-09,1.449536157193264e-10
14.18266636419094,4.298996696341493,4.45e-07,1.1,0.8960764871924314,0.4840000000000002,0.1117509811115104,4.340011526589141e-09,1.451616678793963e-10
12.97954036169402,5.794887801314617,4.45e-07,1.1,1.121399277512165,0.5060000000000001,0.1264334900449674,4.4706296684292625e-09,1.453833388420985e-10
11.85804995730044,7.613801585190035,4.45e-07,1.1,1.374655449945555,0.5280000000000001,0.1421575730803308,4.581762734380803e-09,1.45619230359041e-10
10.83077217969219,9.769747189398489,4.45e-07,1.1,1.654809832540797,0.5500000000000002,0.1587376253430147,4.675825018510715e-09,1.458700170823115e-10
9.902730398221388,12.26932984269677,4.45e-07,1.1,1.960753805745028,0.5720000000000002,0.1760105958181558,4.755190490164333e-09,1.461364550513976e-10
9.07252921661502,15.11334038392415,4.45e-07,1.1,2.291454232923369,0.5940000000000002,0.1938416230810458,4.822065242800701e-09,1.4641938774948828e-10
8.334358369231897,18.29836905806204,4.45e-07,1.1,2.646037836277559,0.6160000000000002,0.2121242985315022,4.87842248720278e-09,1.4671975019619068e-10
7.679953188359856,21.81815689606158,4.45e-07,1.1,3.023825971779375,0.6380000000000002,0.230777786005793,4.925980251385549e-09,1.470385713116891e-10
7.100106019492961,25.66459546958762,4.45e-07,1.1,3.424338465097191,0.6600000000000003,0.2497426256985878,4.966205715289469e-09,1.4737697450721258e-10
6.58566121985796,29.8284031001499,4.45e-07,1.1,3.847281934879598,0.6820000000000003,0.2689763956643283,5.000334428106213e-09,1.4773617614636918e-10
6.128081766857736,34.29955199666457,4.45e-07,1.1,4.292532909722955,0.7040000000000003,0.288449833546668,5.0293964682999844e-09,1.4811748118243167e-10
5.719714377767075,39.06752463380291,4.45e-07,1.1,4.760121594600554,0.7260000000000003,0.3081436388956453,5.054244556527266e-09,1.4852227490222278e-10
5.353865529083706,44.12146321144419,4.45e-07,1.1,5.250219084132362,0.7480000000000003,0.3280459646064521,5.075581228059539e-09,1.489520092954378e-10
5.024770798943794,49.45025759395372,4.45e-07,1.1,5.763129019231775,0.7700000000000004,0.3481505106323878,5.0939835667204714e-09,1.49408182132139e-10
4.727511610414259,55.04260108335448,4.45e-07,1.1,6.299283767471746,0.7920000000000004,0.368455104559477,5.109924878288036e-09,1.498923064157383e-10
4.457912004017889,60.88703151340345,4.45e-07,1.1,6.859244832876056,0.8140000000000004,0.3889606578044149,5.123793197931221e-09,1.504058675840682e-10
4.212433609266696,66.97196719051095,4.45e-07,1.1,7.443707126274926,0.8360000000000004,0.4096704032384552,5.135906807364125e-09,1.5095026584228808e-10
3.988077958174976,73.28574223689459,4.45e-07,1.1,8.053506805888308,0.8580000000000004,0.4305893397838794,5.146527071595516e-09,1.51526741630239e-10
3.782299987408833,79.81664298047343,4.45e-07,1.1,8.689632550042289,0.8800000000000004,0.4517238275122256,5.155868952559852e-09,1.5213628388733128e-10
3.59293365652226,86.55294544805953,4.45e-07,1.1,9.353240313609072,0.9020000000000004,0.4730812915116897,5.164109556729725e-09,1.527795240066045e-10
3.418129124869597,93.4829532348488,4.45e-07,1.1,10.04567183700021,0.9240000000000004,0.4946700041939481,5.171395050582467e-09,1.5345662362706748e-10
3.25630027025202,100.5950347037714,4.45e-07,1.1,10.76847742846389,0.9460000000000004,0.5164989242306409,5.1778462459940204e-09,1.541671717435563e-10
3.106081124247476,107.8776583997635,4.45e-07,1.1,11.52344384747632,0.9680000000000004,0.538577576537615,5.183563124546444e-09,1.54910115077242e-10
2.966289821905591,115.3194256171503,4.45e-07,1.1,12.31262851373881,0.9900000000000004,0.5609159622131245,5.188628537205867e-09,1.5568375271109958e-10
2.83589879161144,122.9090991560044,4.45e-07,1.1,13.13840180659469,1.012,0.5835244905419454,5.193111281624509e-09,1.564858273555519e-10
2.714010075860361,130.6356273989683,4.45e-07,1.1,14.00349998740074,1.034,0.6064139274542821,5.197068719196671e-09,1.5731373629433538e-10
2.599834839749793,138.4881629031399,4.45e-07,1.1,14.91109240515799,1.056,0.6295953564404912,5.200549045156041e-09,1.581648622710611e-10
2.492676273779506,146.4560747077868,4.45e-07,1.1,15.86486834727457,1.078000000000001,0.6530801490629059,5.203593270233094e-09,1.5903699147619118e-10
2.391915223196612,154.5289534811926,4.45e-07,1.1,16.86915152286796,1.1,0.6768799430120316,5.206236922134698e-09,1.599287533474579e-10
