gm_Id,Id_W,L,VDS,gm_gds,VGS
24.83295532794421,0.0809560130588468,4.5e-08,0.1,6.733811779429292,0.352
23.63534422438385,0.1380040394316369,4.5e-08,0.1,6.531059910801214,0.3740000000000001
22.34160600430066,0.2288661388803482,4.5e-08,0.1,6.303466384452332,0.3960000000000001
21.02341759065407,0.3687480258238378,4.5e-08,0.1,6.060993803274724,0.4180000000000001
19.75867548546166,0.5774004053972438,4.5e-08,0.1,5.816351309200605,0.4400000000000001
18.61212609722414,0.8803608983684293,4.5e-08,0.1,5.581413954411886,0.4620000000000001
17.62011978912908,1.311019926351705,4.5e-08,0.1,5.363166850798943,0.4840000000000002
16.78481845002237,1.913531357065372,4.5e-08,0.1,5.160725530988707,0.5060000000000001
16.07776148595238,2.746127705130868,4.5e-08,0.1,4.964327321972142,0.5280000000000001
15.44933222295434,3.883860156756896,4.5e-08,0.1,4.756332831080649,0.5500000000000002
14.84054079640905,5.419187894840078,4.5e-08,0.1,4.514038959839616,0.5720000000000002
14.19475076207869,7.458323553199741,4.5e-08,0.1,4.214595422119159,0.5940000000000002
13.46786781919371,10.11125122936227,4.5e-08,0.1,3.842832875485685,0.6160000000000002
12.63611527979367,13.47462409318939,4.5e-08,0.1,3.401533436953027,0.6380000000000002
11.70105665969719,17.61002135927388,4.5e-08,0.1,2.918477537811164,0.6600000000000003
10.69055591591322,22.52482126962802,4.5e-08,0.1,2.439851821169424,0.6820000000000003
9.652058975002843,28.1655340482249,4.5e-08,0.1,2.009069085700058,0.7040000000000003
8.637494977429567,34.42835039717104,4.5e-08,0.1,1.648751414178476,0.7260000000000003
7.687910706056519,41.18097701176733,4.5e-08,0.1,1.360066919548341,0.7480000000000003
6.826805970589892,48.28469640970877,4.5e-08,0.1,1.132728949314261,0.7700000000000004
6.062144991350558,55.60979808123443,4.5e-08,0.1,0.9538334501262428,0.7920000000000004
5.391696173954823,63.04362317249221,4.5e-08,0.1,0.8119691829880926,0.8140000000000004
4.80786071987378,70.4932346471182,4.5e-08,0.1,0.6982123764018128,0.8360000000000004
4.300896882100078,77.88490504852702,4.5e-08,0.1,0.6058955779186719,0.8580000000000004
3.86075739237774,85.16201590462882,4.5e-08,0.1,0.5300971788273822,0.8800000000000004
3.478014406577587,92.28236973874752,4.5e-08,0.1,0.4671741086707943,0.9020000000000004
3.14425184358412,99.21548275252248,4.5e-08,0.1,0.4144052102133326,0.9240000000000004
2.852169275735414,105.9401410352031,4.5e-08,0.1,0.3697349990330495,0.9460000000000004
2.59554096639674,112.4423292028479,4.5e-08,0.1,0.3315927222190234,0.9680000000000004
2.369110463873052,118.7135435269424,4.5e-08,0.1,0.2987645165330968,0.9900000000000004
2.168463919927928,124.7494542686267,4.5e-08,0.1,0.2703023433882,1.012
24.56338292120326,0.1103796720621454,4.5e-08,0.2,9.123155918238952,0.352
23.33185848546392,0.1869756264141285,4.5e-08,0.2,8.849981691243269,0.3740000000000001
22.01785137268486,0.3079390711951773,4.5e-08,0.2,8.551293301277989,0.3960000000000001
20.69647829674285,0.4925943308498426,4.5e-08,0.2,8.244039504205274,0.4180000000000001
19.44505232458069,0.7658847469758745,4.5e-08,0.2,7.94859265369133,0.4400000000000001
18.32399397966374,1.160013868652918,4.5e-08,0.2,7.683815299194682,0.4620000000000001
17.36354592209284,1.717136274302995,4.5e-08,0.2,7.462121892716786,0.4840000000000002
16.56044325660948,2.493053030618269,4.5e-08,0.2,7.286459901938642,0.5060000000000001
15.88335859355756,3.561346935463968,4.5e-08,0.2,7.149969134749382,0.5280000000000001
15.2833486917171,5.0168452756827,4.5e-08,0.2,7.037871502218915,0.5500000000000002
14.70592283136508,6.976769787811917,4.5e-08,0.2,6.930670559231777,0.5720000000000002
14.10249517782213,9.577629908407632,4.5e-08,0.2,6.807831399081422,0.5940000000000002
13.43941236603021,12.96629989261951,4.5e-08,0.2,6.651270522235592,0.6160000000000002
12.70281901225896,17.28521220801943,4.5e-08,0.2,6.448040522727879,0.6380000000000002
11.89835331969008,22.65397567746937,4.5e-08,0.2,6.191702902397249,0.6600000000000003
11.04625950407467,29.15182561579372,4.5e-08,0.2,5.882192216928781,0.6820000000000003
10.1740676608765,36.80566562503429,4.5e-08,0.2,5.524427188718033,0.7040000000000003
9.309486717963262,45.58655428748227,4.5e-08,0.2,5.126324886564217,0.7260000000000003
8.475412948667007,55.4143801366578,4.5e-08,0.2,4.697063595066894,0.7480000000000003
7.687677855874431,66.16797383184586,4.5e-08,0.2,4.246353711773677,0.7700000000000004
6.955146735551441,77.69723193167027,4.5e-08,0.2,3.785031541894337,0.7920000000000004
6.281320273159705,89.83491389515477,4.5e-08,0.2,3.326346805770029,0.8140000000000004
5.666484444931082,102.4075573203664,4.5e-08,0.2,2.886188480212788,0.8360000000000004
5.109488817751808,115.2459662081385,4.5e-08,0.2,2.480643252840668,0.8580000000000004
4.608554839154267,128.1950845899695,4.5e-08,0.2,2.121745444194763,0.8800000000000004
4.161222753169852,141.1216697128558,4.5e-08,0.2,1.814561286144587,0.9020000000000004
3.764093720497032,153.9180318484794,4.5e-08,0.2,1.557523463207765,0.9240000000000004
3.412875708769326,166.5016394599125,4.5e-08,0.2,1.344947300101656,0.9460000000000004
3.10274514660429,178.8119543535514,4.5e-08,0.2,1.169664987093996,0.9680000000000004
2.828787005583965,190.8062232573673,4.5e-08,0.2,1.024716320383394,0.9900000000000004
2.586334166175058,202.4554124695528,4.5e-08,0.2,0.9040941490025372,1.012
2.371159057100597,213.7408035300459,4.5e-08,0.2,0.8029105280484506,1.034
2.179545595237856,224.651340673896,4.5e-08,0.2,0.7173004880595407,1.056
2.008286452896308,235.1816360101995,4.5e-08,0.2,0.6442439084204206,1.078000000000001
24.35504115603112,0.1402741196014088,4.5e-08,0.3,11.4310491405792,0.352
23.09694866831953,0.2364554664416226,4.5e-08,0.3,11.05911283191153,0.3740000000000001
21.76570181989529,0.3873406383577175,4.5e-08,0.3,10.65846887440796,0.3960000000000001
20.43823285615046,0.616125948037704,4.5e-08,0.3,10.25359853407339,0.4180000000000001
19.19070844238798,0.9525473607065188,4.5e-08,0.3,9.872319928246638,0.4400000000000001
18.07987348251327,1.434828701814928,4.5e-08,0.3,9.539070943087452,0.4620000000000001
17.13125823619125,2.112826925360559,4.5e-08,0.3,9.268869137822382,0.4840000000000002
16.33749013780727,3.052222218328775,4.5e-08,0.3,9.064155120794714,0.5060000000000001
15.66480921084598,4.339007305659248,4.5e-08,0.3,8.915019521708151,0.5280000000000001
15.06385733846763,6.082938754874367,4.5e-08,0.3,8.801960217731697,0.5500000000000002
14.48154670692806,8.41808278494425,4.5e-08,0.3,8.700016866195877,0.5720000000000002
13.87197365442836,11.49838128095975,4.5e-08,0.3,8.583395685649794,0.5940000000000002
13.20470272817502,15.48679928032405,4.5e-08,0.3,8.429867317296512,0.6160000000000002
12.46883230335252,20.5384611573271,4.5e-08,0.3,8.224187994526595,0.6380000000000002
11.67205083416276,26.78081200841661,4.5e-08,0.3,7.959863815324526,0.6600000000000003
10.83547570675427,34.29586241002281,4.5e-08,0.3,7.638967690966465,0.6820000000000003
9.986484969642612,43.10950080868848,4.5e-08,0.3,7.270305094940429,0.7040000000000003
9.15205585668066,53.19043955277733,4.5e-08,0.3,6.866684070701249,0.7260000000000003
8.354269546934374,64.45796348375087,4.5e-08,0.3,6.442149215450511,0.7480000000000003
7.608369117876848,76.79514563994293,4.5e-08,0.3,6.009809164858902,0.7700000000000004
6.922823191881488,90.06354687554507,4.5e-08,0.3,5.580516473054332,0.7920000000000004
6.300518886106427,104.1163073385651,4.5e-08,0.3,5.162344831229806,0.8140000000000004
5.740326204226952,118.808025599387,4.5e-08,0.3,4.760644090135231,0.8360000000000004
5.238563767950136,134.0011183297783,4.5e-08,0.3,4.378427488989981,0.8580000000000004
4.790160535965897,149.5691358361706,4.5e-08,0.3,4.016899173915942,0.8800000000000004
4.389480003899669,165.3978133194922,4.5e-08,0.3,3.676006817446899,0.9020000000000004
4.0308577100723,181.3846450118375,4.5e-08,0.3,3.354968468103432,0.9240000000000004
3.708929509870102,197.4376524750245,4.5e-08,0.3,3.052757620789825,0.9460000000000004
3.418823719591387,213.4738884967835,4.5e-08,0.3,2.768529614963969,0.9680000000000004
3.156270806937288,229.4181109718771,4.5e-08,0.3,2.50194101665552,0.9900000000000004
2.917658298789353,245.2019534099341,4.5e-08,0.3,2.253279077560476,1.012
2.700034307679641,260.7637578043704,4.5e-08,0.3,2.023331342651598,1.034
2.501052254784888,276.0490005351705,4.5e-08,0.3,1.813019375679469,1.056
2.318859595373477,291.0110013690737,4.5e-08,0.3,1.622948902952664,1.078000000000001
2.151955846479811,305.6114937413457,4.5e-08,0.3,1.453079324718492,1.1
24.20105425222816,0.1698485047867648,4.5e-08,0.4,14.09945353672507,0.352
22.92266388384159,0.285273101784871,4.5e-08,0.4,13.59843889634886,0.3740000000000001
21.57717584979529,0.4654414686807409,4.5e-08,0.4,13.06535614265843,0.3960000000000001
20.24252125794068,0.7372239212822204,4.5e-08,0.4,12.5342463743779,0.4180000000000001
18.99386084246462,1.134843268051886,4.5e-08,0.4,12.04205836309189,0.4400000000000001
17.88535645844847,1.702066421444766,4.5e-08,0.4,11.61982380732062,0.4620000000000001
16.93946973972639,2.495706741839185,4.5e-08,0.4,11.28544752342967,0.4840000000000002
16.14638166879497,3.590179678476139,4.5e-08,0.4,11.0405158226325,0.5060000000000001
15.47116545290733,5.082198918308478,4.5e-08,0.4,10.87122077613027,0.5280000000000001
14.86470449207235,7.094079990769247,4.5e-08,0.4,10.7520662472604,0.5500000000000002
14.27530313630935,9.773603999380724,4.5e-08,0.4,10.6509867352428,0.5720000000000002
13.65911722109684,13.2882913842938,4.5e-08,0.4,10.53499141329688,0.5940000000000002
12.98785606640569,17.81279464938128,4.5e-08,0.4,10.37560245522221,0.6160000000000002
12.25229904680554,23.51024488545269,4.5e-08,0.4,10.15317397290285,0.6380000000000002
11.46098148865148,30.51117560943599,4.5e-08,0.4,9.859160928871196,0.6600000000000003
10.63494300851186,38.89553975703665,4.5e-08,0.4,9.49589243665136,0.6820000000000003
9.800739919879726,48.68286760225203,4.5e-08,0.4,9.074209221725337,0.7040000000000003
8.984120200522897,59.83277721135871,4.5e-08,0.4,8.609964283781304,0.7260000000000003
8.205871480847263,72.2544639961937,4.5e-08,0.4,8.120521378231288,0.7480000000000003
7.480124970390361,85.82138863395288,4.5e-08,0.4,7.622057855854931,0.7700000000000004
6.814537931546697,100.3869783327651,4.5e-08,0.4,7.1279744505364,0.7920000000000004
6.2115029864122,115.7982674592742,4.5e-08,0.4,6.648307573148521,0.8140000000000004
5.669670203628984,131.9060066143605,4.5e-08,0.4,6.189841495771267,0.8360000000000004
5.185349537833127,148.5710859870966,4.5e-08,0.4,5.756598309364175,0.8580000000000004
4.753610584854581,165.6678686331211,4.5e-08,0.4,5.350458045460894,0.8800000000000004
4.36905414392159,183.0852837475238,4.5e-08,0.4,4.971757446668735,0.9020000000000004
4.02630462708851,200.7264834521503,4.5e-08,0.4,4.619795140521647,0.9240000000000004
3.720293908000982,218.5076928646621,4.5e-08,0.4,4.293222705748583,0.9460000000000004
3.446402484624943,236.3566900287635,4.5e-08,0.4,3.990328887777658,0.9680000000000004
3.200509782182517,254.2111891832933,4.5e-08,0.4,3.709235809162363,0.9900000000000004
2.978990596107699,272.0172814164299,4.5e-08,0.4,3.448028501916247,1.012
2.778682415860396,289.7280075876341,4.5e-08,0.4,3.204837351785831,1.034
2.596839389807979,307.3020906534771,4.5e-08,0.4,2.977889919919558,1.056
2.431082616581673,324.702829476693,4.5e-08,0.4,2.765545421155883,1.078000000000001
2.279352591678944,341.8971471866274,4.5e-08,0.4,2.566322195864156,1.1
24.08977665631908,0.1984467176629257,4.5e-08,0.5,17.06565847466824,0.352
22.79553045752825,0.3324308352372569,4.5e-08,0.5,16.40710649841304,0.3740000000000001
21.43769388394394,0.5407891500907274,4.5e-08,0.5,15.71339456529692,0.3960000000000001
20.09475663789384,0.8538586696664825,4.5e-08,0.5,15.02998392352788,0.4180000000000001
18.8411605403187,1.310037513559546,4.5e-08,0.5,14.40442716756134,0.4400000000000001
17.7294152620353,1.958157953751436,4.5e-08,0.5,13.87521488732713,0.4620000000000001
16.78015317525313,2.861260812342311,4.5e-08,0.5,13.4634179732439,0.4840000000000002
15.98227811897701,4.101417219750446,4.5e-08,0.5,13.16960877863357,0.5060000000000001
15.30053391915179,5.784536244850567,4.5e-08,0.5,12.97561448189624,0.5280000000000001
14.68643463267571,8.043461141725397,4.5e-08,0.5,12.8492260637756,0.5500000000000002
14.08960622497839,11.03717137968956,4.5e-08,0.5,12.75030597402769,0.5720000000000002
13.46779907217739,14.94390658235134,4.5e-08,0.5,12.63747949684319,0.5940000000000002
12.79414641173494,19.94707727914791,4.5e-08,0.5,12.47472480313491,0.6160000000000002
12.06032731856696,26.21516996500197,4.5e-08,0.5,12.2367820026397,0.6380000000000002
11.27508024383888,33.87974368241161,4.5e-08,0.5,11.91213025788765,0.6600000000000003
10.45899122860724,43.01737354060401,4.5e-08,0.5,11.50284222597058,0.6820000000000003
9.63771075270824,53.64059918781861,4.5e-08,0.5,11.02169207623215,0.7040000000000003
8.835897425651822,65.69977468419468,4.5e-08,0.5,10.48777932734453,0.7260000000000003
8.073300456758435,79.09399977219188,4.5e-08,0.5,9.922138050415054,0.7480000000000003
7.363209195191537,93.68699580267683,4.5e-08,0.5,9.344372865148893,0.7700000000000004
6.712688230490126,109.3235823733374,4.5e-08,0.5,8.770699445878494,0.7920000000000004
6.123772884881891,125.8436946258781,4.5e-08,0.5,8.213241093317443,0.8140000000000004
5.594944231232514,143.0925736607965,4.5e-08,0.5,7.68018763549013,0.8360000000000004
5.12247668200905,160.9270946974922,4.5e-08,0.5,7.176408977899912,0.8580000000000004
4.701489288484452,179.2189239631747,4.5e-08,0.5,6.704217134798635,0.8800000000000004
4.326680472657003,197.8554167236611,4.5e-08,0.5,6.264093929709812,0.9020000000000004
3.992795288420687,216.7390946059872,4.5e-08,0.5,5.855300060941363,0.9240000000000004
3.694893667694235,235.7863481055595,4.5e-08,0.5,5.476343744143366,0.9460000000000004
3.428482932728306,254.9258064734356,4.5e-08,0.5,5.125319637524457,0.9680000000000004
3.189564121556376,274.096648972672,4.5e-08,0.5,4.80014154566197,0.9900000000000004
2.9746273694711,293.2470099961056,4.5e-08,0.5,4.498694339430389,1.012
2.78061979373687,312.3325505622148,4.5e-08,0.5,4.218927537915006,1.034
2.604900652387391,331.3152200391222,4.5e-08,0.5,3.958908433122637,1.056
2.445192600692521,350.1622046752661,4.5e-08,0.5,3.716848140289691,1.078000000000001
2.299533993167678,368.8450458477655,4.5e-08,0.5,3.491110173687169,1.1
24.00998436856302,0.2258639665614524,4.5e-08,0.6,20.20642336876847,0.352
22.7029828664039,0.3776413500928886,4.5e-08,0.6,19.36873731659808,0.3740000000000001
21.33406176524812,0.6130089127529593,4.5e-08,0.6,18.49326553082931,0.3960000000000001
19.98203329577791,0.9655812498299552,4.5e-08,0.6,17.63818285684586,0.4180000000000001
18.72089721769066,1.477649617779556,4.5e-08,0.6,16.86258215239357,0.4400000000000001
17.60220606461293,2.202681363946288,4.5e-08,0.6,16.21290924073516,0.4620000000000001
16.64562566696642,3.209295820929017,4.5e-08,0.6,15.71355361904081,0.4840000000000002
15.83955677120153,4.586276204799246,4.5e-08,0.6,15.36403623702052,0.5060000000000001
15.14893655696453,6.447424896192532,4.5e-08,0.6,15.14168985774314,0.5280000000000001
14.52611981040858,8.93442825471436,4.5e-08,0.6,15.00737175890851,0.5500000000000002
13.92195867321501,12.21544791090601,4.5e-08,0.6,14.91249147242853,0.5720000000000002
13.29545262990364,16.47724867396754,4.5e-08,0.6,14.80668079163322,0.5940000000000002
12.62066399017364,21.90987836334693,4.5e-08,0.6,14.64554124784068,0.6160000000000002
11.88965989944378,28.68542246431743,4.5e-08,0.6,14.39725552784652,0.6380000000000002
11.11098087683828,36.93530884550982,4.5e-08,0.6,14.04645385346439,0.6600000000000003
10.30454643997399,46.7322718574541,4.5e-08,0.6,13.59431536856782,0.6820000000000003
9.495082768486718,58.08201928015613,4.5e-08,0.6,13.05522667038764,0.7040000000000003
8.7062844577312,70.92623041623341,4.5e-08,0.6,12.45150806406082,0.7260000000000003
7.957058552241233,85.154701669708,4.5e-08,0.6,11.80804677496577,0.7480000000000003
7.260056025800988,100.6222170547238,4.5e-08,0.6,11.14816273019564,0.7700000000000004
6.621920070454691,117.1656726401763,4.5e-08,0.6,10.49119476996067,0.7920000000000004
6.044452268093501,134.6184062352357,4.5e-08,0.6,9.8516277641441,0.8140000000000004
5.526041227716098,152.8204486745505,4.5e-08,0.6,9.239273062571206,0.8360000000000004
5.062963824590017,171.6247589632135,4.5e-08,0.6,8.66000005003384,0.8580000000000004
4.650398445744892,190.9002139046116,4.5e-08,0.6,8.11664508892812,0.8800000000000004
4.283132092633098,210.5323176410556,4.5e-08,0.6,7.609877261544027,0.9020000000000004
3.956009385796879,230.4224991319894,4.5e-08,0.6,7.138920794282765,0.9240000000000004
3.664189760678716,250.4866572802953,4.5e-08,0.6,6.7021094057558,0.9460000000000004
3.403273951269066,270.6534001390061,4.5e-08,0.6,6.297286359878037,0.9680000000000004
3.169347538145724,290.8622514498919,4.5e-08,0.6,5.922078791951087,0.9900000000000004
2.958975525584013,311.0619741345042,4.5e-08,0.6,5.574076801689941,1.012
2.769170539975234,331.2090798186301,4.5e-08,0.6,5.250944005357785,1.034
2.597348881695328,351.2665450200189,4.5e-08,0.6,4.950480690682943,1.056
2.441282933075408,371.2027279063067,4.5e-08,0.6,4.670655329356841,1.078000000000001
2.299054691075308,390.9904665125544,4.5e-08,0.6,4.409615702307195,1.1
23.95243975286662,0.252176491509615,4.5e-08,0.7,23.3915915322195,0.352
22.63486008196633,0.4210525703871604,4.5e-08,0.7,22.3630044181008,0.3740000000000001
21.25578509361528,0.6823750736058626,4.5e-08,0.7,21.29438519809521,0.3960000000000001
19.89421969619215,1.072878377747863,4.5e-08,0.7,20.25717637276768,0.4180000000000001
18.62393637705058,1.638510505691771,4.5e-08,0.7,19.32232948777082,0.4400000000000001
17.49601051646113,2.437012815542416,4.5e-08,0.7,18.54436826461234,0.4620000000000001
16.52971118583886,3.542040803199384,4.5e-08,0.7,17.95105466501425,0.4840000000000002
15.71342731221638,5.048308386175107,4.5e-08,0.7,17.54096363163825,0.5060000000000001
15.01260298657342,7.076446787875768,4.5e-08,0.7,17.28713957492725,0.5280000000000001
14.38053939208658,9.77563000840637,4.5e-08,0.7,17.14377165653749,0.5500000000000002
13.76922663966198,13.32161070887818,4.5e-08,0.7,17.0540260665083,0.5720000000000002
13.13867419189985,17.90798919303904,4.5e-08,0.7,16.95855248645406,0.5940000000000002
12.46355157886606,23.72987108033196,4.5e-08,0.7,16.80429169910377,0.6160000000000002
11.73599394729132,30.96170170142372,4.5e-08,0.7,16.55229776865208,0.6380000000000002
10.96410324088502,39.73405451815803,4.5e-08,0.7,16.18261376640932,0.6600000000000003
10.1670154250066,50.11567442814808,4.5e-08,0.7,15.69479408518313,0.6820000000000003
9.368538267088782,62.10579255397959,4.5e-08,0.7,15.1042608644755,0.7040000000000003
8.59149601447641,75.63811405170098,4.5e-08,0.7,14.43620306613848,0.7260000000000003
7.854087798624463,90.59399671711331,4.5e-08,0.7,13.71922638040682,0.7480000000000003
7.168461212316144,106.8201646695604,4.5e-08,0.7,12.98039475781183,0.7700000000000004
6.540949958415423,124.1463820178241,4.5e-08,0.7,12.24229626725425,0.7920000000000004
5.973202069593761,142.4000466657921,4.5e-08,0.7,11.52194485972957,0.8140000000000004
5.463563547264438,161.4164898540999,4.5e-08,0.7,10.83094454408952,0.8360000000000004
5.008339301086637,181.0451256038742,4.5e-08,0.7,10.17631803523057,0.8580000000000004
4.602775387912538,201.1522886954128,4.5e-08,0.7,9.56155391911267,0.8800000000000004
4.241744656959865,221.6217727949291,4.5e-08,0.7,8.987609130717296,0.9020000000000004
3.920182167980327,242.3539633725087,4.5e-08,0.7,8.45374715359124,0.9240000000000004
3.63333453637801,263.2642377832453,4.5e-08,0.7,7.958181890904166,0.9460000000000004
3.376882403881104,284.2810830307755,4.5e-08,0.7,7.498542786337446,0.9680000000000004
3.146982367711105,305.3442039399003,4.5e-08,0.7,7.072194235943394,0.9900000000000004
2.940261332587545,326.4027687399332,4.5e-08,0.7,6.676444631846583,1.012
2.753785228990151,347.4138578587562,4.5e-08,0.7,6.308675964867866,1.034
2.585015931472592,368.3411333439197,4.5e-08,0.7,5.966418468110297,1.056
2.431764648051165,389.1537199901752,4.5e-08,0.7,5.647388533570608,1.078000000000001
2.29214642323103,409.8252767195055,4.5e-08,0.7,5.349502923593855,1.1
23.91018764027419,0.2775836403677907,4.5e-08,0.8,26.51672412258455,0.352
22.58358278122913,0.4629979842200723,4.5e-08,0.8,25.29520637225534,0.3740000000000001
21.19510042522171,0.7494298860753602,4.5e-08,0.8,24.03149760681845,0.3960000000000001
19.82386311176607,1.176608609144312,4.5e-08,0.8,22.81018423170373,0.4180000000000001
18.54356465008814,1.793949553767685,4.5e-08,0.8,21.71388026267412,0.4400000000000001
17.40511680815177,2.66317659310272,4.5e-08,0.8,20.80503523954341,0.4620000000000001
16.42775257077535,3.862542927513419,4.5e-08,0.8,20.11479038812717,0.4840000000000002
15.60014858462309,5.492063383554701,4.5e-08,0.8,19.64100574382574,0.5060000000000001
14.88843474675554,7.678344962291097,4.5e-08,0.8,19.35289520588227,0.5280000000000001
14.24690411454562,10.57697119041546,4.5e-08,0.8,19.19860252034812,0.5500000000000002
13.62861254122689,14.3700318087341,4.5e-08,0.8,19.11371140047552,0.5720000000000002
12.99442158222046,19.25664610048632,4.5e-08,0.8,19.03041480146323,0.5940000000000002
12.31940878153562,25.43576568371278,4.5e-08,0.8,18.88721622194782,0.6160000000000002
11.59558769363023,33.08326915203335,4.5e-08,0.8,18.63787755628624,0.6380000000000002
10.83048623225796,42.32836907986069,4.5e-08,0.8,18.25734585023181,0.6600000000000003
10.04239900255824,53.23577721174345,4.5e-08,0.8,17.7428445720172,0.6820000000000003
9.254231926354434,65.79860986487682,4.5e-08,0.8,17.11010964368825,0.7040000000000003
8.488006696026655,79.94324076931629,4.5e-08,0.8,16.38660282399538,0.7260000000000003
7.761304148232077,95.54337010356645,4.5e-08,0.8,15.60424481860139,0.7480000000000003
7.085855790740184,112.4384608174251,4.5e-08,0.8,14.79363170415459,0.7700000000000004
6.467756819687192,130.4518809924404,4.5e-08,0.8,13.98054065730308,0.7920000000000004
5.908551763408859,149.4057202102377,4.5e-08,0.8,13.18455533697059,0.8140000000000004
5.406574538445166,169.1311243870494,4.5e-08,0.8,12.41916853596104,0.8360000000000004
4.958173222030916,189.4743635203865,4.5e-08,0.8,11.69267495102519,0.8580000000000004
4.558665894914955,210.2995300223479,4.5e-08,0.8,11.00933584680078,0.8800000000000004
4.203008799631296,231.4889198751922,4.5e-08,0.8,10.37050704665267,0.9020000000000004
3.886221150733247,252.9420149812469,4.5e-08,0.8,9.775588029743574,0.9240000000000004
3.603628661189624,274.5737505266835,4.5e-08,0.8,9.222754211816309,0.9460000000000004
3.350983280388961,296.3125216485731,4.5e-08,0.8,8.709487994646771,0.9680000000000004
3.124504247075391,318.0982016978664,4.5e-08,0.8,8.2329449854158,0.9900000000000004
2.920872601108492,339.8803167160829,4.5e-08,0.8,7.790194943607134,1.012
2.737200581925712,361.6164388989673,4.5e-08,0.8,7.3783722954452,1.034
2.570989440480488,383.2708134723929,4.5e-08,0.8,6.994763895400358,1.056
2.420083763150023,404.8132074069149,4.5e-08,0.8,6.636854701696666,1.078000000000001
2.282626860495857,426.2179562985376,4.5e-08,0.8,6.302346160614299,1.1
24.46008855063688,1.654887037565619e-05,4.5e-08,0.9,35.86709428289643,0.0
23.87826084797741,0.3023106633780889,4.5e-08,0.9,29.51693671850106,0.352
22.54376361763,0.503845358636059,4.5e-08,0.9,28.10778935448493,0.3740000000000001
21.14650807036321,0.8147564297499061,4.5e-08,0.9,26.65404556559656,0.3960000000000001
19.76568839473429,1.277672163331793,4.5e-08,0.9,25.25284089576703,0.4180000000000001
18.47501463762858,1.945326925638926,4.5e-08,0.9,23.99792945408573,0.4400000000000001
17.32543033636367,2.883195703687528,4.5e-08,0.9,22.95938251344467,0.4620000000000001
16.3363512678638,4.173779346488257,4.5e-08,0.9,22.17171542589145,0.4840000000000002
15.4969156057119,5.921890109051938,4.5e-08,0.9,21.63237947088577,0.5060000000000001
14.77403283271221,8.259429389835292,4.5e-08,0.9,21.30734462889737,0.5280000000000001
14.12299841943698,11.34753076930847,4.5e-08,0.9,21.13951206289037,0.5500000000000002
13.49787661571483,15.37362386289623,4.5e-08,0.9,21.0577902947266,0.5720000000000002
12.86027975389278,20.54130279289897,4.5e-08,0.9,20.98675925185954,0.5940000000000002
12.18557623946785,27.0524069953599,4.5e-08,0.9,20.85707200049675,0.6160000000000002
11.46555386394363,35.08351910733131,4.5e-08,0.9,20.61538156618504,0.6380000000000002
10.70709852008307,44.76209809296692,4.5e-08,0.9,20.23128830725823,0.6600000000000003
9.92764231298216,56.14880237899065,4.5e-08,0.9,19.69910088855536,0.6820000000000003
9.149210823773032,69.23094396197038,4.5e-08,0.9,19.0341315289918,0.7040000000000003
8.393072531352509,83.92811042354603,4.5e-08,0.9,18.26540170230585,0.7260000000000003
7.676249525281319,100.1070121004652,4.5e-08,0.9,17.42757680795101,0.7480000000000003
7.010112971062595,117.6005434321265,4.5e-08,0.9,16.55440189561493,0.7700000000000004
6.400563717284082,136.2263261028202,4.5e-08,0.9,15.67463576110975,0.7920000000000004
5.849073164855227,155.8017104039337,4.5e-08,0.9,14.81036042800172,0.8140000000000004
5.353981053301011,176.1541311569194,4.5e-08,0.9,13.97697707882148,0.8360000000000004
4.911686886026591,197.1270943250825,4.5e-08,0.9,13.18412428909441,0.8580000000000004
4.51758237401845,218.5827440062492,4.5e-08,0.9,12.43693209734613,0.8800000000000004
4.16670463582068,240.4020979796092,4.5e-08,0.9,11.7372574246008,0.9020000000000004
3.854152272931722,262.4838912397801,4.5e-08,0.9,11.08473369300475,0.9240000000000004
3.575324342194459,284.7427214906507,4.5e-08,0.9,10.4775863816341,0.9460000000000004
3.32603814941343,307.1069541639914,4.5e-08,0.9,9.913228111683,0.9680000000000004
3.102569876878898,329.5166587348811,4.5e-08,0.9,9.388671612911123,0.9900000000000004
2.901649483057943,351.9217186851489,4.5e-08,0.9,8.900803438707246,1.012
2.720430871250342,374.2801750394648,4.5e-08,0.9,8.446556640003076,1.034
2.556450604536392,396.5568150967301,4.5e-08,0.9,8.023012972596023,1.056
2.407583130142718,418.7219923020773,4.5e-08,0.9,7.627457585468001,1.078000000000001
2.27199699930734,440.7506515148688,4.5e-08,0.9,7.257402690090846,1.1
23.28311142763953,1.881332216628297e-05,4.5e-08,1.0,39.54206973665696,0.0
23.8532184215474,0.3265621638523599,4.5e-08,1.0,32.36451736614635,0.352
22.51167837361652,0.5439255225277436,4.5e-08,1.0,30.77719465363965,0.3740000000000001
21.10620709646777,0.8788738013926403,4.5e-08,1.0,29.14237420064956,0.3960000000000001
19.71604066823185,1.376861957186474,4.5e-08,1.0,27.56890773581497,0.4180000000000001
18.41496166592308,2.093827904451619,4.5e-08,1.0,26.16102167817645,0.4400000000000001
17.25406111627998,3.098814493884994,4.5e-08,1.0,24.99604976172941,0.4620000000000001
16.2530635020971,4.478290445600646,4.5e-08,1.0,24.11187611458916,0.4840000000000002
15.40166180864546,6.34146125200048,4.5e-08,1.0,23.50586698092692,0.5060000000000001
14.66758587084511,8.824974418162146,4.5e-08,1.0,23.14135325052787,0.5280000000000001
14.00712374138228,12.09482086516005,4.5e-08,1.0,22.95682370996473,0.5500000000000002
13.37530194843102,16.34296500945753,4.5e-08,1.0,22.87548178600525,0.5720000000000002
12.7344194736838,21.77663076820898,4.5e-08,1.0,22.81526314150598,0.5940000000000002
12.06007114698479,28.59976669983923,4.5e-08,1.0,22.699751014914,0.6160000000000002
11.34376908372577,36.98906245905374,4.5e-08,1.0,22.46890909019512,0.6380000000000002
10.59173157126543,47.06989663704606,4.5e-08,1.0,22.08696791989085,0.6600000000000003
9.820529670355803,58.89885088881259,4.5e-08,1.0,21.5449050141297,0.6820000000000003
9.051332509247777,72.45768381572135,4.5e-08,1.0,20.85695145086436,0.7040000000000003
8.304692309794051,87.65964857843421,4.5e-08,1.0,20.05297162355708,0.7260000000000003
7.597112360143771,104.3650286522239,4.5e-08,1.0,19.169742871144,0.7480000000000003
6.93963885155772,122.400743581316,4.5e-08,1.0,18.24368548153277,0.7700000000000004
6.338005208419336,141.5792343632105,4.5e-08,1.0,17.30623833295503,0.7920000000000004
5.793627481260158,161.7136152868723,4.5e-08,1.0,16.38182774247041,0.8140000000000004
5.304861075105682,182.6280359250347,4.5e-08,1.0,15.48771753405524,0.8360000000000004
4.868160787309608,204.1635846852053,4.5e-08,1.0,14.6349144523478,0.8580000000000004
4.478991808659226,226.1807299608135,4.5e-08,1.0,13.82948109351195,0.8800000000000004
4.132469568270566,248.5594189707237,4.5e-08,1.0,13.07385731408514,0.9020000000000004
3.823768239023954,271.1977923117516,4.5e-08,1.0,12.36799676797325,0.9240000000000004
3.548355929280835,294.0102170138202,4.5e-08,1.0,11.71025792562145,0.9460000000000004
3.302111004841625,316.9250983279044,4.5e-08,1.0,11.09805926111535,0.9680000000000004
3.081362553578876,339.8827413212613,4.5e-08,1.0,10.528337433578,0.9900000000000004
2.882885798853387,362.8334023737441,4.5e-08,1.0,9.99785361740752,1.012
2.703873080489221,385.7355877707471,4.5e-08,1.0,9.50338890351386,1.034
2.541893467005979,408.5546083681224,4.5e-08,1.0,9.041861841856988,1.056
2.394848849866157,431.2613739357803,4.5e-08,1.0,8.610393125086816,1.078000000000001
2.260930952973788,453.8313994996892,4.5e-08,1.0,8.206335496727178,1.1
21.9084367157269,2.148848592491907e-05,4.5e-08,1.1,43.00676673080397,0.0
23.83271432368556,0.3505061349636105,4.5e-08,1.1,35.05836765735615,0.352
22.48478923190594,0.5835088217625197,4.5e-08,1.1,33.30374401408758,0.3740000000000001
21.07160249196565,0.9422040369989731,4.5e-08,1.1,31.49810174435468,0.3960000000000001
19.67241192357901,1.474819263613043,4.5e-08,1.1,29.76112050348538,0.4180000000000001
18.3611029349489,2.240406047841849,4.5e-08,1.1,28.20681423144329,0.4400000000000001
17.18897786217187,3.311429002769375,4.5e-08,1.1,26.91942339028344,0.4620000000000001
16.17613633214435,4.77809896355854,4.5e-08,1.1,25.94019369638178,0.4840000000000002
15.3128688608866,6.753686365013785,4.5e-08,1.1,25.26670403425117,0.5060000000000001
14.56773391661654,9.379137563377045,4.5e-08,1.1,24.86019681092097,0.5280000000000001
13.89799053326628,12.82473372795838,4.5e-08,1.1,24.65550877637043,0.5500000000000002
13.25958916246493,17.28631250207658,4.5e-08,1.1,24.57104971024111,0.5720000000000002
12.61547483433964,22.97402979372402,4.5e-08,1.1,24.51906561749438,0.5940000000000002
11.94143718633373,30.09329563117177,4.5e-08,1.1,24.41690560346784,0.6160000000000002
11.22869631237451,38.82040408818476,4.5e-08,1.1,24.19838858068233,0.6380000000000002
10.48280341890355,49.27837069316072,4.5e-08,1.1,23.82251957716067,0.6600000000000003
9.719483723090075,61.51966859757907,4.5e-08,1.1,23.27669503428664,0.6820000000000003
8.959074928943007,75.52070293182294,4.5e-08,1.1,22.57353486999046,0.7040000000000003
8.221441898672866,91.18876680141146,4.5e-08,1.1,21.74309984446542,0.7260000000000003
7.522596535362765,108.3781928560184,4.5e-08,1.1,20.82366234606782,0.7480000000000003
6.873282464761123,126.9104355873944,4.5e-08,1.1,19.85382095070504,0.7700000000000004
6.279081672245631,146.5932477542769,4.5e-08,1.1,18.86734877452632,0.7920000000000004
5.741364650952242,167.2359509424067,4.5e-08,1.1,17.8908114917651,0.8140000000000004
5.258507211466697,188.6597884711769,4.5e-08,1.1,16.94324156363825,0.8360000000000004
4.827020543455502,210.7037424332301,4.5e-08,1.1,16.0369970072156,0.8580000000000004
4.442442069124731,233.226852591731,4.5e-08,1.1,15.17910392594373,0.8800000000000004
4.09996294841434,256.1081856178761,4.5e-08,1.1,14.37264200448908,0.9020000000000004
3.794829729565257,279.2454289943163,4.5e-08,1.1,13.61795314615084,0.9240000000000004
3.522576221140436,302.552819877816,4.5e-08,1.1,12.9135987576432,0.9460000000000004
3.279138614108163,325.9588711634235,4.5e-08,1.1,12.25706982942995,0.9680000000000004
3.060895926269628,349.4041648656607,4.5e-08,1.1,11.64528774187336,0.9900000000000004
2.8646659897477,372.8393506273684,4.5e-08,1.1,11.07494223020932,1.012
2.687677255554966,396.2234039001711,4.5e-08,1.1,10.54270945808308,1.034
2.52752928745494,419.5221502343197,4.5e-08,1.1,10.04538532794883,1.056
2.38214969725775,442.7070370896668,4.5e-08,1.1,9.57996081389609,1.078000000000001
2.249751910283361,465.7541236707195,4.5e-08,1.1,9.14365882966754,1.1
24.28177360102438,0.2327239638195197,1.45e-07,0.1,9.806648587841323,0.3740000000000001
22.84474634233709,0.3907619034428303,1.45e-07,0.1,9.41522054330848,0.3960000000000001
21.49891473584167,0.636300854220432,1.45e-07,0.1,8.96511756356125,0.4180000000000001
20.24895678780857,1.00698861135141,1.45e-07,0.1,8.428547621740496,0.4400000000000001
19.05582903700524,1.551510963887524,1.45e-07,0.1,7.762348655537522,0.4620000000000001
17.8570816929984,2.328657158043104,1.45e-07,0.1,6.924658570539881,0.4840000000000002
16.59136918969482,3.401875213020624,1.45e-07,0.1,5.911678104984707,0.5060000000000001
15.22125050893772,4.827763225463833,1.45e-07,0.1,4.799515955456221,0.5280000000000001
13.75378475376172,6.640210049796183,1.45e-07,0.1,3.735845327124636,0.5500000000000002
12.24890484272554,8.837805034554306,1.45e-07,0.1,2.85208938646629,0.5720000000000002
10.79517135312185,11.38401455763698,1.45e-07,0.1,2.188757387733341,0.5940000000000002
9.465727436924618,14.22004465631751,1.45e-07,0.1,1.713339210431654,0.6160000000000002
8.295691779006606,17.2801900051101,1.45e-07,0.1,1.373694975242053,0.6380000000000002
7.288399071693889,20.50207810081633,1.45e-07,0.1,1.126474676501366,0.6600000000000003
6.430199955496707,23.83133489515069,1.45e-07,0.1,0.9418516425369052,0.6820000000000003
5.701334623949577,27.22281584794237,1.45e-07,0.1,0.8004077341197491,0.7040000000000003
5.081587494733109,30.64014883367551,1.45e-07,0.1,0.6895188877600954,0.7260000000000003
4.55265937317962,34.05458263300542,1.45e-07,0.1,0.6008164687150646,0.7480000000000003
4.098895162283067,37.44365902625789,1.45e-07,0.1,0.5286081080262258,0.7700000000000004
3.707281426993523,40.7899602677716,1.45e-07,0.1,0.4689204498811562,0.7920000000000004
3.367160600046507,44.08003504893247,1.45e-07,0.1,0.4189134819979982,0.8140000000000004
3.069866709175035,47.30352644180695,1.45e-07,0.1,0.3765140571870073,0.8360000000000004
2.808370661174939,50.45248707034698,1.45e-07,0.1,0.3401804581683203,0.8580000000000004
2.576968267229976,53.52085208432739,1.45e-07,0.1,0.3087471676025613,0.8800000000000004
2.371019221159926,56.5040380801961,1.45e-07,0.1,0.2813200373502863,0.9020000000000004
2.186734565725951,59.39863920585007,1.45e-07,0.1,0.2572039565048004,0.9240000000000004
2.021006264578645,62.20219666157681,1.45e-07,0.1,0.2358519829984832,0.9460000000000004
23.97642070966475,0.2834969970037062,1.45e-07,0.2,14.26640860977444,0.3740000000000001
22.55896780462059,0.4729122306450299,1.45e-07,0.2,13.94862537301401,0.3960000000000001
21.24856702162176,0.7655222298876638,1.45e-07,0.2,13.65887421971243,0.4180000000000001
20.04706068963363,1.205446048199693,1.45e-07,0.2,13.39439590455105,0.4400000000000001
18.91842944261113,1.85028919604614,1.45e-07,0.2,13.13486993029496,0.4620000000000001
17.81190111023218,2.771324138139461,1.45e-07,0.2,12.84801960003599,0.4840000000000002
16.68562669783956,4.050291876689375,1.45e-07,0.2,12.49785579018425,0.5060000000000001
15.52121975264515,5.772155789937702,1.45e-07,0.2,12.05147794511177,0.5280000000000001
14.32564261350862,8.014808949845586,1.45e-07,0.2,11.48217225037115,0.5500000000000002
13.12311191020902,10.83829513650582,1.45e-07,0.2,10.76898026708544,0.5720000000000002
11.94316722659183,14.27636095508516,1.45e-07,0.2,9.895560327773806,0.5940000000000002
10.81066964461709,18.33181046241334,1.45e-07,0.2,8.854268767846886,0.6160000000000002
9.740903796804115,22.97526255492681,1.45e-07,0.2,7.662695704396906,0.6380000000000002
8.74056009527138,28.14626562497982,1.45e-07,0.2,6.389101621325157,0.6600000000000003
7.813268379329261,33.75731505030731,1.45e-07,0.2,5.154655685927147,0.6820000000000003
6.964951041017566,39.70327807736557,1.45e-07,0.2,4.08135098543526,0.7040000000000003
6.203199632962008,45.87629303913939,1.45e-07,0.2,3.228328358109368,0.7260000000000003
5.531924688768538,52.18010031613468,1.45e-07,0.2,2.585112578415088,0.7480000000000003
4.948264914446943,58.53728590050074,1.45e-07,0.2,2.108266732977051,0.7700000000000004
4.444018726634449,64.88921655148437,1.45e-07,0.2,1.752520055481296,0.7920000000000004
4.008687331563288,71.19250033971083,1.45e-07,0.2,1.482394508597185,0.8140000000000004
3.631749649901945,77.41505751379447,1.45e-07,0.2,1.272852327105648,0.8360000000000004
3.303767962210141,83.5329730290272,1.45e-07,0.2,1.106810221573531,0.8580000000000004
3.016721781050669,89.52824340988325,1.45e-07,0.2,0.9726325003117738,0.8800000000000004
2.763970043941502,95.38721895391558,1.45e-07,0.2,0.8622936845131679,0.9020000000000004
2.540075506321342,101.0995279493893,1.45e-07,0.2,0.7701558137900137,0.9240000000000004
2.340601048827025,106.6573238523759,1.45e-07,0.2,0.6921780078603164,0.9460000000000004
2.16192151412449,112.0547483331838,1.45e-07,0.2,0.6254061604986448,0.9680000000000004
2.001064380224848,117.2875400779677,1.45e-07,0.2,0.5676398859490088,0.9900000000000004
23.72039585519877,0.3290796278529758,1.45e-07,0.3,17.95109908743807,0.3740000000000001
22.30318462662348,0.5458597160516085,1.45e-07,0.3,17.5394132209859,0.3960000000000001
20.99859439961602,0.8786964062032961,1.45e-07,0.3,17.18605280998197,0.4180000000000001
19.80402433504381,1.376172589041533,1.45e-07,0.3,16.88769133277793,0.4400000000000001
18.68108810694035,2.10121071861594,1.45e-07,0.3,16.6177284440323,0.4620000000000001
17.57942899499494,3.130912709687905,1.45e-07,0.3,16.33582694866753,0.4840000000000002
16.45976330812556,4.552768116267962,1.45e-07,0.3,16.00073423550512,0.5060000000000001
15.30708331038054,6.456802480299777,1.45e-07,0.3,15.58097732849177,0.5280000000000001
14.13133848963224,8.925066107639685,1.45e-07,0.3,15.06043814936465,0.5500000000000002
12.9589184555905,12.02140189458794,1.45e-07,0.3,14.43852569345392,0.5720000000000002
11.82118727508514,15.78452628925889,1.45e-07,0.3,13.72649943135202,0.5940000000000002
10.74533658856439,20.22597410845728,1.45e-07,0.3,12.94212223656574,0.6160000000000002
9.749732521213469,25.33244799081908,1.45e-07,0.3,12.10449587912027,0.6380000000000002
8.843228550048527,31.0707946324788,1.45e-07,0.3,11.23018536962243,0.6600000000000003
8.026774435211957,37.39362474691374,1.45e-07,0.3,10.33106167171705,0.6820000000000003
7.295780466748903,44.24413727259303,1.45e-07,0.3,9.413977026070617,0.7040000000000003
6.6423261041892,51.55944153989978,1.45e-07,0.3,8.482460646187294,0.7260000000000003
6.056901598025894,59.27228006713528,1.45e-07,0.3,7.540749731997399,0.7480000000000003
5.529754084969986,67.31153387049183,1.45e-07,0.3,6.599785540812025,0.7700000000000004
5.052037852222247,75.60236164268409,1.45e-07,0.3,5.682384489825322,0.7920000000000004
4.616804154773942,84.06720755061737,1.45e-07,0.3,4.822127891325171,0.8140000000000004
4.219509817905704,92.62869847033387,1.45e-07,0.3,4.053091492583209,0.8360000000000004
3.857650611081015,101.214194357009,1.45e-07,0.3,3.396651508774052,0.8580000000000004
3.529684104953475,109.7602430340923,1.45e-07,0.3,2.855767775555364,0.8800000000000004
3.233978960023438,118.215060257689,1.45e-07,0.3,2.419132274453374,0.9020000000000004
2.968341083129266,126.5385495581766,1.45e-07,0.3,2.069095377973416,0.9240000000000004
2.730077363951373,134.7006997551167,1.45e-07,0.3,1.787717555344714,0.9460000000000004
2.516277879156361,142.6794627535513,1.45e-07,0.3,1.559612781915382,0.9680000000000004
2.324079271786105,150.4588023617392,1.45e-07,0.3,1.372610860237216,0.9900000000000004
2.150829381717059,158.0271571960085,1.45e-07,0.3,1.217440966444451,1.012
23.52295168645395,0.3704089151588119,1.45e-07,0.4,22.22965223632947,0.3740000000000001
22.10122437303432,0.6117143968049716,1.45e-07,0.4,21.68048314850052,0.3960000000000001
20.79595173566033,0.9803269037976574,1.45e-07,0.4,21.22827295327874,0.4180000000000001
19.60206042147831,1.528518552203279,1.45e-07,0.4,20.86655331198135,0.4400000000000001
18.47996013826492,2.323488051625848,1.45e-07,0.4,20.55682468883645,0.4620000000000001
17.37965503507636,3.446864330890948,1.45e-07,0.4,20.2426248714706,0.4840000000000002
16.26326785639037,4.990358326133112,1.45e-07,0.4,19.8674864796988,0.5060000000000001
15.11732453904891,7.047308521337211,1.45e-07,0.4,19.3896198049376,0.5280000000000001
13.95264269116015,9.70178010831598,1.45e-07,0.4,18.789324763906,0.5500000000000002
12.79551348488139,13.01834030232894,1.45e-07,0.4,18.06880407876547,0.5720000000000002
11.67644252329417,17.03553162267292,1.45e-07,0.4,17.2467021069547,0.5940000000000002
10.62146296467056,21.7644195665277,1.45e-07,0.4,16.35061600318211,0.6160000000000002
9.647916571020524,27.19156399708226,1.45e-07,0.4,15.41024811984724,0.6380000000000002
8.764035463338486,33.28454664140406,1.45e-07,0.4,14.45259987575476,0.6600000000000003
7.970657022528715,39.9981053853332,1.45e-07,0.4,13.49943065926095,0.6820000000000003
7.263592593112589,47.27954702517074,1.45e-07,0.4,12.56651102799905,0.7040000000000003
6.63578203580719,55.07285468326002,1.45e-07,0.4,11.66398985951385,0.7260000000000003
6.078903463226336,63.32144183832598,1.45e-07,0.4,10.79728515069145,0.7480000000000003
5.584422155140257,71.96977000193185,1.45e-07,0.4,9.968108968249153,0.7700000000000004
5.144191795344055,80.96411511057514,1.45e-07,0.4,9.175435162034733,0.7920000000000004
4.750744990872966,90.25273415071784,1.45e-07,0.4,8.416373628714016,0.8140000000000004
4.397390706150646,99.78561879528364,1.45e-07,0.4,7.687026022255959,0.8360000000000004
4.078208299401878,109.5139693218292,1.45e-07,0.4,6.983464848069837,0.8580000000000004
3.788005483520613,119.38950587661,1.45e-07,0.4,6.302967137462452,0.8800000000000004
3.522291614870229,129.3637719298885,1.45e-07,0.4,5.645463107029166,0.9020000000000004
3.277298774830131,139.3876727423446,1.45e-07,0.4,5.014768980068236,0.9240000000000004
3.050046828788027,149.4115733117848,1.45e-07,0.4,4.418743561654993,0.9460000000000004
2.838395272878444,159.3862297746584,1.45e-07,0.4,3.86761533413903,0.9680000000000004
2.640992894266172,169.2645358600454,1.45e-07,0.4,3.370803426905657,0.9900000000000004
2.457079273041131,179.0036267332169,1.45e-07,0.4,2.93385916210926,1.012
2.28619442958977,188.5666309261078,1.45e-07,0.4,2.557181926443685,1.034
2.127916091681782,197.9235417064858,1.45e-07,0.4,2.23677611597265,1.056
24.87807877998393,0.2397604524454552,1.45e-07,0.5,27.82992014218549,0.352
23.37046331017531,0.4075987745642288,1.45e-07,0.5,26.99682202875946,0.3740000000000001
21.94089478745276,0.6708144014889738,1.45e-07,0.5,26.27458571339246,0.3960000000000001
20.63075822771644,1.071191015190216,1.45e-07,0.5,25.70034362911474,0.4180000000000001
19.43395606610651,1.664072774062818,1.45e-07,0.5,25.26338087128258,0.4400000000000001
18.31051397436865,2.520154148125064,1.45e-07,0.5,24.90996672237729,0.4620000000000001
17.21078765316776,3.724702086055225,1.45e-07,0.5,24.5627933389068,0.4840000000000002
16.09764696526978,5.372757419030876,1.45e-07,0.5,24.14513221348913,0.5060000000000001
14.95823615633939,7.560198262677596,1.45e-07,0.5,23.60052860205217,0.5280000000000001
13.8034619114397,10.37252203023325,1.45e-07,0.5,22.90267343810974,0.5500000000000002
12.65909038144204,13.87460041659918,1.45e-07,0.5,22.05485856657805,0.5720000000000002
11.55468909624691,18.10441023370088,1.45e-07,0.5,21.0821962596013,0.5940000000000002
10.51524996197886,23.07197677495519,1.45e-07,0.5,20.02121498333038,0.6160000000000002
9.557221022342738,28.76272405474046,1.45e-07,0.5,18.91060740257054,0.6380000000000002
8.688210440947767,35.14327595789605,1.45e-07,0.5,17.78500576422108,0.6600000000000003
7.908712630122666,42.16774880872067,1.45e-07,0.5,16.6719442663119,0.6820000000000003
7.214427932048926,49.78324224919388,1.45e-07,0.5,15.59122670241751,0.7040000000000003
6.598352236299267,57.9339904104627,1.45e-07,0.5,14.55569948718779,0.7260000000000003
6.052331002214033,66.56416391159166,1.45e-07,0.5,13.57261534216755,0.7480000000000003
5.56807071710819,75.61956835243986,1.45e-07,0.5,12.64507242635663,0.7700000000000004
5.137720778412313,85.04854681291508,1.45e-07,0.5,11.7732713880824,0.7920000000000004
4.75415833928159,94.80235774490036,1.45e-07,0.5,10.9555025126917,0.8140000000000004
4.411086781718115,104.8352314561997,1.45e-07,0.5,10.18886656930702,0.8360000000000004
4.103027133920178,115.1042417739998,1.45e-07,0.5,9.469772097785816,0.8580000000000004
3.825254163250359,125.5690766483475,1.45e-07,0.5,8.794262346095103,0.8800000000000004
3.573708564498032,136.1917538456325,1.45e-07,0.5,8.158223085131022,0.9020000000000004
3.344903162460501,146.9363029575857,1.45e-07,0.5,7.557517655327245,0.9240000000000004
3.135832799338393,157.7684197680769,1.45e-07,0.5,6.988092753845381,0.9460000000000004
2.94389309548685,168.6550918845037,1.45e-07,0.5,6.446099101702981,0.9680000000000004
2.766811456189718,179.5641957903201,1.45e-07,0.5,5.928072648134829,0.9900000000000004
2.602593699679102,190.4640776123286,1.45e-07,0.5,5.431215377959041,1.012
2.449490461229948,201.3231563075223,1.45e-07,0.5,4.953782921000953,1.034
2.305987236680189,212.1096284834682,1.45e-07,0.5,4.495510550199187,1.056
2.1708178128512,222.7913963330711,1.45e-07,0.5,4.057897123566145,1.078000000000001
2.042991093259392,233.3363520496637,1.45e-07,0.5,3.644090777562257,1.1
24.77085948255798,0.2601818205851288,1.45e-07,0.6,33.07722961562951,0.352
23.25060623326593,0.4412098761409158,1.45e-07,0.6,31.99308835110697,0.3740000000000001
21.81089107505266,0.7241334757601484,1.45e-07,0.6,31.07158340666408,0.3960000000000001
20.49308943889913,1.152927204233791,1.45e-07,0.6,30.36017462896788,0.4180000000000001
19.29106175705071,1.785517968398978,1.45e-07,0.6,29.84340147235264,0.4400000000000001
18.16497154125816,2.695491517057195,1.45e-07,0.6,29.45023717352611,0.4620000000000001
17.06547936161378,3.971086762707468,1.45e-07,0.6,29.07931349334434,0.4840000000000002
15.95573476340133,5.710038901589119,1.45e-07,0.6,28.6299264069288,0.5060000000000001
14.82289462365125,8.010260715510631,1.45e-07,0.6,28.02756196479839,0.5280000000000001
13.67747621829764,10.95836965197772,1.45e-07,0.6,27.23691599735453,0.5500000000000002
12.5445048147911,14.61941525247474,1.45e-07,0.6,26.26125121338912,0.5720000000000002
11.45264375223141,19.03079632838901,1.45e-07,0.6,25.13209561020239,0.5940000000000002
10.42602751398492,24.20150062203427,1.45e-07,0.6,23.8954715933712,0.6160000000000002
9.480434603564296,30.11574447676466,1.45e-07,0.6,22.59979055788403,0.6380000000000002
8.623039168284887,36.73898668136271,1.45e-07,0.6,21.28790026474747,0.6600000000000003
7.854115585750271,44.02434343805677,1.45e-07,0.6,19.99339257841351,0.6820000000000003
7.169304927588429,51.91813140785533,1.45e-07,0.6,18.74002927941067,0.7040000000000003
6.561647986500014,60.3640293887166,1.45e-07,0.6,17.54291274687453,0.7260000000000003
6.023093345049242,69.30587252794597,1.45e-07,0.6,16.41032995625556,0.7480000000000003
5.545477065361445,78.68933961594735,1.45e-07,0.6,15.34562270804807,0.7700000000000004
5.121085327638231,88.46284911397102,1.45e-07,0.6,14.34878100536896,0.7920000000000004
4.7429293159762,98.57793954342915,1.45e-07,0.6,13.41767169222156,0.8140000000000004
4.404839968441572,108.9893400859836,1.45e-07,0.6,12.54892356861474,0.8360000000000004
4.101459637122796,119.6548705451783,1.45e-07,0.6,11.73853200067743,0.8580000000000004
3.828180902675417,130.5352577984732,1.45e-07,0.6,10.9822523979817,0.8800000000000004
3.5810630531113,141.5939195310614,1.45e-07,0.6,10.27584306501143,0.9020000000000004
3.356743536359458,152.7967424373206,1.45e-07,0.6,9.615204706930022,0.9240000000000004
3.152353421283419,164.1118675406902,1.45e-07,0.6,8.996451241025966,0.9460000000000004
2.96544097858639,175.5094866978064,1.45e-07,0.6,8.415936317944952,0.9680000000000004
2.793904710917816,186.9616494295771,1.45e-07,0.6,7.87025239759405,0.9900000000000004
2.635935688568018,198.4420764260196,1.45e-07,0.6,7.356214109991534,1.012
2.489968351193847,209.9259744598419,1.45e-07,0.6,6.870834620138685,1.034
2.354638698396751,221.3898465347211,1.45e-07,0.6,6.411302552311858,1.056
2.228748840245859,232.8112908198918,1.45e-07,0.6,5.974967552263881,1.078000000000001
2.111237139475986,244.168782670455,1.45e-07,0.6,5.559344540912837,1.1
24.6871247609313,0.2788771386901004,1.45e-07,0.7,38.29590570959212,0.352
23.15377405850914,0.4719733328780392,1.45e-07,0.7,36.94167501892051,0.3740000000000001
21.70242721906473,0.7728732668931821,1.45e-07,0.7,35.80794512547777,0.3960000000000001
20.37515267130334,1.227460405802822,1.45e-07,0.7,34.95337409461313,0.4180000000000001
19.16641142259106,1.89586695265677,1.45e-07,0.7,34.35800162147037,0.4400000000000001
18.03683497815776,2.854108184053265,1.45e-07,0.7,33.93308500938868,0.4620000000000001
16.93734461696113,4.192892758163503,1.45e-07,0.7,33.55197997278146,0.4840000000000002
15.83105669632849,6.012178952433226,1.45e-07,0.7,33.0880517108699,0.5060000000000001
14.70474920709589,8.411549015341908,1.45e-07,0.7,32.44641898292838,0.5280000000000001
13.56825236471806,11.47852720825443,1.45e-07,0.7,31.5806783113026,0.5500000000000002
12.44572950292122,15.27827551483992,1.45e-07,0.7,30.49258362739319,0.5720000000000002
11.36498089762698,19.84764908262078,1.45e-07,0.7,29.21933570376951,0.5940000000000002
10.34941882862062,25.19466673075223,1.45e-07,0.7,27.81630149652333,0.6160000000000002
9.41431052805462,31.30238412926812,1.45e-07,0.7,26.34181685458702,0.6380000000000002
8.566531231865646,38.13508691167479,1.45e-07,0.7,24.84729717016003,0.6600000000000003
7.806228858293027,45.6448157283731,1.45e-07,0.7,23.37275642141672,0.6820000000000003
7.129037530705749,53.77696187362739,1.45e-07,0.7,21.94622332154727,0.7040000000000003
6.528062574199191,62.47444405575594,1.45e-07,0.7,20.58528335838007,0.7260000000000003
5.995352607085876,71.68049777737036,1.45e-07,0.7,19.29939716393307,0.7480000000000003
5.522855650902449,81.34034967520424,1.45e-07,0.7,18.09220321444577,0.7700000000000004
5.102968046055098,91.40209912198434,1.45e-07,0.7,16.9634495842158,0.7920000000000004
4.728802415103051,101.8170859481416,1.45e-07,0.7,15.91046398965337,0.8140000000000004
4.394279737196195,112.5399514486946,1.45e-07,0.7,14.92920026541189,0.8360000000000004
4.094120767662523,123.5285322550006,1.45e-07,0.7,14.01494533915461,0.8580000000000004
3.823785888491821,134.7436743318363,1.45e-07,0.7,13.16277464062358,0.8800000000000004
3.579393218460611,146.1490180450695,1.45e-07,0.7,12.36783067840353,0.9020000000000004
3.357631928137766,157.7107818372031,1.45e-07,0.7,11.62548214383597,0.9240000000000004
3.155679627589543,169.3975578224023,1.45e-07,0.7,10.93140495121587,0.9460000000000004
2.97112788913594,181.1801244304538,1.45e-07,0.7,10.28161389201624,0.9680000000000004
2.801917252203697,193.0312768026895,1.45e-07,0.7,9.672464152109043,0.9900000000000004
2.646281616676102,204.9256734350191,1.45e-07,0.7,9.100635274912342,1.012
2.502701237464009,216.8396965947772,1.45e-07,0.7,8.563105588678628,1.034
2.369863259422723,228.7513237090759,1.45e-07,0.7,8.057122067506354,1.056
2.246628682496904,240.6400068763195,1.45e-07,0.7,7.580168609871907,1.078000000000001
2.132004708612687,252.4865576835033,1.45e-07,0.7,7.129934472664803,1.1
23.57328812724605,7.196984884074139e-06,1.45e-07,0.8,53.85408233504972,0.0
24.61960268083434,0.2962681522494488,1.45e-07,0.8,43.25417415103672,0.352
23.07296537442437,0.500588298144215,1.45e-07,0.8,41.62862804734374,0.3740000000000001
21.60911693255851,0.8181604119983042,1.45e-07,0.8,40.28284980967178,0.3960000000000001
20.27126630109052,1.296562101739948,1.45e-07,0.8,39.28715436047557,0.4180000000000001
19.05488245597891,1.99784342326464,1.45e-07,0.8,38.61804728641359,0.4400000000000001
17.92127310848878,3.000098162227698,1.45e-07,0.8,38.17023420304626,0.4620000000000001
16.82159160687079,4.396123519239381,1.45e-07,0.8,37.79258650034053,0.4840000000000002
15.71872456781459,6.287742690591275,1.45e-07,0.8,37.33248884037909,0.5060000000000001
14.59882865438455,8.775927753527059,1.45e-07,0.8,36.67372016379771,0.5280000000000001
13.47086772825873,11.94894298447046,1.45e-07,0.8,35.75720125339338,0.5500000000000002
12.3580773027795,15.87200777109534,1.45e-07,0.8,34.5814822595629,0.5720000000000002
11.28743040095016,20.58145851775496,1.45e-07,0.8,33.18801212730252,0.5940000000000002
10.28170991730521,26.08440591129925,1.45e-07,0.8,31.64052470343127,0.6160000000000002
9.355776436497557,32.36280364159531,1.45e-07,0.8,30.0067461954651,0.6380000000000002
8.516294110898105,39.37979786511551,1.45e-07,0.8,28.3464735680493,0.6600000000000003
7.763344737417006,47.08635381661247,1.45e-07,0.8,26.70618880982229,0.6820000000000003
7.092589352631312,55.42690463552722,1.45e-07,0.8,25.11836552011652,0.7040000000000003
6.497211258421866,64.34354763663717,1.45e-07,0.8,23.60330963597584,0.7260000000000003
5.96935893547663,73.77883352001872,1.45e-07,0.8,22.17190504250142,0.7480000000000003
5.501084168853447,83.67743099319023,1.45e-07,0.8,20.82832114567225,0.7700000000000004
5.084881158806188,93.9869952780906,1.45e-07,0.8,19.57226864170457,0.7920000000000004
4.713949996849548,104.6585226270526,1.45e-07,0.8,18.40070473082589,0.8140000000000004
4.382287398291266,115.6463995038481,1.45e-07,0.8,17.30903917761683,0.8360000000000004
4.084678469657844,126.9082865352891,1.45e-07,0.8,16.29194391006314,0.8580000000000004
3.816637703135604,138.4049245419127,1.45e-07,0.8,15.34387115088733,0.8800000000000004
3.574328516939948,150.0999134676526,1.45e-07,0.8,14.45936815727747,0.9020000000000004
3.354478019181293,161.9594915833422,1.45e-07,0.8,13.6332555318063,0.9240000000000004
3.1542957386891,173.9523281469867,1.45e-07,0.8,12.86071708087825,0.9460000000000004
2.971400341152378,186.0493345930234,1.45e-07,0.8,12.1373342371784,0.9680000000000004
2.803755676437147,198.2234949856402,1.45e-07,0.8,11.45908709098168,0.9900000000000004
2.649616083787693,210.4497143676224,1.45e-07,0.8,10.82233638035982,1.012
2.507480198072063,222.704682790102,1.45e-07,0.8,10.22379555589331,1.034
2.376052231225564,234.9667526272122,1.45e-07,0.8,9.660498554256382,1.056
2.254209656083897,247.2158269163641,1.45e-07,0.8,9.12976664162921,1.078000000000001
2.140976282925296,259.4332567243233,1.45e-07,0.8,8.629176227340595,1.1
21.47854142306855,8.371136739342614e-06,1.45e-07,0.9,60.27050480317759,0.0
24.5631785929736,0.3127091574418132,1.45e-07,0.9,47.82087169036713,0.352
23.00327234542556,0.5276361721728584,1.45e-07,0.9,45.93629227584491,0.3740000000000001
21.52648808239683,0.8609226135116117,1.45e-07,0.9,44.38808395560802,0.3960000000000001
20.17744539960213,1.361677287201692,1.45e-07,0.9,43.25838641782651,0.4180000000000001
18.95287000289868,2.093649031071358,1.45e-07,0.9,42.5216105831418,0.4400000000000001
17.81487542745453,3.136741698009289,1.45e-07,0.9,42.05815332419165,0.4620000000000001
16.71483347418999,4.585547877012525,1.45e-07,0.9,41.69465130965774,0.4840000000000002
15.6152857856484,6.543477018211656,1.45e-07,0.9,41.25398265048868,0.5060000000000001
14.50162567688053,9.112668013839617,1.45e-07,0.9,40.59884620865918,0.5280000000000001
13.38184860871456,12.38198434494884,1.45e-07,0.9,39.65659122325689,0.5500000000000002
12.27823021952248,16.41664600718437,1.45e-07,0.9,38.42095324988982,0.5720000000000002
11.21694581206619,21.25247784414766,1.45e-07,0.9,36.93584857999448,0.5940000000000002
10.22021163227584,26.89572407824106,1.45e-07,0.9,35.27184091196414,0.6160000000000002
9.302549491009277,33.32728619216465,1.45e-07,0.9,33.50495043803736,0.6380000000000002
8.470468148393879,40.50921184678393,1.45e-07,0.9,31.70271654146556,0.6600000000000003
7.724020735862935,48.39141564817806,1.45e-07,0.9,29.91782417840001,0.6820000000000003
7.058915585082697,56.91738012108374,1.45e-07,0.9,28.18718746512734,0.7040000000000003
6.46842144192393,66.02837341188926,1.45e-07,0.9,26.5339855381283,0.7260000000000003
5.944785684274235,75.6662409613635,1.45e-07,0.9,24.97075712265263,0.7480000000000003
5.480158095207201,85.77506261507263,1.45e-07,0.9,23.50246085008072,0.7700000000000004
5.067122695999184,96.30200944773144,1.45e-07,0.9,22.12902390792701,0.7920000000000004
4.698958307763249,107.1976857138584,1.45e-07,0.9,20.84726595884968,0.8140000000000004
4.369728821090487,118.4161662132838,1.45e-07,0.9,19.65225760749891,0.8360000000000004
4.07427573523863,129.9148698347217,1.45e-07,0.9,18.53823082534474,0.8580000000000004
3.808160442484176,141.6543567449458,1.45e-07,0.9,17.49916081038577,0.8800000000000004
3.567585185771155,153.5980999549358,1.45e-07,0.9,16.52911911939666,0.9020000000000004
3.349309172611794,165.7122584613865,1.45e-07,0.9,15.62247372339806,0.9240000000000004
3.150568505620242,177.965464961877,1.45e-07,0.9,14.77399002913198,0.9460000000000004
2.969003924804615,190.3286330531278,1.45e-07,0.9,13.97886996397308,0.9680000000000004
2.80259771402412,202.774784511299,1.45e-07,0.9,13.23275384111489,0.9900000000000004
2.649619717557601,215.2788952015064,1.45e-07,0.9,12.53170106715972,1.012
2.508581733558644,227.8177573495796,1.45e-07,0.9,11.87215988423033,1.034
2.378199282103011,240.3698557672881,1.45e-07,0.9,11.25093244588259,1.056
2.257359696789216,252.9152557980981,1.45e-07,0.9,10.66513899153373,1.078000000000001
2.145095549762453,265.4355010521356,1.45e-07,0.9,10.11218326152517,1.1
19.31436146879697,9.810152889254375e-06,1.45e-07,1.0,66.10429844162304,0.0
24.51434248235964,0.3284749925431167,1.45e-07,1.0,51.95846829307187,0.352
22.94132956545602,0.5535654511611381,1.45e-07,1.0,49.83427157456467,0.3740000000000001
21.45147197304528,0.9018716304875478,1.45e-07,1.0,48.09784833713061,0.3960000000000001
20.09095113865742,1.423908898086991,1.45e-07,1.0,46.8431536519969,0.4180000000000001
18.85789305456088,2.184956098028224,1.45e-07,1.0,46.04409773277089,0.4400000000000001
17.71529532548321,3.266518988877561,1.45e-07,1.0,45.56945789206758,0.4620000000000001
16.61474535260588,4.764756062881816,1.45e-07,1.0,45.22659727127949,0.4840000000000002
15.51837870367923,6.784441199038462,1.45e-07,1.0,44.81624653856366,0.5060000000000001
14.41074925138916,9.428696952133333,1.45e-07,1.0,44.1811547167873,0.5280000000000001
13.29883198001895,12.78686276552084,1.45e-07,1.0,43.23485119984776,0.5500000000000002
12.20393179817618,16.92409986020537,1.45e-07,1.0,41.96495567762459,0.5720000000000002
11.15145090495757,21.87571408153201,1.45e-07,1.0,40.41606536429093,0.5940000000000002
10.16308150978034,27.64710806647179,1.45e-07,1.0,38.66382913827763,0.6160000000000002
9.253050368618108,34.21816959460109,1.45e-07,1.0,36.79118037089751,0.6380000000000002
8.427745578618797,41.54988694877791,1.45e-07,1.0,34.8724884567315,0.6600000000000003
7.687214177258586,49.59115702038248,1.45e-07,1.0,32.96615598542844,0.6820000000000003
7.027223367900016,58.28453607492017,1.45e-07,1.0,31.11337465553251,0.7040000000000003
6.44113079245046,67.57047892606708,1.45e-07,1.0,29.34024493832785,0.7260000000000003
5.921281002141359,77.39013400578789,1.45e-07,1.0,27.66112846035601,0.7480000000000003
5.459917215725227,87.68699398493612,1.45e-07,1.0,26.08199672625256,0.7700000000000004
5.049707475371776,98.407741701964,1.45e-07,1.0,24.60323194597092,0.7920000000000004
4.68400327525774,109.5025800362583,1.45e-07,1.0,23.22174642876676,0.8140000000000004
4.356929906929818,120.925257686355,1.45e-07,1.0,21.93248181600878,0.8360000000000004
4.063380022695776,132.6329323431555,1.45e-07,1.0,20.72941576682436,0.8580000000000004
3.7989572919646,144.5859589325623,1.45e-07,1.0,19.60620697203343,0.8800000000000004
3.559898764261868,156.7476536095077,1.45e-07,1.0,18.55658814340513,0.9020000000000004
3.342992274387536,169.0840605468495,1.45e-07,1.0,17.57459015419267,0.9240000000000004
3.145497494380128,181.563734332911,1.45e-07,1.0,16.65465678669384,0.9460000000000004
2.965074618801754,194.1575427120335,1.45e-07,1.0,15.79169092202134,0.9680000000000004
2.799722048973545,206.8384901259773,1.45e-07,1.0,14.98105939770323,0.9900000000000004
2.647723044050378,219.5815604781619,1.45e-07,1.0,14.21857424316192,1.012
2.507600629108807,232.3635767620124,1.45e-07,1.0,13.50046154796632,1.034
2.378079779779001,245.1630750817492,1.45e-07,1.0,12.8233249356125,1.056
2.258055851595331,257.9601907794525,1.45e-07,1.0,12.18410782634501,1.078000000000001
2.146568280060677,270.7365547089309,1.45e-07,1.0,11.58005688580859,1.1
17.0424539777963,1.166682208223626e-05,1.45e-07,1.1,71.35784120514967,0.0
23.2664602702006,1.770181569731473e-05,1.45e-07,1.1,71.3278696022665,0.022
24.47071555958561,0.3437694290897462,1.45e-07,1.1,55.6925269525901,0.352
22.88485353430197,0.578707658745015,1.45e-07,1.1,53.3497427037497,0.3740000000000001
21.38198141825819,0.9415320961749388,1.45e-07,1.1,51.43994827079035,0.3960000000000001
20.00991592625382,1.484067829538094,1.45e-07,1.1,50.0688048232956,0.4180000000000001
18.76825800966465,2.272991412932038,1.45e-07,1.1,49.21121892885519,0.4400000000000001
17.62093370964332,3.391246049385956,1.45e-07,1.1,48.72698718933701,0.4620000000000001
16.51974977683666,4.936372844466152,1.45e-07,1.1,48.40725197059353,0.4840000000000002
15.42640944080605,7.014329732744911,1.45e-07,1.1,48.03324881128454,0.5060000000000001
14.32459349125549,9.729069341312634,1.45e-07,1.1,47.4293614025284,0.5280000000000001
13.22023639783577,13.17029772254405,1.45e-07,1.1,46.49554095196063,0.5500000000000002
12.13367488524687,17.40305746769247,1.45e-07,1.1,45.21238431699617,0.5720000000000002
11.08955926185065,22.46211851356401,1.45e-07,1.1,43.6236133676609,0.5940000000000002
10.10908721392394,28.35205486403678,1.45e-07,1.1,41.80828900750837,0.6160000000000002
9.20621857492346,35.05176984509389,1.45e-07,1.1,39.85483738229274,0.6380000000000002
8.387242047710663,42.5212275319852,1.45e-07,1.1,37.84344810447201,0.6600000000000003
7.652211626171914,50.70834184791852,1.45e-07,1.1,35.83764071777465,0.6820000000000003
6.996959349696288,59.55477399005789,1.45e-07,1.1,33.88261123664052,0.7040000000000003
6.414932658509684,69.00019192209588,1.45e-07,1.1,32.00733446554322,0.7260000000000003
5.898571071931586,78.98506867569785,1.45e-07,1.1,30.22808564234809,0.7480000000000003
5.440207433327256,89.4523266971815,1.45e-07,1.1,28.55201211590415,0.7700000000000004
5.03258939236061,100.34817317888,1.45e-07,1.1,26.98014314008658,0.7920000000000004
4.669136699429486,111.6224181170401,1.45e-07,1.1,25.50967878026734,0.8140000000000004
4.344031942742122,123.2284886973269,1.45e-07,1.1,24.13561581775682,0.8360000000000004
4.052215272846928,135.123282228883,1.45e-07,1.1,22.85184411702483,0.8580000000000004
3.78932946367673,147.2669455214657,1.45e-07,1.1,21.65185264970284,0.8800000000000004
3.551643658280947,159.6226313506878,1.45e-07,1.1,20.52916262458347,0.9020000000000004
3.335972016915205,172.1562589078452,1.45e-07,1.1,19.47757719304042,0.9240000000000004
3.139595833287876,184.836290869724,1.45e-07,1.1,18.49131188115636,0.9460000000000004
2.960193105770283,197.6335316508451,1.45e-07,1.1,17.56504992638607,0.9680000000000004
2.795776946741968,210.5209471462835,1.45e-07,1.1,16.693952051226,0.9900000000000004
2.644642821288333,223.4735042636482,1.45e-07,1.1,15.87363994103672,1.012
2.505323928924486,236.4680277879115,1.45e-07,1.1,15.10016571386514,1.034
2.376553769173643,249.4830720253544,1.45e-07,1.1,14.36997502999626,1.056
2.257234877244812,262.4988048870681,1.45e-07,1.1,13.67986845925231,1.078000000000001
2.146412770864066,275.4969024062453,1.45e-07,1.1,13.02696377792515,1.1
24.90632316830748,0.169893150790318,2.45e-07,0.1,11.08476116236174,0.352
23.4977049109539,0.2893202399194399,2.45e-07,0.1,10.66128726904233,0.3740000000000001
22.13293844982758,0.4778877279195501,2.45e-07,0.1,10.13348601961823,0.3960000000000001
20.79818625314225,0.7663005161520746,2.45e-07,0.1,9.44618787411092,0.4180000000000001
19.45198642846008,1.193162998185758,2.45e-07,0.1,8.534727108095753,0.4400000000000001
18.04655046834901,1.802546279909014,2.45e-07,0.1,7.364722803347918,0.4620000000000001
16.54638785627112,2.637582382235573,2.45e-07,0.1,5.997301225978523,0.4840000000000002
14.94737256387505,3.729920495670751,2.45e-07,0.1,4.618282158815745,0.5060000000000001
13.29660934572167,5.088649109190195,2.45e-07,0.1,3.441056516327527,0.5280000000000001
11.68651282859566,6.696391864895123,2.45e-07,0.1,2.562354493973153,0.5500000000000002
10.20818371749452,8.516513738924665,2.45e-07,0.1,1.950611557044051,0.5720000000000002
8.911031896762289,10.50509932159502,2.45e-07,0.1,1.529676219988284,0.5940000000000002
7.802275575989041,12.61969981655179,2.45e-07,0.1,1.234067240134523,0.6160000000000002
6.865605554017811,14.82322943141484,2.45e-07,0.1,1.019873767001675,0.6380000000000002
6.076577995080561,17.08488609636038,2.45e-07,0.1,0.8596920508905925,0.6600000000000003
5.410490931093114,19.37976359320735,2.45e-07,0.1,0.736470566908748,0.6820000000000003
4.845426533704488,21.6880042807481,2.45e-07,0.1,0.6393484508152664,0.7040000000000003
4.363006802229926,23.99387115063427,2.45e-07,0.1,0.5611894249955389,0.7260000000000003
3.948229967382292,26.28489992188197,2.45e-07,0.1,0.4971563477100659,0.7480000000000003
3.589003724691812,28.55118819969092,2.45e-07,0.1,0.4438762266051866,0.7700000000000004
3.275629721810059,30.7848285677476,2.45e-07,0.1,0.3989376071661778,0.7920000000000004
3.000334454209795,32.9794702345535,2.45e-07,0.1,0.3605785180104685,0.8140000000000004
2.756874375367407,35.12998641873865,2.45e-07,0.1,0.3274867737459138,0.8360000000000004
2.540215896973097,37.23222454190997,2.45e-07,0.1,0.2986685776600411,0.8580000000000004
2.346281212348325,39.28281926668522,2.45e-07,0.1,0.2733598898512988,0.8800000000000004
2.171748500704808,41.2790522533098,2.45e-07,0.1,0.2509653140786784,0.9020000000000004
2.013895638090815,43.21874617540077,2.45e-07,0.1,0.2310151331545829,0.9240000000000004
24.61346713948013,0.2029005052916016,2.45e-07,0.2,16.37162279109393,0.352
23.21742319031664,0.3433482883248473,2.45e-07,0.2,16.11779331203529,0.3740000000000001
21.88109592017092,0.5638017915292017,2.45e-07,0.2,15.88983000243557,0.3960000000000001
20.59350618626064,0.8994982030208805,2.45e-07,0.2,15.67106821015085,0.4180000000000001
19.32352303904013,1.395336892240961,2.45e-07,0.2,15.42872642985517,0.4400000000000001
18.04244883527265,2.104667841362408,2.45e-07,0.2,15.12192437256713,0.4620000000000001
16.73893421083409,3.085575077977955,2.45e-07,0.2,14.70866661447869,0.4840000000000002
15.42226115452714,4.394923878117867,2.45e-07,0.2,14.14870239017209,0.5060000000000001
14.11609173461503,6.081479544113859,2.45e-07,0.2,13.40218523263412,0.5280000000000001
12.84794885793606,8.179811655820286,2.45e-07,0.2,12.42747939234162,0.5500000000000002
11.63975573855065,10.70605923052066,2.45e-07,0.2,11.18706214603242,0.5720000000000002
10.50274460709621,13.65541093379576,2.45e-07,0.2,9.676667514301398,0.5940000000000002
9.4382699003406,17.00051636300933,2.45e-07,0.2,7.980210491866879,0.6160000000000002
8.444786490701377,20.69124169695183,2.45e-07,0.2,6.293421436652336,0.6380000000000002
7.526736041240101,24.65876380589212,2.45e-07,0.2,4.833696909163891,0.6600000000000003
6.695517451607145,28.82632395059559,2.45e-07,0.2,3.707293363230761,0.6820000000000003
5.960629369834592,33.12236732610712,2.45e-07,0.2,2.892238013307661,0.7040000000000003
5.322506296761918,37.4885182842476,2.45e-07,0.2,2.312435065354596,0.7260000000000003
4.773332125181045,41.88054258955584,2.45e-07,0.2,1.894956002226629,0.7480000000000003
4.301407262642638,46.26568671986983,2.45e-07,0.2,1.586820237767702,0.7700000000000004
3.894591061895021,50.61952633725038,2.45e-07,0.2,1.352989286808753,0.7920000000000004
3.541954842176256,54.92349598078524,2.45e-07,0.2,1.170797629213163,0.8140000000000004
3.234272795794108,59.16318798020259,2.45e-07,0.2,1.025456778658338,0.8360000000000004
2.963979961695736,63.3272220733225,2.45e-07,0.2,0.907113005199906,0.8580000000000004
2.724945542776628,67.40649191170667,2.45e-07,0.2,0.8090346594038486,0.8800000000000004
2.512214661248518,71.39365325178093,2.45e-07,0.2,0.7265057965458712,0.9020000000000004
2.321774827168739,75.2827676561298,2.45e-07,0.2,0.6561431695169707,0.9240000000000004
2.150362028495906,79.06904779110387,2.45e-07,0.2,0.5954661408047965,0.9460000000000004
24.36106208410164,0.2317565848002213,2.45e-07,0.3,20.73538621478705,0.352
22.95706195749969,0.3899681077477254,2.45e-07,0.3,20.41274624269995,0.3740000000000001
21.61752769124395,0.6366698789891214,2.45e-07,0.3,20.15072600343733,0.3960000000000001
20.32981898132679,1.009872183412341,2.45e-07,0.3,19.92940762658386,0.4180000000000001
19.06279926220394,1.557529316479831,2.45e-07,0.3,19.70885421669757,0.4400000000000001
17.78910407088107,2.336036311534576,2.45e-07,0.3,19.44281991631945,0.4620000000000001
16.49932260931256,3.406200054459577,2.45e-07,0.3,19.09146812462238,0.4840000000000002
15.20461961743171,4.82716910516197,2.45e-07,0.3,18.62895147132499,0.5060000000000001
13.93029893985791,6.649872691700262,2.45e-07,0.3,18.04511457207063,0.5280000000000001
12.70580257180406,8.91187574192937,2.45e-07,0.3,17.3426832327042,0.5500000000000002
11.55625540990157,11.63489928744639,2.45e-07,0.3,16.53207837935952,0.5720000000000002
10.49801223359944,14.82506939056241,2.45e-07,0.3,15.62578425807256,0.5940000000000002
9.537983974221154,18.47501720865956,2.45e-07,0.3,14.6335627876792,0.6160000000000002
8.675218374660808,22.56664623864658,2.45e-07,0.3,13.55932056935171,0.6380000000000002
7.903217237761956,27.07358063023002,2.45e-07,0.3,12.400559326575,0.6600000000000003
7.212074839623527,31.9626885072122,2.45e-07,0.3,11.15223581490162,0.6820000000000003
6.590174971714402,37.19444650537186,2.45e-07,0.3,9.817617486368324,0.7040000000000003
6.025679711281659,42.72233475908132,2.45e-07,0.3,8.425777758242054,0.7260000000000003
5.50822717202339,48.49212147949401,2.45e-07,0.3,7.044411241183655,0.7480000000000003
5.030777433127313,54.44267305067082,2.45e-07,0.3,5.766942376120785,0.7700000000000004
4.590498231306473,60.50974402710276,2.45e-07,0.3,4.671907435878948,0.7920000000000004
4.187554691715403,66.63208063005872,2.45e-07,0.3,3.789756394482295,0.8140000000000004
3.822587409873635,72.7568684893426,2.45e-07,0.3,3.105224487667972,0.8360000000000004
3.494902609149316,78.84208748239904,2.45e-07,0.3,2.581133210062045,0.8580000000000004
3.20218609022632,84.85589362947084,2.45e-07,0.3,2.178457959699753,0.8800000000000004
2.941096146677934,90.77460383839384,2.45e-07,0.3,1.865044535285906,0.9020000000000004
2.70794997082516,96.58057948754092,2.45e-07,0.3,1.616956973482625,0.9240000000000004
2.499181414511079,102.2605421621032,2.45e-07,0.3,1.417085483540565,0.9460000000000004
2.311564169962874,107.804379124761,2.45e-07,0.3,1.253326139018642,0.9680000000000004
2.142283454480712,113.2043330332323,2.45e-07,0.3,1.117075226703518,0.9900000000000004
24.16365900111371,0.2573952558667464,2.45e-07,0.4,25.81242836525676,0.352
22.74882941975362,0.431177268142613,2.45e-07,0.4,25.37595671302768,0.3740000000000001
21.40247505949904,0.7006733285701467,2.45e-07,0.4,25.0424720318352,0.3960000000000001
20.11143623459118,1.106098332359472,2.45e-07,0.4,24.78330788094484,0.4180000000000001
18.84466881431673,1.697752922412921,2.45e-07,0.4,24.54174452007014,0.4400000000000001
17.57527017181771,2.534252972623928,2.45e-07,0.4,24.25297662333202,0.4620000000000001
16.29426364801913,3.678195174492791,2.45e-07,0.4,23.86255838880061,0.4840000000000002
15.01284233831908,5.189875073173588,2.45e-07,0.4,23.33748699965858,0.5060000000000001
13.75575852548213,7.120720592801314,2.45e-07,0.4,22.66871190349776,0.5280000000000001
12.55145423291913,9.508361805075191,2.45e-07,0.4,21.86707362219691,0.5500000000000002
11.42394307173685,12.37450379075039,2.45e-07,0.4,20.95603736081349,0.5720000000000002
10.38870713792834,15.72556521532488,2.45e-07,0.4,19.96426603045575,0.5940000000000002
9.452264929909507,19.55516457532002,2.45e-07,0.4,18.91985088324978,0.6160000000000002
8.61388025590343,23.84731589369972,2.45e-07,0.4,17.84674598158202,0.6380000000000002
7.867946401835407,28.57946476283804,2.45e-07,0.4,16.76311918830341,0.6600000000000003
7.206154898275553,33.72491245944965,2.45e-07,0.4,15.68100365496749,0.6820000000000003
6.619101660366868,39.25450807771259,2.45e-07,0.4,14.60665696492059,0.7040000000000003
6.097310639747184,45.13766818312267,2.45e-07,0.4,13.54123371328432,0.7260000000000003
5.631791543182355,51.3428387040611,2.45e-07,0.4,12.48164771193061,0.7480000000000003
5.214275296091114,57.83749892600795,2.45e-07,0.4,11.42181665556144,0.7700000000000004
4.83725687066781,64.58777187235874,2.45e-07,0.4,10.35482922701836,0.7920000000000004
4.493960831158539,71.5576948546122,2.45e-07,0.4,9.276775573790577,0.8140000000000004
4.178345663224503,78.70827324824688,2.45e-07,0.4,8.192445780946038,0.8360000000000004
3.885258135234424,85.99664120493166,2.45e-07,0.4,7.120984663473963,0.8580000000000004
3.610769975209687,93.37594198246909,2.45e-07,0.4,6.096558536653909,0.8800000000000004
3.352524412811773,100.7966307751131,2.45e-07,0.4,5.159581096043768,0.9020000000000004
3.109739220675591,108.2093704222717,2.45e-07,0.4,4.341750677241292,0.9240000000000004
2.882675262828935,115.5686365705931,2.45e-07,0.4,3.655558794275854,0.9460000000000004
2.671835522509671,122.8355492860747,2.45e-07,0.4,3.094778107365759,0.9680000000000004
2.477360816907192,129.979007077303,2.45e-07,0.4,2.64218130150292,0.9900000000000004
2.298829872645896,136.9752775300169,2.45e-07,0.4,2.277436053115597,1.012
2.135353354148168,143.8067809341532,2.45e-07,0.4,1.981794559351658,1.034
24.008847642062,0.2800860269517884,2.45e-07,0.5,31.46124127109746,0.352
22.58143725990934,0.4675244701825318,2.45e-07,0.5,30.87636843931719,0.3740000000000001
21.22626890530593,0.7568661558355504,2.45e-07,0.5,30.4514906950211,0.3960000000000001
19.93051219186312,1.190110376514867,2.45e-07,0.5,30.14670619826808,0.4180000000000001
18.66336713482831,1.819421896420666,2.45e-07,0.5,29.88329364222606,0.4400000000000001
17.39797235180639,2.705151651909477,2.45e-07,0.5,29.57128103531332,0.4620000000000001
16.125111350196,3.911266736538999,2.45e-07,0.5,29.1351196238731,0.4840000000000002
14.85539768331316,5.498902099568614,2.45e-07,0.5,28.52937388379072,0.5060000000000001
13.61268240263555,7.519774813810204,2.45e-07,0.5,27.74230286619886,0.5280000000000001
12.42432837541765,10.01138443746777,2.45e-07,0.5,26.78993267108378,0.5500000000000002
11.31330410861456,12.99509784258172,2.45e-07,0.5,25.70552998953924,0.5720000000000002
10.29425620509559,16.47699638676139,2.45e-07,0.5,24.52904853129684,0.5940000000000002
9.373158121517111,20.45051652678765,2.45e-07,0.5,23.29923318991137,0.6160000000000002
8.54901328613617,24.89974017633955,2.45e-07,0.5,22.0490826674032,0.6380000000000002
7.816187261765863,29.8024889776436,2.45e-07,0.5,20.80412073836758,0.6600000000000003
7.166516630630469,35.13280245494126,2.45e-07,0.5,19.58248991634668,0.6820000000000003
6.590870231956468,40.86271147812267,2.45e-07,0.5,18.39596162907128,0.7040000000000003
6.080151828996032,46.9633973310769,2.45e-07,0.5,17.25123306868113,0.7260000000000003
5.625861206946067,53.40588585851145,2.45e-07,0.5,16.15115584263989,0.7480000000000003
5.220351925343103,60.16141881407594,2.45e-07,0.5,15.09574074951892,0.7700000000000004
4.856900727228372,67.20161103937508,2.45e-07,0.5,14.08290279214083,0.7920000000000004
4.52967022781048,74.498464548632,2.45e-07,0.5,13.108974571711,0.8140000000000004
4.233617274008329,82.02427785917223,2.45e-07,0.5,12.16905256262638,0.8360000000000004
3.964378208158968,89.75146304483705,2.45e-07,0.5,11.25727429418265,0.8580000000000004
3.718149071637345,97.65226411367073,2.45e-07,0.5,10.367174500189,0.8800000000000004
3.491572682800313,105.6983604139389,2.45e-07,0.5,9.49234066107478,0.9020000000000004
3.2816451020329,113.8603454318435,2.45e-07,0.5,8.627647693079494,0.9240000000000004
3.085660475333586,122.1071105656832,2.45e-07,0.5,7.771269126329445,0.9460000000000004
2.901220689132814,130.4052552065585,2.45e-07,0.5,6.927202339778482,0.9680000000000004
2.726329827973429,138.7187862616154,2.45e-07,0.5,6.107103457785303,0.9900000000000004
2.559551964162746,147.0094837947837,2.45e-07,0.5,5.329445938831161,1.012
2.400139207066716,155.2382215963251,2.45e-07,0.5,4.614898851374706,1.034
2.24800396557432,163.3671237812208,2.45e-07,0.5,3.979738414259223,1.056
2.103492263701455,171.3619155260963,2.45e-07,0.5,3.431220597262541,1.078000000000001
23.88514478874851,0.3003307120294114,2.45e-07,0.6,37.33954757783692,0.352
22.44398660354333,0.4998760973477169,2.45e-07,0.6,36.57951504222741,0.3740000000000001
21.07867901214272,0.8066994216949989,2.45e-07,0.6,36.05010287983277,0.3960000000000001
19.7772903899915,1.264266357346833,2.45e-07,0.6,35.69910232144444,0.4180000000000001
18.5093670812947,1.926250165375151,2.45e-07,0.6,35.42258991394652,0.4400000000000001
17.2478150353925,2.854392973381794,2.45e-07,0.6,35.10085874215374,0.4620000000000001
15.98274843266591,4.113757172162352,2.45e-07,0.6,34.63246101250584,0.4840000000000002
14.72383691044806,5.766149600261715,2.45e-07,0.6,33.95563555873067,0.5060000000000001
13.493861611704,7.863516020037995,2.45e-07,0.6,33.05359689008522,0.5280000000000001
12.31914202286793,10.44323127163961,2.45e-07,0.6,31.94668963652115,0.5500000000000002
11.22176596627276,13.52633390616336,2.45e-07,0.6,30.67806774368108,0.5720000000000002
10.21574248058267,17.11852147837494,2.45e-07,0.6,29.29935888656961,0.5940000000000002
9.306661843701598,21.21289898465796,2.45e-07,0.6,27.8601171579921,0.6160000000000002
8.493359415206447,25.79332922258565,2.45e-07,0.6,26.40198289556301,0.6380000000000002
7.770187756134864,30.83755107951895,2.45e-07,0.6,24.95668255578139,0.6600000000000003
7.129067658762654,36.31966258205246,2.45e-07,0.6,23.54643299653896,0.6820000000000003
6.561004774887378,42.2118940502456,2.45e-07,0.6,22.1854871630255,0.7040000000000003
6.057063051149834,48.48577084759479,2.45e-07,0.6,20.88198191803574,0.7260000000000003
5.608909767373559,55.11282104508926,2.45e-07,0.6,19.63964227707753,0.7480000000000003
5.209067116665154,62.06497473561905,2.45e-07,0.6,18.45916565138383,0.7700000000000004
4.85098255318929,69.31476893075698,2.45e-07,0.6,17.33926000596633,0.7920000000000004
4.528997739255681,76.83543671898961,2.45e-07,0.6,16.27737764687807,0.8140000000000004
4.238267566927847,84.60093033948999,2.45e-07,0.6,15.27020698611426,0.8360000000000004
3.974659962086977,92.5859067198344,2.45e-07,0.6,14.31398264225396,0.8580000000000004
3.734653394594002,100.7656896430927,2.45e-07,0.6,13.40466397858514,0.8800000000000004
3.515240457789781,109.1162130940592,2.45e-07,0.6,12.53802117918892,0.9020000000000004
3.313840847039664,117.6139436673122,2.45e-07,0.6,11.70966008444612,0.9240000000000004
3.128224288208465,126.2357748228123,2.45e-07,0.6,10.91501477428492,0.9460000000000004
2.956442631395918,134.9588814458766,2.45e-07,0.6,10.14934291319141,0.9680000000000004
2.796770038103335,143.760519643379,2.45e-07,0.6,9.407776163002772,0.9900000000000004
2.647650936718458,152.6177554927008,2.45e-07,0.6,8.685507772217406,1.012
2.507657503002141,161.5071116801192,2.45e-07,0.6,7.978233516447726,1.034
2.375462143557315,170.4041406171967,2.45e-07,0.6,7.282966324658765,1.056
2.249835112050071,179.2829777006459,2.45e-07,0.6,6.599242163833787,1.078000000000001
2.12967928557187,188.1160044142207,2.45e-07,0.6,5.93043331875955,1.1
23.78355198862992,0.3186902845380626,2.45e-07,0.7,43.08461643694068,0.352
22.32793425428381,0.5291629424449169,2.45e-07,0.7,42.13421459020905,0.3740000000000001
20.95162153861516,0.85167471134443,2.45e-07,0.7,41.49380864893205,0.3960000000000001
19.64395478353099,1.330920712373405,2.45e-07,0.7,41.09943873559544,0.4180000000000001
18.37490395224377,2.02181977947225,2.45e-07,0.7,40.82135743666264,0.4400000000000001
17.11697781340416,2.987253651512385,2.45e-07,0.7,40.50823162137417,0.4620000000000001
15.85935577419848,4.29318177118983,2.45e-07,0.7,40.02993821706198,0.4840000000000002
14.61054146137229,6.001966061492382,2.45e-07,0.7,39.30547750968119,0.5060000000000001
13.39215227562893,8.165745914343246,2.45e-07,0.7,38.31067025443653,0.5280000000000001
12.22950290667504,10.82179155694037,2.45e-07,0.7,37.06871405169296,0.5500000000000002
11.14392126639728,13.9908492814913,2.45e-07,0.7,35.63198786736115,0.5720000000000002
10.14892095255492,17.67824942016529,2.45e-07,0.7,34.06365177298138,0.5940000000000002
9.249830010615906,21.87673986544974,2.45e-07,0.7,32.42416261998501,0.6160000000000002
8.44539750086082,26.56988630975125,2.45e-07,0.7,30.76393426964026,0.6380000000000002
7.730005056585323,31.73521197701664,2.45e-07,0.7,29.12095894764584,0.6600000000000003
7.095667542924299,37.34668479052828,2.45e-07,0.7,27.52147060942504,0.6820000000000003
6.533513881021999,43.37648678158099,2.45e-07,0.7,25.98199741599282,0.7040000000000003
6.034738080826914,49.79617134234566,2.45e-07,0.7,24.51173390147927,0.7260000000000003
5.591132000052283,56.57736692742368,2.45e-07,0.7,23.11468582283965,0.7480000000000003
5.195331407930514,63.69217549334637,2.45e-07,0.7,21.79138676538232,0.7700000000000004
4.840884949426087,71.11338036416406,2.45e-07,0.7,20.54017166932098,0.7920000000000004
4.52222406705463,78.81454281328388,2.45e-07,0.7,19.35807192381479,0.8140000000000004
4.234584295005812,86.77003787099711,2.45e-07,0.7,18.24141748636917,0.8360000000000004
3.973908089219719,94.95505931509663,2.45e-07,0.7,17.18622537593274,0.8580000000000004
3.736745925666871,103.3456102669246,2.45e-07,0.7,16.18843848049298,0.8800000000000004
3.520164077334422,111.9184874067545,2.45e-07,0.7,15.24406231200457,0.9020000000000004
3.321662605939936,120.6512618204569,2.45e-07,0.7,14.34923341097398,0.9240000000000004
3.139104405840479,129.5222565835876,2.45e-07,0.7,13.50024234642104,0.9460000000000004
2.970654744893223,138.5105194611212,2.45e-07,0.7,12.69352646004681,0.9680000000000004
2.814730102647773,147.5957879299824,2.45e-07,0.7,11.92564218825649,0.9900000000000004
2.669954869804833,156.7584426974766,2.45e-07,0.7,11.19322358627124,1.012
2.53512444731251,165.9794447050475,2.45e-07,0.7,10.49293250376323,1.034
2.409173367724851,175.2402490966582,2.45e-07,0.7,9.821407113639548,1.056
2.291147227659703,184.5226877752364,2.45e-07,0.7,9.17522016766825,1.078000000000001
2.180177513334419,193.8088102777712,2.45e-07,0.7,8.550868004146846,1.1
24.98159403044574,8.227220165731083e-06,2.45e-07,0.8,60.83691378861788,0.0
23.69749087910832,0.3356666890860739,2.45e-07,0.8,48.42402623908128,0.352
22.22705011493668,0.5562037723969782,2.45e-07,0.8,47.28012259337941,0.3740000000000001
20.83920459706962,0.8930911861127167,2.45e-07,0.8,46.52795370811916,0.3960000000000001
19.52480726332682,1.392078097606839,2.45e-07,0.8,46.09380047532621,0.4180000000000001
18.25431521433874,2.109133743930419,2.45e-07,0.8,45.82394655662783,0.4400000000000001
16.99975415499764,3.108091723661585,2.45e-07,0.8,45.53633328346024,0.4620000000000001
15.74921673115432,4.455658459697607,2.45e-07,0.8,45.07172507382833,0.4840000000000002
14.5099125401669,6.214658861449924,2.45e-07,0.8,44.32831781834398,0.5060000000000001
13.30224552003581,8.43739281592314,2.45e-07,0.8,43.27242679391858,0.5280000000000001
12.15055716211884,11.16103448285754,2.45e-07,0.8,41.92803276644348,0.5500000000000002
11.07549675510702,14.4060624808728,2.45e-07,0.8,40.35506979739528,0.5720000000000002
10.09017532853092,18.17745763405607,2.45e-07,0.8,38.62706791461799,0.5940000000000002
9.199736965664316,22.46760736052948,2.45e-07,0.8,36.81468287213617,0.6160000000000002
8.402897549725159,27.25975032564983,2.45e-07,0.8,34.97674777050008,0.6380000000000002
7.694096228772134,32.53113780012355,2.45e-07,0.8,33.1574033064018,0.6600000000000003
7.065451168188855,38.25552735315141,2.45e-07,0.8,31.38692640382683,0.6820000000000003
6.508210874076696,44.40495076586859,2.45e-07,0.8,29.68421867402622,0.7040000000000003
6.013688009261852,50.9508666388552,2.45e-07,0.8,28.05965219047625,0.7260000000000003
5.573783424417394,57.8648590670532,2.45e-07,0.8,26.51761931264328,0.7480000000000003
5.181228771295094,65.11903200183916,2.45e-07,0.8,25.0585560743919,0.7700000000000004
4.829655000128734,72.68621451310763,2.45e-07,0.8,23.68043117723416,0.7920000000000004
4.513563330430402,80.54005637570366,2.45e-07,0.8,22.37978458317896,0.8140000000000004
4.228248246699942,88.65506450742966,2.45e-07,0.8,21.15242145387534,0.8360000000000004
3.969702218229434,97.006610257771,2.45e-07,0.8,19.99385770013082,0.8580000000000004
3.734518655992527,105.5709240995593,2.45e-07,0.8,18.89959379406014,0.8800000000000004
3.519801440365722,114.3250860347601,2.45e-07,0.8,17.86527352193526,0.9020000000000004
3.323084561505315,123.2470152400753,2.45e-07,0.8,16.88676764718666,0.9240000000000004
3.142262764956753,132.3154598661698,2.45e-07,0.8,15.96020973197159,0.9460000000000004
2.975532736131967,141.5099865865237,2.45e-07,0.8,15.0820021909489,0.9680000000000004
2.821343742070445,150.8109688927478,2.45e-07,0.8,14.24880425357621,0.9900000000000004
2.678356442083937,160.1995728967673,2.45e-07,0.8,13.45750914621205,1.012
2.545408582064722,169.6577393071687,2.45e-07,0.8,12.70521486886652,1.034
2.42148638669951,179.1681601595338,2.45e-07,0.8,11.98919099016156,1.056
2.305700596611617,188.7142487056306,2.45e-07,0.8,11.30684262118491,1.078000000000001
2.197266230328771,198.2801005308323,2.45e-07,0.8,10.65567199058673,1.1
22.97372737063405,9.423033219092236e-06,2.45e-07,0.9,67.85872872303467,0.0
23.62233758906763,0.3516607055503271,2.45e-07,0.9,53.22057000829825,0.352
22.13696467805821,0.5816462853936887,2.45e-07,0.9,51.88905683787331,0.3740000000000001
20.73730671826226,0.9319672978947408,2.45e-07,0.9,51.02783226125018,0.3960000000000001
19.41587589382807,1.449296440208455,2.45e-07,0.9,50.55624404813322,0.4180000000000001
18.14366946100968,2.190506765694975,2.45e-07,0.9,50.30010519351134,0.4400000000000001
16.8921965827387,3.220240635628013,2.45e-07,0.9,50.0495988285213,0.4620000000000001
15.64838713048873,4.605833677324903,2.45e-07,0.9,49.6179093028251,0.4840000000000002
14.41809096141034,6.410496328645957,2.45e-07,0.9,48.88224913058884,0.5060000000000001
13.22047697002751,8.686653600098845,2.45e-07,0.9,47.79788667393058,0.5280000000000001
12.07893887010018,11.47137953306265,2.45e-07,0.9,46.38735862379293,0.5500000000000002
11.01350101108291,14.78489568711867,2.45e-07,0.9,44.71588963523333,0.5720000000000002
10.03693086176125,18.63184352308333,2.45e-07,0.9,42.86549374621617,0.5940000000000002
9.154237239321864,23.00425008198702,2.45e-07,0.9,40.91567901929461,0.6160000000000002
8.364135230074336,27.8850131956752,2.45e-07,0.9,38.93287324719236,0.6380000000000002
7.66113828668162,33.25108443173922,2.45e-07,0.9,36.96695942474278,0.6600000000000003
7.037472783303532,39.07597095688856,2.45e-07,0.9,35.05214563334091,0.6820000000000003
6.484503971059324,45.33150380685989,2.45e-07,0.9,33.20977974675621,0.7040000000000003
5.993655954285824,51.98898716747857,2.45e-07,0.9,31.4515853006912,0.7260000000000003
5.556929330722555,59.01989256995369,2.45e-07,0.9,29.78255868337639,0.7480000000000003
5.167141778314425,66.3962489492119,2.45e-07,0.9,28.20326240235532,0.7700000000000004
4.817996840200367,74.09084436092604,2.45e-07,0.9,26.71150728776569,0.7920000000000004
4.504056252845595,82.07731896119584,2.45e-07,0.9,25.30352176839498,0.8140000000000004
4.220664671014599,90.33019976929369,2.45e-07,0.9,23.97473032845717,0.8360000000000004
3.963856130059746,98.82490713461311,2.45e-07,0.9,22.72025155366224,0.8580000000000004
3.730258595551784,107.5377493925756,2.45e-07,0.9,21.53520322378877,0.8800000000000004
3.517004878925312,116.4459139740178,2.45e-07,0.9,20.41487884576136,0.9020000000000004
3.321653460571669,125.5274584940969,2.45e-07,0.9,19.35484089066827,0.9240000000000004
3.142120138281968,134.7613027971394,2.45e-07,0.9,18.35096153470952,0.9460000000000004
2.976620070989946,144.1272216861848,2.45e-07,0.9,17.3994313440385,0.9680000000000004
2.823619176820135,153.6058375458879,2.45e-07,0.9,16.49674917575572,0.9900000000000004
2.681793639238645,163.1786119587906,2.45e-07,0.9,15.63970172434073,1.012
2.549996281066331,172.8278354710282,2.45e-07,0.9,14.82533792504814,1.034
2.427228670476367,182.5366147941009,2.45e-07,0.9,14.05094131292471,1.056
2.31261796443867,192.28885685915,2.45e-07,0.9,13.31400205879401,1.078000000000001
2.205397640919467,202.0692492333264,2.45e-07,0.9,12.61218950721856,1.1
20.85179400531817,1.088209407722153e-05,2.45e-07,1.0,74.1222575461104,0.0
23.55491180315529,0.3669723478726827,2.45e-07,1.0,57.4558416282298,0.352
22.05467657323131,0.6059726648060332,2.45e-07,1.0,55.94719933117289,0.3740000000000001
20.64310561314582,0.9690572516482092,2.45e-07,1.0,54.98077984488702,0.3960000000000001
19.31445449476936,1.503723842844492,2.45e-07,1.0,54.47199478624967,0.4180000000000001
18.04030413578987,2.267637213956486,2.45e-07,1.0,54.23029949502482,0.4400000000000001
16.79164651144775,3.326136927272877,2.45e-07,1.0,54.02209022609269,0.4620000000000001
15.55422206641086,4.74709273952055,2.45e-07,1.0,53.63569281889498,0.4840000000000002
14.33249604123999,6.594033431267897,2.45e-07,1.0,52.92822577482188,0.5060000000000001
13.14439916282402,8.919472211316316,2.45e-07,1.0,51.84306887554726,0.5280000000000001
12.0123987376704,11.7603699954106,2.45e-07,1.0,50.39934934648597,0.5500000000000002
10.95592982650684,15.13669148875628,2.45e-07,1.0,48.66523754304878,0.5720000000000002
9.987453261331044,19.05274208664406,2.45e-07,1.0,46.72908401972828,0.5940000000000002
9.111871992136908,23.50018811357477,2.45e-07,1.0,44.67759727488684,0.6160000000000002
8.327919065334777,28.46157952522817,2.45e-07,1.0,42.58370577763656,0.6380000000000002
7.63019118460272,33.91355392493598,2.45e-07,1.0,40.50242412372337,0.6600000000000003
7.011024588487515,39.82934731597336,2.45e-07,1.0,38.47163994041028,0.6820000000000003
6.461898313709049,46.18056374330464,2.45e-07,1.0,36.51513318140685,0.7040000000000003
5.974342474371942,52.93832207737417,2.45e-07,1.0,34.646104994189,0.7260000000000003
5.540450975086933,60.07394620631019,2.45e-07,1.0,32.87035356208693,0.7480000000000003
5.153120955438554,67.55935090911237,2.45e-07,1.0,31.18879267306282,0.7700000000000004
4.806122330262748,75.36723983949335,2.45e-07,1.0,29.59930031904402,0.7920000000000004
4.494071674108879,83.47119545773599,2.45e-07,1.0,28.09800377063801,0.8140000000000004
4.212358714568511,91.84571145840458,2.45e-07,1.0,26.68013513268226,0.8360000000000004
3.95705448728873,100.4661975526106,2.45e-07,1.0,25.34057882787987,0.8580000000000004
3.724817382827576,109.3089730003057,2.45e-07,1.0,24.07420723242935,0.8800000000000004
3.512805331686653,118.3512570724283,2.45e-07,1.0,22.87607528301417,0.9020000000000004
3.318597678582556,127.5711599032727,2.45e-07,1.0,21.74152380709051,0.9240000000000004
3.140127690999949,136.9476746654075,2.45e-07,1.0,20.66622541647085,0.9460000000000004
2.97562530408802,146.4606707764136,2.45e-07,1.0,19.64619542203604,0.9680000000000004
2.823569092057478,156.0908873618189,2.45e-07,1.0,18.67778236594076,0.9900000000000004
2.682646248386765,165.8199261052443,2.45e-07,1.0,17.75764746836853,1.012
2.551719359539852,175.6302427106753,2.45e-07,1.0,16.88273877763524,1.034
2.429798858386245,185.5051363756547,2.45e-07,1.0,16.05026352318879,1.056
2.316020183207728,195.4287368427892,2.45e-07,1.0,15.25766069579653,1.078000000000001
2.20962481333183,205.3859887634336,2.45e-07,1.0,14.50257493935159,1.1
18.5755276671325,1.275792085074693e-05,2.45e-07,1.1,79.65714820211868,0.0
24.62618063504069,2.005344534611381e-05,2.45e-07,1.1,79.61020592606543,0.022
23.49304753417911,0.3818178506331288,2.45e-07,1.1,61.18553901794323,0.352
21.97814200070439,0.6295293388638711,2.45e-07,1.1,59.51108217659322,0.3740000000000001
20.55468464255452,1.004901369653189,2.45e-07,1.1,58.44285313153566,0.3960000000000001
19.21871557994674,1.556180877950188,2.45e-07,1.1,57.89503299944909,0.4180000000000001
17.94243415740452,2.341736761070692,2.45e-07,1.1,57.66466632120794,0.4400000000000001
16.69633395595964,3.427516796898375,2.45e-07,1.1,57.49844223326806,0.4620000000000001
15.4649705693532,4.881846402276109,2.45e-07,1.1,57.16296788502936,0.4840000000000002
14.25142617358841,6.768513664951593,2.45e-07,1.1,56.49677040035881,0.5060000000000001
13.07240242393159,9.140083107771154,2.45e-07,1.1,55.43111913247757,0.5280000000000001
11.94945928350731,12.03338433205029,2.45e-07,1.1,53.98024362445322,0.5500000000000002
10.90146678472651,15.46811887035829,2.45e-07,1.1,52.21319610530666,0.5720000000000002
9.94060198345945,19.44825473967884,2.45e-07,1.1,50.2226259476838,0.5940000000000002
9.07167903992107,23.96509633733267,2.45e-07,1.1,48.10078526535415,0.6160000000000002
8.293459001058762,29.00084204869082,2.45e-07,1.1,45.92594289706617,0.6380000000000002
7.600625724650005,34.53180846807881,2.45e-07,1.1,43.75754383320001,0.6600000000000003
6.985624833433437,40.53095009647934,2.45e-07,1.1,41.63681022855185,0.6820000000000003
6.440046022901837,46.96963073797476,2.45e-07,1.1,39.58985402303405,0.7040000000000003
5.955520987971816,53.81876816675241,2.45e-07,1.1,37.63140577732505,0.7260000000000003
5.524232103234974,61.04952056256273,2.45e-07,1.1,35.76820129190143,0.7480000000000003
5.139151248742391,68.633668285888,2.45e-07,1.1,34.00168030364632,0.7700000000000004
4.79411036970894,76.5438080748412,2.45e-07,1.1,32.32997357398141,0.7920000000000004
4.483777018236141,84.7534397624596,2.45e-07,1.1,30.74928775656097,0.8140000000000004
4.203582622270526,93.236996112931,2.45e-07,1.1,29.25482970407339,0.8360000000000004
3.949632292047358,101.9698455874416,2.45e-07,1.1,27.84139969465712,0.8580000000000004
3.718612301236165,110.928284351361,2.45e-07,1.1,26.50375657894993,0.8800000000000004
3.507703471601615,120.0895256152537,2.45e-07,1.1,25.23683083556303,0.9020000000000004
3.314504029142727,129.4316896937922,2.45e-07,1.1,24.03583900882056,0.9240000000000004
3.136962906585215,138.9337956547463,2.45e-07,1.1,22.89633595374386,0.9460000000000004
2.973323126476252,148.5757542240628,2.45e-07,1.1,21.81422909821345,0.9680000000000004
2.822074284875801,158.3383611438529,2.45e-07,1.1,20.78577048611595,0.9900000000000004
2.681912943744442,168.2032901011021,2.45e-07,1.1,19.80753666718381,1.012
2.551709738238622,178.153084452711,2.45e-07,1.1,18.87640272493259,1.034
2.430482102851137,188.171147152978,2.45e-07,1.1,17.9895142710237,1.056
2.317371656662067,198.2417284820038,2.45e-07,1.1,17.14425964846335,1.078000000000001
2.211625430798937,208.3499113478778,2.45e-07,1.1,16.33824357874178,1.1
24.27058637232886,0.1895251813131062,3.45e-07,0.1,11.57998342041455,0.352
22.89327130364977,0.3183894382512985,3.45e-07,0.1,11.05876594814861,0.3740000000000001
21.52455439250125,0.5189815595239938,3.45e-07,0.1,10.36041253998716,0.3960000000000001
20.12832718875091,0.8206671452723189,3.45e-07,0.1,9.405301225003834,0.4180000000000001
18.66412260359903,1.257603099496558,3.45e-07,0.1,8.141724416180837,0.4400000000000001
17.10237435364372,1.8641313760899,3.45e-07,0.1,6.624284486884619,0.4620000000000001
15.43947813016398,2.666780685046952,3.45e-07,0.1,5.063203918922751,0.4840000000000002
13.71969342273445,3.675151926498827,3.45e-07,0.1,3.721178144009266,0.5060000000000001
12.03777769484313,4.877775052460935,3.45e-07,0.1,2.727123656670366,0.5280000000000001
10.49335908291031,6.247205816299869,3.45e-07,0.1,2.047047014214267,0.5500000000000002
9.142353182779956,7.749825943163265,3.45e-07,0.1,1.588358254332711,0.5720000000000002
7.992993418880479,9.35316737616072,3.45e-07,0.1,1.271974076661331,0.5940000000000002
7.026808304133241,11.02904400070897,3.45e-07,0.1,1.046030916408531,0.6160000000000002
6.216516066878951,12.75416691288299,3.45e-07,0.1,0.8789475332493218,0.6380000000000002
5.534980106633728,14.50974097692883,3.45e-07,0.1,0.7515091868241578,0.6600000000000003
4.958471144257712,16.2807534383501,3.45e-07,0.1,0.6517096854129678,0.6820000000000003
4.467341226559644,18.05523964231445,3.45e-07,0.1,0.5717853916030032,0.7040000000000003
4.045720723303988,19.82363341221447,3.45e-07,0.1,0.5065431896874818,0.7260000000000003
3.680930049619237,21.57823390136062,3.45e-07,0.1,0.4524014210334723,0.7480000000000003
3.362874277778694,23.31278707039864,3.45e-07,0.1,0.4068227633306881,0.7700000000000004
3.083511652788191,25.02216624486406,3.45e-07,0.1,0.3679674305225376,0.7920000000000004
2.836416565364824,26.70213250857747,3.45e-07,0.1,0.3344741164768353,0.8140000000000004
2.616431392747942,28.34915669201445,3.45e-07,0.1,0.3053174724024997,0.8360000000000004
2.419393549857495,29.9602875415308,3.45e-07,0.1,0.279712902208168,0.8580000000000004
2.241923153253716,31.5330538441457,3.45e-07,0.1,0.2570514695299829,0.8800000000000004
2.081258315471961,33.06539118334444,3.45e-07,0.1,0.2368544700348748,0.9020000000000004
23.99025807080793,0.2230448086068043,3.45e-07,0.2,17.54713314893634,0.352
22.6322209545745,0.3724640940482522,3.45e-07,0.2,17.35678461772234,0.3740000000000001
21.30189205360834,0.6038764245303759,3.45e-07,0.2,17.17998051645032,0.3960000000000001
19.9741610051036,0.9508935741153632,3.45e-07,0.2,16.98093613192198,0.4180000000000001
18.62827393264694,1.453953282920019,3.45e-07,0.2,16.71424875472978,0.4400000000000001
17.26084526978639,2.157732823944078,3.45e-07,0.2,16.33184654154418,0.4620000000000001
15.88699916885976,3.106897813713762,3.45e-07,0.2,15.78470575325621,0.4840000000000002
14.53323523349173,4.341087996642721,3.45e-07,0.2,15.01960029525994,0.5060000000000001
13.22722665297814,5.890334194400853,3.45e-07,0.2,13.97518884409506,0.5280000000000001
11.98908154367965,7.771636179777984,3.45e-07,0.2,12.58957632830189,0.5500000000000002
10.82679143627297,9.9865046942907,3.45e-07,0.2,10.84222805003525,0.5720000000000002
9.737532223080684,12.51876023982334,3.45e-07,0.2,8.83709135880312,0.5940000000000002
8.716100370451606,15.33297410049477,3.45e-07,0.2,6.840329951972067,0.6160000000000002
7.766449928490325,18.37662860083186,3.45e-07,0.2,5.143493269693115,0.6380000000000002
6.903281890512742,21.58893565533195,3.45e-07,0.2,3.872348645568128,0.6600000000000003
6.139965897128279,24.91263641645147,3.45e-07,0.2,2.980333033492709,0.6820000000000003
5.478647819311555,28.30125033041454,3.45e-07,0.2,2.361742375378067,0.7040000000000003
4.911272419759587,31.71985806291378,3.45e-07,0.2,1.924686260519623,0.7260000000000003
4.425145140606643,35.1427111663909,3.45e-07,0.2,1.606395821143818,0.7480000000000003
4.007102831899036,38.55054852518048,3.45e-07,0.2,1.36710783348503,0.7700000000000004
3.645399906248413,41.92858041992888,3.45e-07,0.2,1.18187689805759,0.7920000000000004
3.330213585952597,45.26514767486727,3.45e-07,0.2,1.034783447201305,0.8140000000000004
3.05355634305334,48.55085491944423,3.45e-07,0.2,0.915391573573132,0.8360000000000004
2.809000505871346,51.77800536061133,3.45e-07,0.2,0.8166587295764602,0.8580000000000004
2.591381930040001,54.9402235951347,3.45e-07,0.2,0.7336974090943844,0.8800000000000004
2.396539420365199,58.03219684890008,3.45e-07,0.2,0.6630271173116262,0.9020000000000004
2.221102249484904,61.04949224861763,3.45e-07,0.2,0.6021109880532095,0.9240000000000004
2.06232242739,63.98842391353211,3.45e-07,0.2,0.5490610384498977,0.9460000000000004
23.73390714719972,0.2516220542217321,3.45e-07,0.3,22.34332264316376,0.352
22.36736745597982,0.4177797024657957,3.45e-07,0.3,22.12995898995634,0.3740000000000001
21.03276675944655,0.6733737355560873,3.45e-07,0.3,21.96669355185676,0.3960000000000001
19.70561214468054,1.054062867088655,3.45e-07,0.3,21.81069866818098,0.4180000000000001
18.3664782696003,1.602305449927098,3.45e-07,0.3,21.61154449923714,0.4400000000000001
17.01338040926465,2.364571100468214,3.45e-07,0.3,21.32499728142811,0.4620000000000001
15.66265451657535,3.387033624722091,3.45e-07,0.3,20.92079822378561,0.4840000000000002
14.34200183562093,4.710819858714029,3.45e-07,0.3,20.38413341188453,0.5060000000000001
13.08101680449386,6.368166595097897,3.45e-07,0.3,19.71251648714721,0.5280000000000001
11.90362616183309,8.380400768922323,3.45e-07,0.3,18.91026200196878,0.5500000000000002
10.82441124009406,10.75782695377036,3.45e-07,0.3,17.9823594835191,0.5720000000000002
9.84841842220798,13.50092580923613,3.45e-07,0.3,16.92896033413365,0.5940000000000002
8.972944586196755,16.60202049471442,3.45e-07,0.3,15.74151250687859,0.6160000000000002
8.18985295379035,20.04666994194917,3.45e-07,0.3,14.40253580512783,0.6380000000000002
7.487590195120505,23.81427535062526,3.45e-07,0.3,12.89353455723693,0.6600000000000003
6.852774833769364,27.87763246286193,3.45e-07,0.3,11.21740274967941,0.6820000000000003
6.271852036476268,32.20156932835079,3.45e-07,0.3,9.433268047578816,0.7040000000000003
5.733532978365169,36.74167891183603,3.45e-07,0.3,7.673478539185044,0.7260000000000003
5.231662730846989,41.44523581923236,3.45e-07,0.3,6.098918039044135,0.7480000000000003
4.766110088185527,46.25593395772673,3.45e-07,0.3,4.814443161477106,0.7700000000000004
4.339972832278254,51.12090996787628,3.45e-07,0.3,3.831712323563845,0.7920000000000004
3.955505744739087,55.99603706340831,3.45e-07,0.3,3.10151502257439,0.8140000000000004
3.612169132543235,60.84732782534319,3.45e-07,0.3,2.559980171977266,0.8360000000000004
3.307039749789131,65.64954403865596,3.45e-07,0.3,2.152736601613633,0.8580000000000004
3.036008204113785,70.38398459508521,3.45e-07,0.3,1.840089955938004,0.8800000000000004
2.794733111866106,75.03655879166,3.45e-07,0.3,1.594696147849251,0.9020000000000004
2.579155193430322,79.59641101333315,3.45e-07,0.3,1.397986022401093,0.9240000000000004
2.385698047339278,84.05501239262365,3.45e-07,0.3,1.237268005152556,0.9460000000000004
2.211302326332426,88.40557305264902,3.45e-07,0.3,1.103729844944017,0.9680000000000004
2.053386930142166,92.64265789681572,3.45e-07,0.3,0.9911331349962302,0.9900000000000004
24.95042907913516,0.1622947576707363,3.45e-07,0.4,28.29690269648779,0.33
23.52934456663267,0.2766114283491476,3.45e-07,0.4,27.90352888755272,0.352
22.15210707832178,0.4571508319520688,3.45e-07,0.4,27.62778925774696,0.3740000000000001
20.81126153599282,0.7332932676393813,3.45e-07,0.4,27.44135591335255,0.3960000000000001
19.48285134969501,1.142249668983148,3.45e-07,0.4,27.28338876811745,0.4180000000000001
18.14782508996683,1.727930342327148,3.45e-07,0.4,27.0828324257945,0.4400000000000001
16.80416068823453,2.537958651636354,3.45e-07,0.4,26.77879748474744,0.4620000000000001
15.46768454275564,3.619233676037926,3.45e-07,0.4,26.33249156889637,0.4840000000000002
14.16516402553672,5.01318976257685,3.45e-07,0.4,25.72995156185979,0.5060000000000001
12.92502343483464,6.752114221735738,3.45e-07,0.4,24.97800663846224,0.5280000000000001
11.77007983495771,8.857384708765077,3.45e-07,0.4,24.09697454620694,0.5500000000000002
10.71415848508206,11.33964845694859,3.45e-07,0.4,23.11313060034883,0.5720000000000002
9.762116708466712,14.2003329987422,3.45e-07,0.4,22.05273670280267,0.5940000000000002
8.911774874307547,17.43370293677144,3.45e-07,0.4,20.9381627734826,0.6160000000000002
8.156365635418746,21.02884946740357,3.45e-07,0.4,19.78581897301095,0.6380000000000002
7.486681005215384,24.97128124097932,3.45e-07,0.4,18.6052992141355,0.6600000000000003
6.892616567306693,29.24401136579104,3.45e-07,0.4,17.39917889810698,0.6820000000000003
6.364116909800789,33.82815436787634,3.45e-07,0.4,16.16318401854722,0.7040000000000003
5.891647778926608,38.70307528428403,3.45e-07,0.4,14.88693739004268,0.7260000000000003
5.466342971963295,43.84610855135075,3.45e-07,0.4,13.55627042105098,0.7480000000000003
5.079971791569056,49.23183121447343,3.45e-07,0.4,12.15907437468794,0.7700000000000004
4.724897206458744,54.83090087598245,3.45e-07,0.4,10.69675606963198,0.7920000000000004
4.394253031154644,60.60866722450595,3.45e-07,0.4,9.199517021209806,0.8140000000000004
4.082547738057331,66.52422796829931,3.45e-07,0.4,7.734058057390049,0.8360000000000004
3.786557264184655,72.53108649595683,3.45e-07,0.4,6.387458084266846,0.8580000000000004
3.505763927043548,78.58025205847464,3.45e-07,0.4,5.230162045068426,0.8800000000000004
3.241615665062539,84.6250056039712,3.45e-07,0.4,4.288513707526058,0.9020000000000004
2.995975332548419,90.62505829202982,3.45e-07,0.4,3.547628191480357,0.9240000000000004
2.769892923100019,96.54837317400478,3.45e-07,0.4,2.972100862769162,0.9460000000000004
2.563259564927255,102.370758922627,3.45e-07,0.4,2.523978157315046,0.9680000000000004
2.37506613226579,108.0743790043163,3.45e-07,0.4,2.17117509960419,0.9900000000000004
2.203812797007066,113.6461430277445,3.45e-07,0.4,1.889221553724147,1.012
2.047833148762479,119.0764034349512,3.45e-07,0.4,1.66025473419398,1.034
24.8019695670742,0.1757156921464554,3.45e-07,0.5,34.60879282324976,0.33
23.36529098160131,0.2984560491030401,3.45e-07,0.5,34.06715794089244,0.352
21.97632947187994,0.4914083996525143,3.45e-07,0.5,33.70706675588435,0.3740000000000001
20.62861922570494,0.7851343657078637,3.45e-07,0.5,33.48969309571992,0.3960000000000001
19.29878832023189,1.218065630723439,3.45e-07,0.5,33.33056721972791,0.4180000000000001
17.96771970465186,1.835234658269339,3.45e-07,0.5,33.13043289542591,0.4400000000000001
16.63276109750462,2.685138954544242,3.45e-07,0.5,32.80394875837061,0.4620000000000001
15.30874489451594,3.815203288052773,3.45e-07,0.5,32.29708108658019,0.4840000000000002
14.02125565263457,5.267036789186671,3.45e-07,0.5,31.59142154576497,0.5060000000000001
12.79751473036867,7.072846507331285,3.45e-07,0.5,30.69844660070696,0.5280000000000001
11.65928401558722,9.253822617279305,3.45e-07,0.5,29.64884639632982,0.5500000000000002
10.61960258702118,11.8204612637023,3.45e-07,0.5,28.48163162040735,0.5720000000000002
9.682853245681372,14.77418250170614,3.45e-07,0.5,27.23581186574575,0.5940000000000002
8.846669459311835,18.10945735150862,3.45e-07,0.5,25.9454273564076,0.6160000000000002
8.10432967601507,21.81585059230092,3.45e-07,0.5,24.6374342438548,0.6380000000000002
7.44685209083937,25.8796757648434,3.45e-07,0.5,23.33147763229535,0.6600000000000003
6.864509877010017,30.28518839373852,3.45e-07,0.5,22.0406431348782,0.6820000000000003
6.347780672370626,35.01536904875734,3.45e-07,0.5,20.77253861806383,0.7040000000000003
5.887858415965368,40.05239035970809,3.45e-07,0.5,19.53032618617406,0.7260000000000003
5.476868910321337,45.37785730512675,3.45e-07,0.5,18.31352515198246,0.7480000000000003
5.107903171390032,50.97288540869344,3.45e-07,0.5,17.11853833360925,0.7700000000000004
4.77494735332857,56.81805165411686,3.45e-07,0.5,15.93894992297471,0.7920000000000004
4.472758203239853,62.89322359923419,3.45e-07,0.5,14.76575441640857,0.8140000000000004
4.196712704400073,69.17724497047223,3.45e-07,0.5,13.58786585419871,0.8360000000000004
3.942651505058159,75.64743448234034,3.45e-07,0.5,12.39357277623203,0.8580000000000004
3.706741084791015,82.27885285387198,3.45e-07,0.5,11.17395107616396,0.8800000000000004
3.485403107268914,89.04334763297406,3.45e-07,0.5,9.929066730646609,0.9020000000000004
3.275391937782818,95.90855665699736,3.45e-07,0.5,8.675864219672786,0.9240000000000004
3.074091237642923,102.8373615481468,3.45e-07,0.5,7.452438202637611,0.9460000000000004
2.879958868802509,109.7885484664294,3.45e-07,0.5,6.311061431421837,0.9680000000000004
2.692806223440743,116.7191833896301,3.45e-07,0.5,5.299563394625599,0.9900000000000004
2.513567960191735,123.5882048478357,3.45e-07,0.5,4.443576160125759,1.012
2.343617038479166,130.3597572417586,3.45e-07,0.5,3.74251366858727,1.034
2.184076182417098,137.0049623035441,3.45e-07,0.5,3.178098965998657,1.056
2.035479135185691,143.5019509192145,3.45e-07,0.5,2.725549229101455,1.078000000000001
24.68363134939884,0.1876058850060791,3.45e-07,0.6,41.15986830623684,0.33
23.23093788514137,0.3177655373875926,3.45e-07,0.6,40.43823567879441,0.352
21.82958219178549,0.5215816724247817,3.45e-07,0.6,39.9770309582887,0.3740000000000001
20.47457353699445,0.8305810777623034,3.45e-07,0.6,39.72640613040382,0.3960000000000001
19.14317295997364,1.284175880566115,3.45e-07,0.6,39.57511202956427,0.4180000000000001
17.81593458285145,1.928290786754989,3.45e-07,0.6,39.39069151353406,0.4400000000000001
16.48921774460989,2.812116924599993,3.45e-07,0.6,39.05780497865419,0.4620000000000001
15.1765857314662,3.98349945737604,3.45e-07,0.6,38.50245592179286,0.4840000000000002
13.90234020668757,5.484190502224462,3.45e-07,0.6,37.6987264582073,0.5060000000000001
12.69256965220714,7.346328595311677,3.45e-07,0.6,36.66134853760231,0.5280000000000001
11.56815015912057,9.59092638660296,3.45e-07,0.6,35.43106330058072,0.5500000000000002
10.54151896656447,12.2282919162039,3.45e-07,0.6,34.05956027737686,0.5720000000000002
9.616722583279705,15.25971647118544,3.45e-07,0.6,32.59810271541578,0.5940000000000002
8.79126971035443,18.67963960483132,3.45e-07,0.6,31.09095608739675,0.6160000000000002
8.058460897142547,22.47770727331762,3.45e-07,0.6,29.57283669448023,0.6380000000000002
7.409426196029822,26.64043197185543,3.45e-07,0.6,28.06894882265709,0.6600000000000003
6.834598860644915,31.15239122429155,3.45e-07,0.6,26.59631200870613,0.6820000000000003
6.324639619343153,35.99702357674676,3.45e-07,0.6,25.16549316614054,0.7040000000000003
5.870937154722553,41.15712237415357,3.45e-07,0.6,23.78225647513559,0.7260000000000003
5.465823346320826,46.61512360569246,3.45e-07,0.6,22.44892301823173,0.7480000000000003
5.102615555863147,52.3532626197102,3.45e-07,0.6,21.16539179792033,0.7700000000000004
4.775564381958344,58.35365062500264,3.45e-07,0.6,19.92984849721358,0.7920000000000004
4.479756537158184,64.59830165788382,3.45e-07,0.6,18.73921345991348,0.8140000000000004
4.211001732872261,71.0691252267213,3.45e-07,0.6,17.58938163753784,0.8360000000000004
3.965718767225355,77.7478881415316,3.45e-07,0.6,16.475301488817,0.8580000000000004
3.740827501996173,84.61613942156788,3.45e-07,0.6,15.39093924861197,0.8800000000000004
3.533648402787655,91.65508299130695,3.45e-07,0.6,14.3291925355044,0.9020000000000004
3.341808761331731,98.84537300879538,3.45e-07,0.6,13.28187145839933,0.9240000000000004
3.163154491123414,106.16679663797,3.45e-07,0.6,12.23998029535501,0.9460000000000004
2.995669618305004,113.597803741344,3.45e-07,0.6,11.19471677085761,0.9680000000000004
2.837414757469307,121.1148568947369,3.45e-07,0.6,10.13977131948915,0.9900000000000004
2.68651270684258,128.6916385637811,3.45e-07,0.6,9.075310493154614,1.012
2.541226520235656,136.29830367503,3.45e-07,0.6,8.012826901832103,1.034
2.400163231039957,143.9011970044051,3.45e-07,0.6,6.977712007105821,1.056
2.262553254820269,151.4636012866268,3.45e-07,0.6,6.005218602571597,1.078000000000001
2.128428993482782,158.9478221427436,3.45e-07,0.6,5.129293915145761,1.1
24.58671471125506,0.1983350008973777,3.45e-07,0.7,47.52273513240447,0.33
23.11781517768523,0.3351617028297014,3.45e-07,0.7,46.60092371652554,0.352
21.70363788830924,0.5486863320049307,3.45e-07,0.7,46.0274595819283,0.3740000000000001
20.34098340209133,0.8712427814998035,3.45e-07,0.7,45.74267750312405,0.3960000000000001
19.007796952256,1.343048965855512,3.45e-07,0.7,45.60842354729716,0.4180000000000001
17.68416020504993,2.010756154664721,3.45e-07,0.7,45.45733910387367,0.4400000000000001
16.36523516759889,2.924120690227839,3.45e-07,0.7,45.14117503589931,0.4620000000000001
15.06315549124786,4.131335494749131,3.45e-07,0.7,44.56271015589172,0.4840000000000002
13.80088983038689,5.674278154257818,3.45e-07,0.7,43.68576106028832,0.5060000000000001
12.60345255446486,7.585037141108633,3.45e-07,0.7,42.52649394383245,0.5280000000000001
11.49095677115039,9.884474130633892,3.45e-07,0.7,41.13476094915926,0.5500000000000002
10.47537204053659,12.58271836932398,3.45e-07,0.7,39.57455715796826,0.5720000000000002
9.560517892157751,15.68090766862846,3.45e-07,0.7,37.90925746581553,0.5940000000000002
8.743848157469007,19.1733829205152,3.45e-07,0.7,36.19320216834916,0.6160000000000002
8.018716529982342,23.04975760688768,3.45e-07,0.7,34.46856918630949,0.6380000000000002
7.376364182705172,27.2965791145898,3.45e-07,0.7,32.76559298103042,0.6600000000000003
6.8073594115386,31.89852472190453,3.45e-07,0.7,31.10439850708616,0.6820000000000003
6.302501483419324,36.83919553985509,3.45e-07,0.7,29.49729768883074,0.7040000000000003
5.853310616236667,42.10161097927973,3.45e-07,0.7,27.95093656696939,0.7260000000000003
5.452239247976087,47.66850135457651,3.45e-07,0.7,26.46804932217215,0.7480000000000003
5.092714379316071,53.52247453151849,3.45e-07,0.7,25.04877922028743,0.7700000000000004
4.769087862581987,59.64610900552668,3.45e-07,0.7,23.69161785333002,0.7920000000000004
4.476543515074721,66.02200646285739,3.45e-07,0.7,22.3940417488229,0.8140000000000004
4.210989778790483,72.6328229043805,3.45e-07,0.7,21.15292275997077,0.8360000000000004
3.968953452999143,79.46128805983047,3.45e-07,0.7,19.96477456030642,0.8580000000000004
3.747481943288441,86.49021678635252,3.45e-07,0.7,18.82588136828871,0.8800000000000004
3.544056780382995,93.70251220211544,3.45e-07,0.7,17.73234063908543,0.9020000000000004
3.356518572720706,101.0811574500799,3.45e-07,0.7,16.68004026786406,0.9240000000000004
3.18300219324269,108.6091904138634,3.45e-07,0.7,15.66458352937748,0.9460000000000004
3.021880310064344,116.2696527341567,3.45e-07,0.7,14.68117285144379,0.9680000000000004
2.871713038584229,124.0455004919151,3.45e-07,0.7,13.72446995140018,0.9900000000000004
2.731201414179362,131.9194584858609,3.45e-07,0.7,12.78847203116994,1.012
2.599142721565857,139.8737932903689,3.45e-07,0.7,11.86649400793695,1.034
2.474387074542188,147.8899742510638,3.45e-07,0.7,10.95143947153915,1.056
2.355798306050533,155.9481929267125,3.45e-07,0.7,10.03667335490605,1.078000000000001
2.242229986709872,164.0267359906424,3.45e-07,0.7,9.117890379390431,1.1
24.50485339675051,0.2082244914472133,3.45e-07,0.8,53.37932916972863,0.33
23.01974376449438,0.3511768115701681,3.45e-07,0.8,52.25044582390851,0.352
21.59251031690025,0.5735783533990759,3.45e-07,0.8,51.55923381849236,0.3740000000000001
20.22194375971568,0.9084553260607744,3.45e-07,0.8,51.23880374897349,0.3960000000000001
18.88672548293339,1.396704030670821,3.45e-07,0.8,51.12675882441379,0.4180000000000001
17.5664012444743,2.085580570838628,3.45e-07,0.8,51.02248302830326,0.4400000000000001
16.25482683541547,3.025310536853106,3.45e-07,0.8,50.74486938649165,0.4620000000000001
14.96262035179559,4.264377557650879,3.45e-07,0.8,50.1720835068214,0.4840000000000002
13.71139527776847,5.844766528771461,3.45e-07,0.8,49.25547975307413,0.5060000000000001
12.52513474049712,7.798524164825079,3.45e-07,0.8,48.01033598702705,0.5280000000000001
11.42326988433798,10.14637791010954,3.45e-07,0.8,46.49361208807981,0.5500000000000002
10.4173894184644,12.89828735566613,3.45e-07,0.8,44.78009080580015,0.5720000000000002
9.51115651286074,16.05522835180886,3.45e-07,0.8,42.9442096183475,0.5940000000000002
8.702016187137772,19.61141297425166,3.45e-07,0.8,41.04970964720945,0.6160000000000002
7.983397987209931,23.55637009782679,3.45e-07,0.8,39.14582330634266,0.6380000000000002
7.34665896223367,27.87660886452035,3.45e-07,0.8,37.26757759816387,0.6600000000000003
6.782495137022263,32.55681264962528,3.45e-07,0.8,35.43805398381463,0.6820000000000003
6.28182958233969,37.58062992115457,3.45e-07,0.8,33.67118317207635,0.7040000000000003
5.836294867729634,42.9311662569087,3.45e-07,0.8,31.97433370727456,0.7260000000000003
5.438441786657578,48.59127591375102,3.45e-07,0.8,30.35040936448666,0.7480000000000003
5.08178190053451,54.54372918620602,3.45e-07,0.8,28.79941800947812,0.7700000000000004
4.760739390940583,60.77130812832386,3.45e-07,0.8,27.31958237511537,0.7920000000000004
4.470560322190969,67.25686390976828,3.45e-07,0.8,25.90809370947984,0.8140000000000004
4.207207654139604,73.9833552827363,3.45e-07,0.8,24.56160399609172,0.8360000000000004
3.967257397316601,80.9338785799126,3.45e-07,0.8,23.2765344965256,0.8580000000000004
3.747803380085,88.09169405638357,3.45e-07,0.8,22.04925873069249,0.8800000000000004
3.546373523531595,95.44025011253132,3.45e-07,0.8,20.87620101685046,0.9020000000000004
3.360858038949067,102.9632050757441,3.45e-07,0.8,19.75387841540174,0.9240000000000004
3.189448722723518,110.6444451645124,3.45e-07,0.8,18.67890407141987,0.9460000000000004
3.030587982887488,118.4680965885366,3.45e-07,0.8,17.64796282374957,0.9680000000000004
2.88292606036035,126.4185291469927,3.45e-07,0.8,16.65776484509191,0.9900000000000004
2.745284909664406,134.4803479333873,3.45e-07,0.8,15.70497951182207,1.012
2.616627264332289,142.6383686058855,3.45e-07,0.8,14.78614956317485,1.034
2.496029467253544,150.8775698718854,3.45e-07,0.8,13.89758542739733,1.056
2.382656669106805,159.1830140541367,3.45e-07,0.8,13.03524306841121,1.078000000000001
2.275739009078857,167.5397225507232,3.45e-07,0.8,12.19459965311969,1.1
23.91424324780515,1.026893941246722e-05,3.45e-07,0.9,72.82452781255232,0.0
24.43356716995127,0.2175263490569896,3.45e-07,0.9,58.57564691604442,0.33
22.9323865507056,0.3662243931726261,3.45e-07,0.9,57.24351509013846,0.352
21.49201496142344,0.5969168691292167,3.45e-07,0.9,56.43333926892012,0.3740000000000001
20.11335069488688,0.9432385682531652,3.45e-07,0.9,56.07427198655272,0.3960000000000001
18.77585974776714,1.446670175486868,3.45e-07,0.9,55.98405528029295,0.4180000000000001
17.45853906285034,2.154981293523814,3.45e-07,0.9,55.93281393638698,0.4400000000000001
16.1538948689425,3.118792380145657,3.45e-07,0.9,55.70901802267614,0.4620000000000001
14.87099307637486,4.386829891346623,3.45e-07,0.9,55.16663334695491,0.4840000000000002
13.63008788986189,6.001165238629307,3.45e-07,0.9,54.24323138915658,0.5060000000000001
12.45416266498557,7.993801854325502,3.45e-07,0.9,52.95086967168751,0.5280000000000001
11.36201886456942,10.38533904768848,3.45e-07,0.9,51.3510279940955,0.5500000000000002
10.36491858729742,13.18557003777612,3.45e-07,0.9,49.52696441431212,0.5720000000000002
9.46641194494736,16.39530266598172,3.45e-07,0.9,47.56239334666511,0.5940000000000002
8.663962844756849,20.00860223802673,3.45e-07,0.9,45.52923561375393,0.6160000000000002
7.951089909004313,24.01488315169495,3.45e-07,0.9,43.48304194261212,0.6380000000000002
7.319268436540789,28.40057555643746,3.45e-07,0.9,41.46325944626861,0.6600000000000003
6.759317571361403,33.15031833548994,3.45e-07,0.9,39.49579864559788,0.6820000000000003
6.262275679805666,38.24774737848314,3.45e-07,0.9,37.59622900226468,0.7040000000000003
5.819877353468402,43.67598489739562,3.45e-07,0.9,35.77273622206604,0.7260000000000003
5.424760794296839,49.41792890763728,3.45e-07,0.9,34.02851168289195,0.7480000000000003
5.070511118176187,55.45641939778028,3.45e-07,0.9,32.36353351263779,0.7700000000000004
4.751613882735167,61.77433383513064,3.45e-07,0.9,30.7758231156353,0.7920000000000004
4.463366299128036,68.35464527685666,3.45e-07,0.9,29.26229506054282,0.8140000000000004
4.201774152752003,75.18046256589736,3.45e-07,0.9,27.8193112376024,0.8360000000000004
3.96344969699412,82.2350630762339,3.45e-07,0.9,26.44302897246656,0.8580000000000004
3.745517962202244,89.50192295564169,3.45e-07,0.9,25.12961001375106,0.8800000000000004
3.54553440237191,96.96474663918322,3.45e-07,0.9,23.87533787097501,0.9020000000000004
3.361414350349038,104.6074957006015,3.45e-07,0.9,22.67667601337748,0.9240000000000004
3.19137353222182,112.4144162763618,3.45e-07,0.9,21.53028856053225,0.9460000000000004
3.033878371807467,120.3700639457563,3.45e-07,0.9,20.43303744844124,0.9680000000000004
2.887604673980239,128.4593248276032,3.45e-07,0.9,19.38196477315567,0.9900000000000004
2.751403320921237,136.6674316373408,3.45e-07,0.9,18.37426537543003,1.012
2.624271742000223,144.979973395164,3.45e-07,0.9,17.40725218384099,1.034
2.505330065571882,153.3828973358069,3.45e-07,0.9,16.4783149840762,1.056
2.393800997680032,161.8625012584306,3.45e-07,0.9,15.58487186667791,1.078000000000001
2.2889925807942,170.4054139785894,3.45e-07,0.9,14.72431149839648,1.1
21.84894066867886,1.174570283102641e-05,3.45e-07,1.0,79.34957238241645,0.0
24.36976972409819,0.2264266128600697,3.45e-07,1.0,63.1005235645956,0.33
22.85276100929996,0.3806080482179468,3.45e-07,1.0,61.57501881866764,0.352
21.39928654212011,0.6191831639982505,3.45e-07,1.0,60.64694468253198,0.3740000000000001
20.01241329142038,0.9763334119216296,3.45e-07,1.0,60.2447327834162,0.3960000000000001
18.67243377391933,1.494053225228913,3.45e-07,1.0,60.17114036160159,0.4180000000000001
17.35781315693776,2.220555558935783,3.45e-07,1.0,60.17203516361941,0.4400000000000001
16.05970645748639,3.206796373080681,3.45e-07,1.0,60.00921152289506,0.4620000000000001
14.78562309519005,4.501703494105143,3.45e-07,1.0,59.51411747540972,0.4840000000000002
13.5544661585508,6.147412344930727,3.45e-07,1.0,58.61012754894611,0.5060000000000001
12.38824368057628,8.175874805071173,3.45e-07,1.0,57.30416741291118,0.5280000000000001
11.30516125018121,10.60756054348967,3.45e-07,1.0,55.65966142883092,0.5500000000000002
10.3161874797823,13.45209480120911,3.45e-07,1.0,53.76580853446868,0.5720000000000002
9.424784893564384,16.71011127813044,3.45e-07,1.0,51.71351846479055,0.5940000000000002
8.628451803786902,20.37551596572932,3.45e-07,1.0,49.58139997696006,0.6160000000000002
7.920802494320976,24.43758965286986,3.45e-07,1.0,47.4303813488529,0.6380000000000002
7.293430578903249,28.88265836826066,3.45e-07,1.0,45.30382364218806,0.6600000000000003
6.737274339162743,33.69528607793603,3.45e-07,1.0,43.2302657060233,0.6820000000000003
6.243481351824188,38.85906084313535,3.45e-07,1.0,41.22690975537103,0.7040000000000003
5.803881343065738,44.35708156419839,3.45e-07,1.0,39.30286433119235,0.7260000000000003
5.411192995494241,50.17224515087254,3.45e-07,1.0,37.46176850767806,0.7480000000000003
5.05906838842931,56.28741095158239,3.45e-07,1.0,35.70374802097126,0.7700000000000004
4.74204832966128,62.68549517607067,3.45e-07,1.0,34.02679442297131,0.7920000000000004
4.455475493598624,69.3495285666518,3.45e-07,1.0,32.42769711366787,0.8140000000000004
4.195393136821921,76.26269674990456,3.45e-07,1.0,30.90265061636458,0.8360000000000004
3.9584445592557,83.40837368933742,3.45e-07,1.0,29.44763603545804,0.8580000000000004
3.74178073757788,90.77015316492532,3.45e-07,1.0,28.05865048246048,0.8800000000000004
3.542979075120531,98.33188006246816,3.45e-07,1.0,26.73183681819752,0.9020000000000004
3.35997377579508,106.07768158989,3.45e-07,1.0,25.46354960512506,0.9240000000000004
3.19099713391969,113.9919977518232,3.45e-07,1.0,24.25038125834935,0.9460000000000004
3.034530512358218,122.0596101243545,3.45e-07,1.0,23.08916408091778,0.9680000000000004
2.889263638948495,130.2656679423104,3.45e-07,1.0,21.97695821529831,0.9900000000000004
2.754060898851847,138.5957106008773,3.45e-07,1.0,20.9110317508863,1.012
2.627933432533911,147.0356857987324,3.45e-07,1.0,19.88883670152303,1.034
2.510016008089455,155.571962670559,3.45e-07,1.0,18.90798287832914,1.056
2.399547793454177,164.1913393194558,3.45e-07,1.0,17.966210529772,1.078000000000001
2.295856293879758,172.8810441752814,3.45e-07,1.0,17.06136179181935,1.1
19.59954335395089,1.363855941222931e-05,3.45e-07,1.1,85.04575597600642,0.0
24.31135500853535,0.2350577988553687,3.45e-07,1.1,67.02976159000461,0.33
22.77883317704364,0.3945432814071315,3.45e-07,1.1,65.32252926800473,0.352
21.31237857605992,0.6407177662467891,3.45e-07,1.1,64.27820382886908,0.3740000000000001
19.91724925194261,1.008262630053588,3.45e-07,1.1,63.82726784456283,0.3960000000000001
18.57459835482609,1.539631759409838,3.45e-07,1.1,63.76199373836356,0.4180000000000001
17.26239283112391,2.283426266779104,3.45e-07,1.1,63.80892277056355,0.4400000000000001
15.97046056956899,3.290889093456108,3.45e-07,1.1,63.70724226165445,0.4620000000000001
14.70477111245544,4.611113066046195,3.45e-07,1.1,63.26818034500066,0.4840000000000002
13.48289307278934,6.286274718533771,3.45e-07,1.1,62.4012010774541,0.5060000000000001
12.32587966868964,8.34826224655463,3.45e-07,1.1,61.10678370933846,0.5280000000000001
11.25136295684648,10.81740955889614,3.45e-07,1.1,59.4481268215446,0.5500000000000002
10.27003786444746,13.70316923441771,3.45e-07,1.1,57.51805367145533,0.5720000000000002
9.385293465353808,17.0059944734285,3.45e-07,1.1,55.4126682742796,0.5940000000000002
8.5946701989549,20.71962242874197,3.45e-07,1.1,53.21577311654595,0.6160000000000002
7.891880287392728,24.83318723746188,3.45e-07,1.1,50.99268868380527,0.6380000000000002
7.268634128946124,29.33289445566162,3.45e-07,1.1,48.79012265739655,0.6600000000000003
6.715985380004478,34.2032138234669,3.45e-07,1.1,46.63897798625311,0.6820000000000003
6.225186029876413,39.42766358188913,3.45e-07,1.1,44.55802517302617,0.7040000000000003
5.788155887707039,44.98929475745602,3.45e-07,1.1,42.55735142795835,0.7260000000000003
5.397689254839224,50.87097596316566,3.45e-07,1.1,40.6411641318297,0.7480000000000003
5.04750071131168,57.05555587286369,3.45e-07,1.1,38.80988579745492,0.7700000000000004
4.73218231524695,63.52595620809949,3.45e-07,1.1,37.06163352672751,0.7920000000000004
4.447118647864462,70.26522848748773,3.45e-07,1.1,35.39322014039158,0.8140000000000004
4.188387260947988,77.2565939207305,3.45e-07,1.1,33.80080735395671,0.8360000000000004
3.952659621891643,84.48347680894649,3.45e-07,1.1,32.28031679583409,0.8580000000000004
3.737109978728839,91.92953632639389,3.45e-07,1.1,30.82767791947205,0.8800000000000004
3.539335115088818,99.57869843136874,3.45e-07,1.1,29.43896896784762,0.9020000000000004
3.357285538348352,107.4151880068309,3.45e-07,1.1,28.11048954616212,0.9240000000000004
3.189207429264729,115.4235605654791,3.45e-07,1.1,26.83879061584252,0.9460000000000004
3.033594158755287,123.5887325858965,3.45e-07,1.1,25.62067884102663,0.9680000000000004
2.889146030895745,131.896009540975,3.45e-07,1.1,24.45320618361888,0.9900000000000004
2.754736955076981,140.3311107983736,3.45e-07,1.1,23.3336516153904,1.012
2.629386879604624,148.8801907363373,3.45e-07,1.1,22.25949916246494,1.034
2.512238976886485,157.5298555835482,3.45e-07,1.1,21.228414765463,1.056
2.402540727554967,166.267175636022,3.45e-07,1.1,20.23822331254107,1.078000000000001
2.299628193828827,175.0796926157456,3.45e-07,1.1,19.28688646728605,1.1
23.80504540009307,0.1989009338578409,4.45e-07,0.1,11.90367316985131,0.352
22.43077965996038,0.330762903374898,4.45e-07,0.1,11.27315965866259,0.3740000000000001
21.03152928994238,0.5335499325921053,4.45e-07,0.1,10.39588937029672,0.3960000000000001
19.56923421576276,0.8340454634920829,4.45e-07,0.1,9.190112155655877,0.4180000000000001
18.01308596407469,1.261248764574176,4.45e-07,0.1,7.653526862513188,0.4400000000000001
16.35005360680375,1.840895831238867,4.45e-07,0.1,5.951346894994049,0.4620000000000001
14.6036736052661,2.587775187833173,4.45e-07,0.1,4.382059919043068,0.4840000000000002
12.8532272187023,3.49970680107477,4.45e-07,0.1,3.168240575902702,0.5060000000000001
11.20850149789038,4.558590763625573,4.45e-07,0.1,2.330112706314381,0.5280000000000001
9.749681552083718,5.737981496468042,4.45e-07,0.1,1.77272407767525,0.5500000000000002
8.502255065438167,7.010613267831446,4.45e-07,0.1,1.396942891236652,0.5720000000000002
7.453914384083009,8.352234175933841,4.45e-07,0.1,1.134660887302524,0.5940000000000002
6.57725373412658,9.742628739348213,4.45e-07,0.1,0.9445162513070674,0.6160000000000002
5.842791358133973,11.16542117184975,4.45e-07,0.1,0.8018389607741789,0.6380000000000002
5.224121125479061,12.60750004810308,4.45e-07,0.1,0.691580324356918,0.6600000000000003
4.699235550105334,14.05839088212421,4.45e-07,0.1,0.6042314745515391,0.6820000000000003
4.250363045694987,15.50969255482293,4.45e-07,0.1,0.5335608187855074,0.7040000000000003
3.863346768831764,16.95461212843169,4.45e-07,0.1,0.4753454543821482,0.7260000000000003
3.526962109686706,18.38759901197428,4.45e-07,0.1,0.4266383092318741,0.7480000000000003
3.232308013424333,19.80406596529722,4.45e-07,0.1,0.3853296599090346,0.7700000000000004
2.972305242653426,21.20018048565776,4.45e-07,0.1,0.3498755402314285,0.7920000000000004
2.741297534280756,22.5727106522843,4.45e-07,0.1,0.3191240660525846,0.8140000000000004
2.534740148305236,23.9189118318519,4.45e-07,0.1,0.2922011619503811,0.8360000000000004
2.348958692757233,25.23644339856407,4.45e-07,0.1,0.2684334562176173,0.8580000000000004
2.18096293980317,26.52330716986257,4.45e-07,0.1,0.2472950892095418,0.8800000000000004
2.028303071369832,27.77780137803399,4.45e-07,0.1,0.2283702933406896,0.9020000000000004
24.9056656605945,0.1360384173213192,4.45e-07,0.2,18.65322495052882,0.33
23.53639464068799,0.2317699982902489,4.45e-07,0.2,18.47865155599396,0.352
22.18768780981545,0.3832450786812727,4.45e-07,0.2,18.33192944040074,0.3740000000000001
20.83945548179083,0.6152191736025737,4.45e-07,0.2,18.18070477541243,0.3960000000000001
19.47073715476611,0.9585461218892928,4.45e-07,0.2,17.97835842901923,0.4180000000000001
18.07625257027496,1.448735066913312,4.45e-07,0.2,17.67259423397551,0.4400000000000001
16.66972618032447,2.123064195916475,4.45e-07,0.2,17.20858781706037,0.4620000000000001
15.2777414289322,3.016760758863676,4.45e-07,0.2,16.5256868170802,0.4840000000000002
13.92972800010321,4.159141324024901,4.45e-07,0.2,15.55088359103734,0.5060000000000001
12.64863211067682,5.57044339057421,4.45e-07,0.2,14.19973702447233,0.5280000000000001
11.44505390951336,7.259397897134656,4.45e-07,0.2,12.41031507417869,0.5500000000000002
10.31654351497868,9.22092816868232,4.45e-07,0.2,10.23757117027912,0.5720000000000002
9.25430561809262,11.43372566538988,4.45e-07,0.2,7.947575315187534,0.5940000000000002
8.25692866957453,13.85975229732009,4.45e-07,0.2,5.919260562499548,0.6160000000000002
7.338538049319348,16.44956878863414,4.45e-07,0.2,4.376872725713859,0.6380000000000002
6.518258895610295,19.15290790823544,4.45e-07,0.2,3.303550069871966,0.6600000000000003
5.80455430456314,21.92733846823081,4.45e-07,0.2,2.574214739204919,0.6820000000000003
5.192394863417454,24.7406624823068,4.45e-07,0.2,2.070518200887742,0.7040000000000003
4.669313336946507,27.5692502918081,4.45e-07,0.2,1.711190851333384,0.7260000000000003
4.221134265900055,30.39555926999054,4.45e-07,0.2,1.44566879365554,0.7480000000000003
3.834829857472965,33.20617954531175,4.45e-07,0.2,1.242981302890716,0.7700000000000004
3.499412305366323,35.99053716514187,4.45e-07,0.2,1.083822899106498,0.7920000000000004
3.20594551961014,38.74007072262769,4.45e-07,0.2,0.9558013588161912,0.8140000000000004
2.947262199306115,41.44770603776013,4.45e-07,0.2,0.8507043525838854,0.8360000000000004
2.717630671214696,44.10751315187952,4.45e-07,0.2,0.7629201584440597,0.8580000000000004
2.512455797285426,46.7144758340924,4.45e-07,0.2,0.6885050120437576,0.8800000000000004
2.328034200599982,49.26433199232208,4.45e-07,0.2,0.6246167491043441,0.9020000000000004
2.16136148002091,51.7534597803806,4.45e-07,0.2,0.5691607557756689,0.9240000000000004
2.009982748789348,54.17879374467285,4.45e-07,0.2,0.5205623551544007,0.9460000000000004
24.66012563165248,0.1530098354800354,4.45e-07,0.3,23.84423539569918,0.33
23.27783179454272,0.2592405961463157,4.45e-07,0.3,23.64192281670201,0.352
21.92060444953649,0.4261939687751375,4.45e-07,0.3,23.51032219378419,0.3740000000000001
20.569098862194,0.680123873362054,4.45e-07,0.3,23.41097948849171,0.3960000000000001
19.20379664293398,1.053411455453771,4.45e-07,0.3,23.29068032365784,0.4180000000000001
17.82070689261223,1.582962706141926,4.45e-07,0.3,23.09791228238111,0.4400000000000001
16.43446274384018,2.307236967587269,4.45e-07,0.3,22.79345280104881,0.4620000000000001
15.07246991872116,3.262546477898174,4.45e-07,0.3,22.35370028472836,0.4840000000000002
13.76563055758822,4.479655009960228,4.45e-07,0.3,21.76844482544601,0.5060000000000001
12.54022783506845,5.98156377576034,4.45e-07,0.3,21.0354169483651,0.5280000000000001
11.41340052667463,7.782797413183864,4.45e-07,0.3,20.15355938592377,0.5500000000000002
10.39228636979296,9.889892449364927,4.45e-07,0.3,19.11631073120862,0.5720000000000002
9.475502519621465,12.30246316641385,4.45e-07,0.3,17.90598287442171,0.5940000000000002
8.655430225108187,15.01419864641325,4.45e-07,0.3,16.49156799080167,0.6160000000000002
7.92028594050484,18.0132694724896,4.45e-07,0.3,14.8362054310133,0.6380000000000002
7.255699869629701,21.28177390726,4.45e-07,0.3,12.92558433278752,0.6600000000000003
6.646335712278452,24.79413883963446,4.45e-07,0.3,10.82116679881356,0.6820000000000003
6.078689051646482,28.5152010404429,4.45e-07,0.3,8.698412548210458,0.7040000000000003
5.545192517189929,32.40010386257332,4.45e-07,0.3,6.790616740409438,0.7260000000000003
5.046412066764844,36.39837894768203,4.45e-07,0.3,5.254883752055894,0.7480000000000003
4.587802030521685,40.46129421748142,4.45e-07,0.3,4.108086192910855,0.7700000000000004
4.173822845582092,44.54791944934917,4.45e-07,0.3,3.278623241525735,0.7920000000000004
3.804948624588051,48.62695351552271,4.45e-07,0.3,2.678220369231528,0.8140000000000004
3.478253163206486,52.67538589682751,4.45e-07,0.3,2.235533605991024,0.8360000000000004
3.189139738066888,56.67626143450333,4.45e-07,0.3,1.900845453114962,0.8580000000000004
2.932663378582266,60.61678214092802,4.45e-07,0.3,1.641207334943756,0.8800000000000004
2.704208147224675,64.48699965297165,4.45e-07,0.3,1.434927529188496,0.9020000000000004
2.499735657228319,68.27898143880537,4.45e-07,0.3,1.267539545933819,0.9240000000000004
2.31581936880838,71.98628793773597,4.45e-07,0.3,1.129191813172173,0.9460000000000004
2.149591099308152,75.60363986009354,4.45e-07,0.3,1.013017261136743,0.9680000000000004
24.46579062439971,0.1677652742707779,4.45e-07,0.4,29.88097870991511,0.33
23.06915204715818,0.2829808368211352,4.45e-07,0.4,29.60815313967039,0.352
21.70207589613961,0.4630376244194575,4.45e-07,0.4,29.45494033283259,0.3740000000000001
20.34613883654654,0.7353311386582576,4.45e-07,0.4,29.36674007724946,0.3960000000000001
18.9824574138151,1.133352958270012,4.45e-07,0.4,29.26812685236493,0.4180000000000001
17.60700284188409,1.694940704089101,4.45e-07,0.4,29.08714674005372,0.4400000000000001
16.23375057177989,2.459189215063825,4.45e-07,0.4,28.77160182422638,0.4620000000000001
14.88902934569679,3.462724308172551,4.45e-07,0.4,28.29499775734055,0.4840000000000002
13.60247245621611,4.736392551959921,4.45e-07,0.4,27.65431358557561,0.5060000000000001
12.39917090394353,6.303229609030311,4.45e-07,0.4,26.86323584696778,0.5280000000000001
11.29542133107279,8.177973953248083,4.45e-07,0.4,25.94425461417081,0.5500000000000002
10.29809223051518,10.3678097832063,4.45e-07,0.4,24.92184310218371,0.5720000000000002
9.406281455059892,12.87375401130893,4.45e-07,0.4,23.81759602043741,0.5940000000000002
8.613792596168967,15.69215141657623,4.45e-07,0.4,22.64722001836348,0.6160000000000002
7.911450253865357,18.81594081019884,4.45e-07,0.4,21.41880387110434,0.6380000000000002
7.28883049310065,22.23554647702226,4.45e-07,0.4,20.1317617806234,0.6600000000000003
6.73534747450091,25.93936250321649,4.45e-07,0.4,18.77615408021469,0.6820000000000003
6.240800266534507,29.91382891725593,4.45e-07,0.4,17.33283366539809,0.7040000000000003
5.795526909844545,34.14307192117329,4.45e-07,0.4,15.77634238345371,0.7260000000000003
5.39032743854581,38.60803477520534,4.45e-07,0.4,14.08470548297277,0.7480000000000003
5.016386161354299,43.28504217244728,4.45e-07,0.4,12.26089501039204,0.7700000000000004
4.665574796732392,48.14399250202815,4.45e-07,0.4,10.36206922009543,0.7920000000000004
4.33153539749895,53.14704545820722,4.45e-07,0.4,8.510121481418539,0.8140000000000004
4.011265659308025,58.24943304044595,4.45e-07,0.4,6.850516304505042,0.8360000000000004
3.705717903482517,63.40349261907397,4.45e-07,0.4,5.479893260780649,0.8580000000000004
3.418228562775103,68.56451082962064,4.45e-07,0.4,4.412328659588025,0.8800000000000004
3.151942543003002,73.69515258681952,4.45e-07,0.4,3.604325690338722,0.9020000000000004
2.908284047645129,78.76672473212096,4.45e-07,0.4,2.995290983512198,0.9240000000000004
2.686912413270713,83.75808748949432,4.45e-07,0.4,2.531200725089156,0.9460000000000004
2.486358054141564,88.65380330565306,4.45e-07,0.4,2.171177606030821,0.9680000000000004
2.304651740141393,93.44247811973752,4.45e-07,0.4,1.886272067316617,0.9900000000000004
2.139730026040247,98.11555795135372,4.45e-07,0.4,1.656401060880611,1.012
24.31127138362141,0.180602100659547,4.45e-07,0.5,36.57588405150567,0.33
22.89981207411639,0.3035479517615266,4.45e-07,0.5,36.20370510031605,0.352
21.52259612495739,0.4947840542228258,4.45e-07,0.5,36.01698886844037,0.3740000000000001
20.16232104673878,0.7826033118137891,4.45e-07,0.5,35.94031810436123,0.3960000000000001
18.80037419793863,1.20135372133897,4.45e-07,0.5,35.86838087012018,0.4180000000000001
17.43212550877873,1.789578027793892,4.45e-07,0.5,35.69995415490689,0.4400000000000001
16.07041410180123,2.586836940844903,4.45e-07,0.5,35.36156705496851,0.4620000000000001
14.74022726051332,3.629958490550594,4.45e-07,0.5,34.81683638651821,0.4840000000000002
13.46987411419892,4.949780374236752,4.45e-07,0.5,34.06372020023883,0.5060000000000001
12.28329800168961,6.569223088071096,4.45e-07,0.5,33.12475879045228,0.5280000000000001
11.19593249579946,8.502918313358107,4.45e-07,0.5,32.03555027441421,0.5500000000000002
10.21410925592838,10.75804548583015,4.45e-07,0.5,30.8350584584583,0.5720000000000002
9.336696017053926,13.33578496383645,4.45e-07,0.5,29.55920301203197,0.5940000000000002
8.557521723455112,16.23286527877265,4.45e-07,0.5,28.23758780561829,0.6160000000000002
7.86764222850428,19.44289118912031,4.45e-07,0.5,26.89248611068691,0.6380000000000002
7.257047373450488,22.95733710932536,4.45e-07,0.5,25.53910670917828,0.6600000000000003
6.715765708731685,26.76621410950435,4.45e-07,0.5,24.18637514918448,0.6820000000000003
6.234480403095683,30.85847039923166,4.45e-07,0.5,22.83773672702034,0.7040000000000003
5.804803289935094,35.22219044039796,4.45e-07,0.5,21.49171320854125,0.7260000000000003
5.419331907000576,39.84463981578744,4.45e-07,0.5,20.1421126685258,0.7480000000000003
5.071577268355382,44.71217515300026,4.45e-07,0.5,18.77795389131605,0.7700000000000004
4.755816297162573,49.8100057500335,4.45e-07,0.5,17.383435100331,0.7920000000000004
4.466899835281546,55.12175735755362,4.45e-07,0.5,15.93882734057449,0.8140000000000004
4.200041630696985,60.62875509000817,4.45e-07,0.5,14.42414448672478,0.8360000000000004
3.950638909480814,66.30894104907046,4.45e-07,0.5,12.82837705482913,0.8580000000000004
3.714245232598151,72.13545497308411,4.45e-07,0.5,11.16558338546819,0.8800000000000004
3.486894407402169,78.07526431658398,4.45e-07,0.5,9.490944473798235,0.9020000000000004
3.265873689433862,84.08882230243094,4.45e-07,0.5,7.897876776074603,0.9240000000000004
3.050554984638927,90.13197361680405,4.45e-07,0.5,6.483601618493327,0.9460000000000004
2.842433088459218,96.160247801144,4.45e-07,0.5,5.305709106331889,0.9680000000000004
2.644057949764017,102.1337036934436,4.45e-07,0.5,4.36772165982819,0.9900000000000004
2.457675688644652,108.0199438175809,4.45e-07,0.5,3.637050697803199,1.012
2.284499120426517,113.7945532660391,4.45e-07,0.5,3.069825573320195,1.034
2.124704741268589,119.4398925181006,4.45e-07,0.5,2.62583644889289,1.056
24.18589959772407,0.1919083669361322,4.45e-07,0.6,43.48540356424145,0.33
22.75935337233127,0.3216068772119452,4.45e-07,0.6,42.98919051303886,0.352
21.37179437701096,0.5225377542844145,4.45e-07,0.6,42.76037223714518,0.3740000000000001
20.00718559399319,0.8237148787816081,4.45e-07,0.6,42.70064691520119,0.3960000000000001
18.64698119560651,1.260164867273121,4.45e-07,0.6,42.67021172887717,0.4180000000000001
17.28562284927381,1.870986107792048,4.45e-07,0.6,42.53262512942587,0.4400000000000001
15.93454563471282,2.696108208873825,4.45e-07,0.6,42.18740640417229,0.4620000000000001
14.61728062927437,3.77252306033823,4.45e-07,0.6,41.58399663584016,0.4840000000000002
13.36085986210196,5.131063193116658,4.45e-07,0.6,40.71889154152931,0.5060000000000001
12.18823243835422,6.794547067904435,4.45e-07,0.6,39.62244807828468,0.5280000000000001
11.11414969903628,8.777485209177032,4.45e-07,0.6,38.34285545206085,0.5500000000000002
10.14454970343029,11.08697714557449,4.45e-07,0.6,36.93264857499139,0.5720000000000002
9.278138483896392,13.72420065980735,4.45e-07,0.6,35.43996976197214,0.5940000000000002
8.508747452644643,16.68597608656638,4.45e-07,0.6,33.90436243708582,0.6160000000000002
7.827538308462029,19.96610217879916,4.45e-07,0.6,32.35578142051268,0.6380000000000002
7.224665307435885,23.55635743997404,4.45e-07,0.6,30.81540143862855,0.6600000000000003
6.690352912578343,27.44718271354517,4.45e-07,0.6,29.29715682441489,0.6820000000000003
6.215500599023187,31.62811200623997,4.45e-07,0.6,27.80936899904209,0.7040000000000003
5.791959640857686,36.08802554611941,4.45e-07,0.6,26.35614645823654,0.7260000000000003
5.412606092123458,40.81528601311673,4.45e-07,0.6,24.9384440196614,0.7480000000000003
5.07129932344696,45.79780034305453,4.45e-07,0.6,23.5547703036905,0.7700000000000004
4.762783636483381,51.0230320269964,4.45e-07,0.6,22.20157210553466,0.7920000000000004
4.482566589536771,56.47797402386178,4.45e-07,0.6,20.87333318838934,0.8140000000000004
4.226791386781889,62.14907940791062,4.45e-07,0.6,19.56242932090978,0.8360000000000004
3.992110121024055,68.0221336848134,4.45e-07,0.6,18.25881096036455,0.8580000000000004
3.775558116511915,74.08203696740597,4.45e-07,0.6,16.9496889856589,0.8800000000000004
3.574426627563641,80.3124443740205,4.45e-07,0.6,15.61966194494483,0.9020000000000004
3.386133847908878,86.69519209053472,4.45e-07,0.6,14.25224353903757,0.9240000000000004
3.208109261401312,93.20943207117833,4.45e-07,0.6,12.83443842178186,0.9460000000000004
3.037743999691182,99.83046148305093,4.45e-07,0.6,11.3659804089384,0.9680000000000004
2.872515352690853,106.5284578732192,4.45e-07,0.6,9.871748027379953,0.9900000000000004
2.710396162824141,113.2677696125577,4.45e-07,0.6,8.408337667863973,1.012
2.550464674964499,120.0077929641701,4.45e-07,0.6,7.05165558712132,1.034
2.393274806720148,126.7060563194816,4.45e-07,0.6,5.866557647627034,1.056
2.240534228987206,133.3226399623306,4.45e-07,0.6,4.881893430978593,1.078000000000001
2.094248282680767,139.823859126025,4.45e-07,0.6,4.089683763034021,1.1
24.08133335485842,0.2020701543675688,4.45e-07,0.7,50.14404280961458,0.33
22.63958155266075,0.3377994373296002,4.45e-07,0.7,49.50569801426355,0.352
21.24151029288673,0.5473335682752956,4.45e-07,0.7,49.22677438959388,0.3740000000000001
19.87245659200524,0.8602805389296642,4.45e-07,0.7,49.18696276905609,0.3960000000000001
18.51384289358157,1.312218615178783,4.45e-07,0.7,49.21116328566171,0.4180000000000001
17.15900403737071,1.942696178943494,4.45e-07,0.7,49.12525289017243,0.4400000000000001
15.81782159557137,2.79194463970483,4.45e-07,0.7,48.79837021988197,0.4620000000000001
14.51231245052641,3.897095788613611,4.45e-07,0.7,48.16252335562826,0.4840000000000002
13.26827479070063,5.288985737661672,4.45e-07,0.7,47.2103128125955,0.5060000000000001
12.1077750382602,6.990352292166369,4.45e-07,0.7,45.97845644458616,0.5280000000000001
11.04501369821567,9.015597837750926,4.45e-07,0.7,44.52699737117403,0.5500000000000002
10.08564804370382,11.37173088553314,4.45e-07,0.7,42.92163688525732,0.5720000000000002
9.228297924876824,14.05988206289142,4.45e-07,0.7,41.22234344374399,0.5940000000000002
8.46683281790847,17.07688012110058,4.45e-07,0.7,39.47799561015882,0.6160000000000002
7.792521286692307,20.41659053807899,4.45e-07,0.7,37.72527161768567,0.6380000000000002
7.195655027157072,24.07091619400968,4.45e-07,0.7,35.98986625139684,0.6600000000000003
6.666603282653826,28.03047977929436,4.45e-07,0.7,34.28861656520196,0.6820000000000003
6.196405584980604,32.28505727894575,4.45e-07,0.7,32.63170615146944,0.7040000000000003
5.777044032526411,36.82383814953629,4.45e-07,0.7,31.02456302157519,0.7260000000000003
5.401516662007487,41.63557475008953,4.45e-07,0.7,29.46933425670395,0.7480000000000003
5.063799709584484,46.7086657653722,4.45e-07,0.7,27.96595340395501,0.7700000000000004
4.758755714498731,52.0312023879952,4.45e-07,0.7,26.51286668502686,0.7920000000000004
4.48202143481233,57.5909938661602,4.45e-07,0.7,25.10749120420929,0.8140000000000004
4.229894176040721,63.37558040982292,4.45e-07,0.7,23.74646672599852,0.8360000000000004
3.999225545148938,69.37223541161096,4.45e-07,0.7,22.42574504484438,0.8580000000000004
3.787325939946471,75.56795432708282,4.45e-07,0.7,21.14054370610551,0.8800000000000004
3.591879771523151,81.94942324375283,4.45e-07,0.7,19.88517757945427,0.9020000000000004
3.410869446310055,88.50295498429584,4.45e-07,0.7,18.65277766969636,0.9240000000000004
3.242504841538965,95.21437322582948,4.45e-07,0.7,17.43492343803157,0.9460000000000004
3.085154124178272,102.0688141583286,4.45e-07,0.7,16.22127999972967,0.9680000000000004
2.937271670040758,109.0503998497661,4.45e-07,0.7,14.99949817006012,0.9900000000000004
2.797321329232977,116.1417203354142,4.45e-07,0.7,13.75597717639189,1.012
2.663702886936956,123.3230562041877,4.45e-07,0.7,12.47860319373589,1.034
2.534713607396916,130.5713199240816,4.45e-07,0.7,11.16282712766707,1.056
2.408616043333111,137.8588689282558,4.45e-07,0.7,9.821009389885765,1.078000000000001
2.283901212597363,145.1527062857719,4.45e-07,0.7,8.49018238055265,1.1
23.99148520373913,0.2114133691984621,4.45e-07,0.8,56.21278914869504,0.33
22.53453517865387,0.3526594530638816,4.45e-07,0.8,55.42237558379863,0.352
21.1258322536158,0.5700196618847522,4.45e-07,0.8,55.0855202130995,0.3740000000000001
19.75216902357113,0.8936049548130879,4.45e-07,0.8,55.0632840248542,0.3960000000000001
18.39490490546187,1.359453443663833,4.45e-07,0.8,55.14807227432499,0.4180000000000001
17.04618615137453,2.007486121370878,4.45e-07,0.8,55.12928700224467,0.4400000000000001
15.71426798332786,2.878185328924018,4.45e-07,0.8,54.84509136278491,0.4620000000000001
14.41962865074191,4.008801791186181,4.45e-07,0.8,54.20817082540848,0.4840000000000002
13.1868660621324,5.430177430303621,4.45e-07,0.8,53.20481362917034,0.5060000000000001
12.03723752516577,7.164981864692481,4.45e-07,0.8,51.87576931762859,0.5280000000000001
10.98447738555055,9.227518769941788,4.45e-07,0.8,50.29100493542021,0.5500000000000002
10.03403475766456,11.6247025585672,4.45e-07,0.8,48.52792409387565,0.5720000000000002
9.184493001414197,14.35759634680312,4.45e-07,0.8,46.65726323999758,0.5940000000000002
8.429785698652609,17.42299826817971,4.45e-07,0.8,44.73648186664448,0.6160000000000002
7.761295161444046,20.81478278905313,4.45e-07,0.8,42.80842659359217,0.6380000000000002
7.169443913116984,24.52490044436112,4.45e-07,0.8,40.90286036136597,0.6600000000000003
6.644730562012541,28.54405840685936,4.45e-07,0.8,39.03908631942203,0.6820000000000003
6.17831346248596,32.86215281810976,4.45e-07,0.8,37.2286440380019,0.7040000000000003
5.762279714075114,37.46852930627342,4.45e-07,0.8,35.4776156666808,0.7260000000000003
5.389718522084634,42.35213468145807,4.45e-07,0.8,33.78841161121695,0.7480000000000003
5.054685144820287,47.50160489898319,4.45e-07,0.8,32.1610665155422,0.7700000000000004
4.752111511877144,52.90531855055763,4.45e-07,0.8,30.59413541066867,0.7920000000000004
4.477697092237445,58.5514332928723,4.45e-07,0.8,29.08528745361537,0.8140000000000004
4.227798545817892,64.42791455560452,4.45e-07,0.8,27.63168092409169,0.8360000000000004
3.999327353528414,70.52256070771702,4.45e-07,0.8,26.23018352420405,0.8580000000000004
3.789659162726889,76.82302563969212,4.45e-07,0.8,24.87748323984558,0.8800000000000004
3.596555571625826,83.316837701237,4.45e-07,0.8,23.57011924018646,0.9020000000000004
3.418097517394965,89.99141248678824,4.45e-07,0.8,22.3044496362384,0.9240000000000004
3.252628681352637,96.83405561036795,4.45e-07,0.8,21.07656282783236,0.9460000000000004
3.098706973120618,103.8319499086276,4.45e-07,0.8,19.8821312211894,0.9680000000000004
2.955061946377948,110.9721189301627,4.45e-07,0.8,18.71620087361308,0.9900000000000004
2.820555766678127,118.2413544121106,4.45e-07,0.8,17.57291125303235,1.012
2.694145010791032,125.626088755108,4.45e-07,0.8,16.44515480961442,1.034
2.574840191201509,133.1121831707089,4.45e-07,0.8,15.3242377891219,1.056
2.461659944836597,140.6845876991913,4.45e-07,0.8,14.19973426906365,1.078000000000001
2.353578838317606,148.3268135959282,4.45e-07,0.8,13.05999684616902,1.1
24.44572491570849,1.081923720215763e-05,4.45e-07,0.9,76.5504753398132,0.0
23.91207696010375,0.2201888369555957,4.45e-07,0.9,61.53648327210097,0.33
22.44004045158978,0.3665941963180017,4.45e-07,0.9,60.59123105143117,0.352
21.02064697499305,0.5912375999085511,4.45e-07,0.9,60.18892930079333,0.3740000000000001
19.64220353160658,0.924666954043556,4.45e-07,0.9,60.17673046866138,0.3960000000000001
18.28601473536635,1.403312713389594,4.45e-07,0.9,60.31965655996965,0.4180000000000001
16.94301780243666,2.067410081754773,4.45e-07,0.9,60.37453889071981,0.4400000000000001
15.61981874484164,2.957651615050989,4.45e-07,0.9,60.15034371254244,0.4620000000000001
14.33535481750346,4.111386613808305,4.45e-07,0.9,59.54003994831042,0.4840000000000002
13.11305042889768,5.559458684124218,4.45e-07,0.9,58.52164733249358,0.5060000000000001
11.97340147669895,7.324473038549836,4.45e-07,0.9,57.13726825079737,0.5280000000000001
10.92972877985697,9.42063775942168,4.45e-07,0.9,55.46409937417042,0.5500000000000002
9.987317570041292,11.85476953481206,4.45e-07,0.9,53.58895878460588,0.5720000000000002
9.144744500121767,14.62785064127157,4.45e-07,0.9,51.59162603115431,0.5940000000000002
8.396022497440837,17.73662490451101,4.45e-07,0.9,49.5369622114746,0.6160000000000002
7.732651390756721,21.17494216259437,4.45e-07,0.9,47.47324754393821,0.6380000000000002
7.145180588054019,24.93475762977264,4.45e-07,0.9,45.43389951520323,0.6600000000000003
6.624229582426282,29.00681076360529,4.45e-07,0.9,43.44048111419226,0.6820000000000003
6.161064729168335,33.38105587447608,4.45e-07,0.9,41.50579608392133,0.7040000000000003
5.74786623964709,38.04692156882936,4.45e-07,0.9,39.63653140195486,0.7260000000000003
5.377802077635216,42.99346230717358,4.45e-07,0.9,37.83529790105052,0.7480000000000003
5.044993596315291,48.20944728378844,4.45e-07,0.9,36.10210786713421,0.7700000000000004
4.744428243797311,53.68341596037418,4.45e-07,0.9,34.43539620989183,0.7920000000000004
4.471852545766324,59.40371777121359,4.45e-07,0.9,32.83269972453072,0.8140000000000004
4.223663753524869,65.35854554312137,4.45e-07,0.9,31.29109265523939,0.8360000000000004
3.996809335667842,71.53596715233168,4.45e-07,0.9,29.80745425179899,0.8580000000000004
3.788698109512033,77.92395695329557,4.45e-07,0.9,28.37862301890229,0.8800000000000004
3.59712385289835,84.5104268241059,4.45e-07,0.9,27.00147537826568,0.9020000000000004
3.420200737893475,91.2832557510958,4.45e-07,0.9,25.6729536291799,0.9240000000000004
3.256309260183314,98.23031636411068,4.45e-07,0.9,24.3900586648726,0.9460000000000004
3.104051117723508,105.339496482498,4.45e-07,0.9,23.14981594375447,0.9680000000000004
2.96221149063258,112.598713345681,4.45e-07,0.9,21.94921785923183,0.9900000000000004
2.829727255327878,119.9959176419113,4.45e-07,0.9,20.78514119523057,1.012
2.705659748894896,127.5190834719412,4.45e-07,0.9,19.65423432661319,1.034
2.58917072752269,135.1561787314347,4.45e-07,0.9,18.55276517991983,1.056
2.479500090075922,142.8951076157612,4.45e-07,0.9,17.47641864717736,1.078000000000001
2.375943725067756,150.7236123652411,4.45e-07,0.9,16.42003447430095,1.1
22.41788247956636,1.230406410703553e-05,4.45e-07,1.0,83.2585669825886,0.0
23.84016121598172,0.2285793561591186,4.45e-07,1.0,66.11629370355075,0.33
22.3532320244745,0.3798988349744922,4.45e-07,1.0,65.01802445595207,0.352
20.923149870218,0.6114498757056475,4.45e-07,1.0,64.5432798441115,0.3740000000000001
19.53977557285411,0.954168727420301,4.45e-07,1.0,64.53018544496253,0.3960000000000001
18.18438824607933,1.444827472604564,4.45e-07,1.0,64.72224304539606,0.4180000000000001
16.84673303958078,2.123930207917746,4.45e-07,1.0,64.84886316589204,0.4400000000000001
15.53177604982593,3.032345998830495,4.45e-07,1.0,64.69301205937747,0.4620000000000001
14.25692613612165,4.207502859050702,4.45e-07,1.0,64.1287436029174,0.4840000000000002
13.04445727301657,5.680237674171801,4.45e-07,1.0,63.1245746122111,0.5060000000000001
11.91413531755697,7.473089020739425,4.45e-07,1.0,61.72151526063421,0.5280000000000001
10.87889959707464,9.600167764406931,4.45e-07,1.0,60.00119320492009,0.5500000000000002
9.943897306161148,12.06818783171137,4.45e-07,1.0,58.05729633077161,0.5720000000000002
9.10771498156462,14.87804019201246,4.45e-07,1.0,55.9766506199477,0.5940000000000002
8.364452569122893,18.02639796716603,4.45e-07,1.0,53.83012330294572,0.6160000000000002
7.705728245974045,21.50706431532433,4.45e-07,1.0,51.67055426353629,0.6380000000000002
7.122214700740798,25.31197187077651,4.45e-07,1.0,49.53453628742918,0.6600000000000003
6.604646271657038,29.43186019019572,4.45e-07,1.0,47.44568297299227,0.6820000000000003
6.144390224840951,33.85670460907436,4.45e-07,1.0,45.41802113021318,0.7040000000000003
5.7337125697233,38.5759742227461,4.45e-07,1.0,43.45889425112566,0.7260000000000003
5.365852900594436,43.57878255184083,4.45e-07,1.0,41.57120551955026,0.7480000000000003
5.034991850679385,48.85397619303847,4.45e-07,1.0,39.75504122035078,0.7700000000000004
4.736165828913833,54.39019080111812,4.45e-07,1.0,38.00879202810005,0.7920000000000004
4.465161937055191,60.17589191509973,4.45e-07,1.0,36.32989888027384,0.8140000000000004
4.21841133461196,66.19941018323408,4.45e-07,1.0,34.71533219024293,0.8360000000000004
3.992890207399151,72.44897555806213,4.45e-07,1.0,33.16188830620748,0.8580000000000004
3.786032161248946,78.91275210037969,4.45e-07,1.0,31.66636404733832,0.8800000000000004
3.595652929138796,85.5788734157593,4.45e-07,1.0,30.22565163059528,0.9020000000000004
3.419886792231459,92.43547793052235,4.45e-07,1.0,28.83678250961173,0.9240000000000004
3.257133457158389,99.47074285274869,4.45e-07,1.0,27.49693880033491,0.9460000000000004
3.106013925696003,106.6729155398368,4.45e-07,1.0,26.20344409133038,0.9680000000000004
2.96533391600856,114.0303409696583,4.45e-07,1.0,24.95374064945882,0.9900000000000004
2.834053519734202,121.531483996923,4.45e-07,1.0,23.74535662483007,1.012
2.711261935909466,129.164945001332,4.45e-07,1.0,22.57586428297394,1.034
2.596156272413296,136.9194673413942,4.45e-07,1.0,21.44282811841581,1.056
2.48802352683443,144.7839346116818,4.45e-07,1.0,20.34373958882921,1.078000000000001
2.386224935228681,152.7473549719527,4.45e-07,1.0,19.27593288609389,1.1
20.18971359786954,1.420469235332508e-05,4.45e-07,1.1,89.06647256178913,0.0
23.77372356807434,0.2367138447670754,4.45e-07,1.1,70.04546757394277,0.33
22.2721571332993,0.392780795727428,4.45e-07,1.1,68.79794983008871,0.352
20.83144267874558,0.6309804593775863,4.45e-07,1.1,68.24436933250169,0.3740000000000001
19.44301810907799,0.9826008454863552,4.45e-07,1.1,68.21810618202778,0.3960000000000001
18.08817601616418,1.484716617859625,4.45e-07,1.1,68.44662339999,0.4180000000000001
16.7555082926565,2.178064686445425,4.45e-07,1.1,68.63710092876616,0.4400000000000001
15.44837066629711,3.103662133274034,4.45e-07,1.1,68.55016243456024,0.4620000000000001
14.18266636419094,4.298996696341493,4.45e-07,1.1,68.04244583629722,0.4840000000000002
12.97954036169402,5.794887801314617,4.45e-07,1.1,67.07243496314402,0.5060000000000001
11.85804995730044,7.613801585190035,4.45e-07,1.1,65.67815925491186,0.5280000000000001
10.83077217969219,9.769747189398489,4.45e-07,1.1,63.94324228730036,0.5500000000000002
9.902730398221388,12.26932984269677,4.45e-07,1.1,61.96589558723912,0.5720000000000002
9.07252921661502,15.11334038392415,4.45e-07,1.1,59.83808021287459,0.5940000000000002
8.334358369231897,18.29836905806204,4.45e-07,1.1,57.63529274278909,0.6160000000000002
7.679953188359856,21.81815689606158,4.45e-07,1.1,55.41404339464725,0.6380000000000002
7.100106019492961,25.66459546958762,4.45e-07,1.1,53.21359165829392,0.6600000000000003
6.58566121985796,29.8284031001499,4.45e-07,1.1,51.05936109491175,0.6820000000000003
6.128081766857736,34.29955199666457,4.45e-07,1.1,48.96653412395501,0.7040000000000003
5.719714377767075,39.06752463380291,4.45e-07,1.1,46.94314586526504,0.7260000000000003
5.353865529083706,44.12146321144419,4.45e-07,1.1,44.99248073178704,0.7480000000000003
5.024770798943794,49.45025759395372,4.45e-07,1.1,43.11480959894754,0.7700000000000004
4.727511610414259,55.04260108335448,4.45e-07,1.1,41.30859083260467,0.7920000000000004
4.457912004017889,60.88703151340345,4.45e-07,1.1,39.57126991176484,0.8140000000000004
4.212433609266696,66.97196719051095,4.45e-07,1.1,37.89979383742818,0.8360000000000004
3.988077958174976,73.28574223689459,4.45e-07,1.1,36.29093018829511,0.8580000000000004
3.782299987408833,79.81664298047343,4.45e-07,1.1,34.74145609742622,0.8800000000000004
3.59293365652226,86.55294544805953,4.45e-07,1.1,33.24826267095803,0.9020000000000004
3.418129124869597,93.4829532348488,4.45e-07,1.1,31.8084056811354,0.9240000000000004
3.25630027025202,100.5950347037714,4.45e-07,1.1,30.41912293246355,0.9460000000000004
3.106081124247476,107.8776583997635,4.45e-07,1.1,29.0778314988627,0.9680000000000004
2.966289821905591,115.3194256171503,4.45e-07,1.1,27.7821131446026,0.9900000000000004
2.83589879161144,122.9090991560044,4.45e-07,1.1,26.52969294938204,1.012
2.714010075860361,130.6356273989683,4.45e-07,1.1,25.31841392124349,1.034
2.599834839749793,138.4881629031399,4.45e-07,1.1,24.14620881056185,1.056
2.492676273779506,146.4560747077868,4.45e-07,1.1,23.01106914875181,1.078000000000001
2.391915223196612,154.5289534811926,4.45e-07,1.1,21.91101050667816,1.1
