gm_Id,Id_W,L,VDS,gds_W,VGS,VDSAT,Cgg_W,Cdd_W
6.568178848390991,2.120961086867516e-05,4.5e-08,0.1,2.962310541749613e-06,1.1,0.0488913682901034,4.693499053108231e-10,1.691789336407108e-10
11.09677029272741,2.490317991449505e-05,4.5e-08,0.1,5.878044780521896e-06,1.078,0.0488913809341536,4.683182772383388e-10,1.693900814870336e-10
16.63190772738589,3.294513273597438e-05,4.5e-08,0.1,1.165992479983299e-05,1.056,0.0488914060101625,4.673234879361826e-10,1.6960792847759047e-10
21.87204762099331,4.957576521105377e-05,4.5e-08,0.1,2.311517518722035e-05,1.034,0.0488914556997821,4.662363187412821e-10,1.698328273238124e-10
24.61765452786873,0.2711022142426071,4.5e-08,0.1,0.172830715606976,0.7259999999999998,0.0496633987188717,4.6497169906366057e-10,1.7399816727183148e-10
23.40509270462278,0.4598345565060938,4.5e-08,0.1,0.28969897205894,0.7039999999999997,0.0501932163878472,4.7125990147802e-10,1.743960404973256e-10
22.1495533760386,0.7589854637487072,4.5e-08,0.1,0.4711230119845199,0.6819999999999997,0.0510207736385931,4.803535432745968e-10,1.7481250245351058e-10
20.90709870540387,1.218671186965171,4.5e-08,0.1,0.7426460414591242,0.6599999999999997,0.0522649825984343,4.927939869285903e-10,1.752489229564347e-10
19.72464450745588,1.90511938768003,4.5e-08,0.1,1.134897852783,0.6379999999999997,0.0540664602894053,5.089656094000022e-10,1.757067903285266e-10
18.62745552787494,2.904385375526477,4.5e-08,0.1,1.68295288961629,0.6159999999999997,0.0565822058323742,5.289838507917191e-10,1.7618771423556628e-10
17.61353406402562,4.326218238793691,4.5e-08,0.1,2.424941190821805,0.5939999999999996,0.0599769366026661,5.526143112406095e-10,1.7669342534044329e-10
16.65702414859771,6.306249069239054,4.5e-08,0.1,3.399396882769171,0.5719999999999996,0.0644100055645893,5.792544746471404e-10,1.7722577147229179e-10
15.71930254691321,9.003463961235196,4.5e-08,0.1,4.640931670111642,0.5499999999999996,0.0700173766776386,6.079929454216968e-10,1.777867099684093e-10
14.76378754229228,12.58984181739653,4.5e-08,0.1,6.174508937445399,0.5279999999999996,0.0768905809446129,6.377352576507413e-10,1.7837829536315358e-10
13.76902784364516,17.23115175245022,4.5e-08,0.1,8.009710641402851,0.5059999999999996,0.0850579010339941,6.673621762196095e-10,1.790026606349915e-10
12.73511342538861,23.06216382910539,4.5e-08,0.1,10.13721710051424,0.4839999999999995,0.0944747046242181,6.958773668787787e-10,1.796619889070542e-10
11.68149450769861,30.16371668367333,4.5e-08,0.1,12.52936189159651,0.4619999999999995,0.1050277163303158,7.225099905723558e-10,1.803584710154257e-10
10.63851320882353,38.54984569941548,4.5e-08,0.1,15.14493130706566,0.4399999999999995,0.1165526214400643,7.467578937844752e-10,1.8109424284471627e-10
9.637454421302682,48.16919426885551,4.5e-08,0.1,17.93642584612302,0.4179999999999995,0.1288590870078939,7.683774636805038e-10,1.818712948794178e-10
8.703240015636942,58.91876769014706,4.5e-08,0.1,20.85718664274104,0.3959999999999995,0.1417554037370846,7.873384347910675e-10,1.826913452471415e-10
7.851297378288635,70.66386667068524,4.5e-08,0.1,23.86646747125474,0.3739999999999994,0.1550669666564831,8.037640951664936e-10,1.8355566710389008e-10
7.087857553191346,83.2576924320534,4.5e-08,0.1,26.93188315428947,0.3519999999999994,0.1686465519119491,8.178726855419145e-10,1.8446486230940808e-10
6.412060759924756,96.5565054194162,4.5e-08,0.1,30.02971382331551,0.3299999999999994,0.1823773974301718,8.299288933989275e-10,1.8541857709397e-10
5.818479118047319,110.4290982310626,4.5e-08,0.1,33.14392951236992,0.3079999999999994,0.1961714617924357,8.40208424206747e-10,1.864151633181857e-10
5.299281192124356,124.7612832183814,4.5e-08,0.1,36.26469900766011,0.2859999999999994,0.2099652275401373,8.489748999910858e-10,1.8745130257716837e-10
4.845781989080516,139.4568599610332,4.5e-08,0.1,39.38687081215729,0.2639999999999993,0.2237147690643793,8.564666441909835e-10,1.8852163072137657e-10
4.449411430080918,154.4365065878604,4.5e-08,0.1,42.50866140791788,0.2419999999999994,0.2373910817795122,8.628905876776786e-10,1.8961842608563508e-10
4.102240977584413,169.6356864277153,4.5e-08,0.1,45.63062154492035,0.2199999999999994,0.2509761191630955,8.684209039632612e-10,1.907314503496387e-10
3.797215722082175,185.0022676565011,4.5e-08,0.1,48.75486705773791,0.1979999999999994,0.2644596477628053,8.732005831885004e-10,1.9184804534788178e-10
3.528209048535519,200.4942409688545,4.5e-08,0.1,51.88452835347985,0.1759999999999994,0.2778368599758994,8.773447217329953e-10,1.929535767917794e-10
3.289980844922885,216.0777117224682,4.5e-08,0.1,55.02336746925497,0.1539999999999994,0.2911066182935794,8.809447230414692e-10,1.940322633414325e-10
3.078090303566517,231.7252202497621,4.5e-08,0.1,58.17551779623019,0.1319999999999994,0.3042701942603947,8.840728558999116e-10,1.9506833681414538e-10
2.888793173233131,247.4143800667548,4.5e-08,0.1,61.34531100001529,0.1099999999999994,0.3173303799406145,8.86786738708586e-10,1.9604737011883577e-10
2.718939608288728,263.1267955490445,4.5e-08,0.1,64.53716470941205,0.0879999999999993,0.3302908723594398,8.891333837793488e-10,1.969575285145664e-10
2.565880448174561,278.8472123181753,4.5e-08,0.1,67.75551196223263,0.0659999999999993,0.3431558541012498,8.911525146423693e-10,1.977904917411625e-10
2.427384998846734,294.5628550922676,4.5e-08,0.1,71.00475903025738,0.0439999999999993,0.3559297127693472,8.928789968203797e-10,1.9854187414709539e-10
2.3015708244723,310.2629133440613,4.5e-08,0.1,74.2892623410404,0.0219999999999993,0.3686168575403486,8.943443829414984e-10,1.9921110689075777e-10
2.186844790036378,325.938142040524,4.5e-08,0.1,77.61331811819903,0.0,0.3812216028658331,8.955777172917943e-10,1.99800881563885e-10
7.366737676968643,1.766120310043098e-05,4.5e-08,0.2,2.946970371496998e-06,1.1,0.0488925420764965,4.703663920981989e-10,1.70195147573523e-10
12.1994762392878,2.115586724499668e-05,4.5e-08,0.2,5.847653060302235e-06,1.078,0.0488925545714247,4.693682986756768e-10,1.7043976557623079e-10
17.8236525022844,2.871184991953844e-05,4.5e-08,0.2,1.159977098620325e-05,1.056,0.0488925793518847,4.684088775158186e-10,1.706929067770713e-10
22.86588747409556,4.428951226050851e-05,4.5e-08,0.2,2.29962927032687e-05,1.034,0.0488926284563955,4.673590415307205e-10,1.709550596549644e-10
24.64853983034656,0.253826236712722,4.5e-08,0.2,0.1727258553474792,0.7259999999999998,0.0496571018645837,4.668325255919621e-10,1.759624066895765e-10
23.44347666379546,0.4308590342968146,4.5e-08,0.2,0.2899066960469117,0.7039999999999997,0.0501824459979162,4.731706438308857e-10,1.7645530704624587e-10
22.19675332892524,0.7118281004173026,4.5e-08,0.2,0.4722188026954803,0.6819999999999997,0.0510035651464982,4.823101140619343e-10,1.7697368720644518e-10
20.96450266668908,1.144266624024909,4.5e-08,0.2,0.7458090391849608,0.6599999999999997,0.0522389319084497,4.947945285239144e-10,1.7751946032089148e-10
19.79354503030373,1.79128991826145,4.5e-08,0.2,1.142343204429258,0.6379999999999997,0.0540287923666667,5.110126569625986e-10,1.780946693952861e-10
18.70871497825181,2.735366649152968,4.5e-08,0.2,1.698560520253867,0.6159999999999997,0.0565298999260989,5.310862689701104e-10,1.7870147188275538e-10
17.7071453753252,4.082314244224148,4.5e-08,0.2,2.455094394342105,0.5939999999999996,0.0599069246439806,5.54788340222595e-10,1.7934211206982728e-10
16.76173335950024,5.963745682167862,4.5e-08,0.2,3.453972587937258,0.5719999999999996,0.0643194649452557,5.815233799767311e-10,1.800188781654794e-10
15.83249487488961,8.534976919877414,4.5e-08,0.2,4.734270360870505,0.5499999999999996,0.0699041107950723,6.103851777303389e-10,1.807340403070125e-10
14.88175663277523,11.96525236579548,4.5e-08,0.2,6.326080099330805,0.5279999999999996,0.076753420291098,6.402815239064616e-10,1.8148976445849689e-10
13.88757267669065,16.41914461653411,4.5e-08,0.2,8.24416295881227,0.5059999999999996,0.084897000345129,6.700921609590422e-10,1.8228799555657117e-10
12.85024741767827,22.03215363813994,4.5e-08,0.2,10.48363165187367,0.4839999999999995,0.0942916102152361,6.988168544127101e-10,1.8313030180918137e-10
11.79001671285473,28.88775059006645,4.5e-08,0.2,13.01978965957085,0.4619999999999995,0.1048251545284379,7.256788483280607e-10,1.840176716654732e-10
10.7382923360173,37.00404163669015,4.5e-08,0.2,15.81255935728594,0.4399999999999995,0.1163340736469129,7.50168965968609e-10,1.8495025678272029e-10
9.727423904147228,46.33444850834875,4.5e-08,0.2,18.81382450460989,0.4179999999999995,0.1286282941979516,7.720361027131562e-10,1.8592705970770638e-10
8.783202155040124,56.78072978740876,4.5e-08,0.2,21.97499530996017,0.3959999999999995,0.1415159403303094,7.912422761920013e-10,1.8694557559334187e-10
7.921655787411649,68.21238111694674,4.5e-08,0.2,25.25266682168714,0.3739999999999994,0.1548219613133064,8.079027475843662e-10,1.8800141449191728e-10
7.149365275557343,80.48597157676382,4.5e-08,0.2,28.61160663096901,0.3519999999999994,0.1683985622132447,8.222271837235163e-10,1.890879545618009e-10
6.465625914389891,93.46025471762188,4.5e-08,0.2,32.02544611407292,0.3299999999999994,0.182128401925087,8.344709699657635e-10,1.901961035100768e-10
5.865035293690728,107.0057291126453,4.5e-08,0.2,35.47592330554186,0.3079999999999994,0.1959229213322217,8.448998443085765e-10,1.9131426717241708e-10
5.339712025809688,121.009271049509,4.5e-08,0.2,38.9514755773411,0.2859999999999994,0.2097181758195043,8.537672375925603e-10,1.9242862627295008e-10
4.880884263605945,135.3752537488417,4.5e-08,0.2,42.44571799161469,0.2639999999999993,0.2234699064282885,8.613019275706715e-10,1.9352378953823979e-10
4.479882514319351,150.0245717868797,4.5e-08,0.2,45.95608372705514,0.2419999999999994,0.2371488588825835,8.677031700574153e-10,1.9458381578955878e-10
4.128680085634301,164.8926538955195,4.5e-08,0.2,49.48272544837535,0.2199999999999994,0.25073680553496,8.731407033213093e-10,1.95593491477256e-10
3.820132062331472,179.9271624175366,4.5e-08,0.2,53.02768037394908,0.1979999999999994,0.2642233850571147,8.77757506984422e-10,1.9653964989398028e-10
3.548032692063093,195.0857686478903,4.5e-08,0.2,56.59426105811394,0.1759999999999994,0.277603701826686,8.816737317180622e-10,1.974122724223974e-10
3.307074004207524,210.3341855194348,4.5e-08,0.2,60.1866236005506,0.1539999999999994,0.2908765593622472,8.849907299393662e-10,1.9820515249424318e-10
3.092757869447371,225.6445157346028,4.5e-08,0.2,63.80946851318608,0.1319999999999994,0.3040431909724264,8.87794580163073e-10,1.9891601981593779e-10
2.901292027495127,240.9939086749179,4.5e-08,0.2,67.46783769974016,0.1099999999999994,0.317106365037586,8.901588747832537e-10,1.9954616617621588e-10
2.729486592620794,256.3634903802119,4.5e-08,0.2,71.16697964790686,0.0879999999999993,0.3300697649523662,8.921467997771253e-10,2.0009972505299558e-10
2.574659051878852,271.7375217841341,4.5e-08,0.2,74.91226235398344,0.0659999999999993,0.3429375665049234,8.93812665657845e-10,2.005828001515766e-10
2.434550906049003,287.1027413351966,4.5e-08,0.2,78.70911930594501,0.0439999999999993,0.3557141550617782,8.952030751480406e-10,2.0100261566903688e-10
2.307256484161925,302.4478533824063,4.5e-08,0.2,82.56301816916114,0.0219999999999993,0.3684039405348877,8.96357877511102e-10,2.0136680172426118e-10
2.191163168525089,317.7631302308292,4.5e-08,0.2,86.47944493461107,0.0,0.381011239985352,8.97311003998921e-10,2.0168286375008027e-10
8.328160818977986,1.452164409018701e-05,4.5e-08,0.3,2.939284426650538e-06,1.1,0.0488937254016813,4.715506730196062e-10,1.713791547524898e-10
13.46807406366833,1.781306805659975e-05,4.5e-08,0.3,5.832450406534358e-06,1.078,0.0488937377480291,4.705955864288717e-10,1.716667148306627e-10
19.1198513873231,2.487995095721036e-05,4.5e-08,0.3,1.156974950787783e-05,1.056,0.0488937622340096,4.69681730851712e-10,1.7196534733433168e-10
23.89090648481938,3.940379335001425e-05,4.5e-08,0.3,2.293715350133297e-05,1.034,0.0488938107555195,4.686802177099271e-10,1.7227574341782767e-10
24.67987807580042,0.2365382797518869,4.5e-08,0.3,0.1730944196179486,0.7259999999999998,0.0496508190358343,4.691831716263775e-10,1.784165965409724e-10
23.48256607262609,0.4018238931524523,4.5e-08,0.3,0.2909280749422206,0.7039999999999997,0.0501716844487521,4.756063245960609e-10,1.7903981010626768e-10
22.24500253097235,0.6644955350344712,4.5e-08,0.3,0.4746844195564806,0.6819999999999997,0.0509863525415192,4.848289476529196e-10,1.796977083297278e-10
21.02340131539998,1.069437155357429,4.5e-08,0.3,0.7512346628175035,0.6599999999999997,0.0522128520094977,4.973966714282937e-10,1.803925867315354e-10
19.86448224524031,1.676539273047728,4.5e-08,0.3,1.153464414990116,0.6379999999999997,0.0539910532021,5.137023125484162e-10,1.8112671534733158e-10
18.79262357289917,2.564504013510088,4.5e-08,0.3,1.72005693143722,0.6159999999999997,0.0564774589018762,5.338734114741377e-10,1.8190223710342648e-10
17.80403961992348,3.834946807991781,4.5e-08,0.3,2.49456621175778,0.5939999999999996,0.0598366870400356,5.576894654426724e-10,1.827210254916482e-10
16.87031305599375,5.615084473553757,4.5e-08,0.3,3.523114371012084,0.5719999999999996,0.0642285773517582,5.845607470619295e-10,1.8358449413761318e-10
15.95002529836225,8.05607772937262,4.5e-08,0.3,4.850055919502463,0.5499999999999996,0.0697903437074463,6.135844192847659e-10,1.8449335257308088e-10
15.0043495413291,11.3238753189196,4.5e-08,0.3,6.511635699988142,0.5279999999999996,0.0766155733399022,6.436680088293019e-10,1.8544730638778579e-10
14.01081177551497,15.58128095849025,4.5e-08,0.3,8.52895900488336,0.5059999999999996,0.0847352053046085,6.736868560456164e-10,1.864447075385675e-10
12.96993375554844,20.96402664395006,4.5e-08,0.3,10.90275379159876,0.4839999999999995,0.0941074040782464,7.026324819798513e-10,1.874821738568508e-10
11.902771325697,27.55787117621327,4.5e-08,0.3,13.6123463583686,0.4619999999999995,0.104621271068943,7.297168998959558e-10,1.8855421689369368e-10
10.84185788109425,35.3848422005599,4.5e-08,0.3,16.61959724751634,0.4399999999999995,0.1161140175091143,7.544177899146094e-10,1.8965294278232888e-10
9.820662047887328,44.40318015254441,4.5e-08,0.3,19.87627120105056,0.4179999999999995,0.1283958408358814,7.76470041088693e-10,1.9076791579104608e-10
8.865889214265264,54.51958177249607,4.5e-08,0.3,23.33206257858189,0.3959999999999995,0.1412747037604497,7.958217742750806e-10,1.9188628698589117e-10
7.994202093397269,65.60800476008497,4.5e-08,0.3,26.94091444945313,0.3739999999999994,0.1545751093627682,8.125754485505182e-10,1.929932752809113e-10
7.212550453419239,77.52867714799271,4.5e-08,0.3,30.66463837411428,0.3519999999999994,0.1681486874442422,8.269301199504787e-10,1.940730323664631e-10
6.520394363329415,90.14311811651643,4.5e-08,0.3,34.47407656878299,0.3299999999999994,0.1818775118885091,8.391339498249406e-10,1.9510982817765709e-10
5.91235963548721,103.3237615506671,4.5e-08,0.3,38.34862487661215,0.3079999999999994,0.195672499612806,8.494499572579362e-10,1.9608938518242167e-10
5.380513502618044,116.9587237379887,4.5e-08,0.3,42.27494744736376,0.2859999999999994,0.2094692731783993,8.581341034595603e-10,1.9700011349711308e-10
4.915993659473205,130.9530737625727,4.5e-08,0.3,46.24547165575635,0.2639999999999993,0.2232232355941808,8.654230177988959e-10,1.978339980233348e-10
4.510026708836525,145.2279955758632,4.5e-08,0.3,50.25698712652099,0.2419999999999994,0.2369048792557387,8.715283723780277e-10,1.9858697469928867e-10
4.15448317987105,159.7189134947704,4.5e-08,0.3,54.30948130885132,0.2199999999999994,0.25049579268952,8.76635381573889e-10,1.9925877203047678e-10
3.842123787164883,174.3732782628562,4.5e-08,0.3,58.40523447788025,0.1979999999999994,0.2639854847589954,8.809036187848489e-10,1.998523264840431e-10
3.566659707495288,189.148406222731,4.5e-08,0.3,62.54814645699796,0.1759999999999994,0.2773689704882683,8.844690008099354e-10,2.003729563374432e-10
3.32271165717267,204.0095576315308,4.5e-08,0.3,66.74325090633847,0.1539999999999994,0.2906449935341281,8.874462713675745e-10,2.008274837184241e-10
3.105721191759907,218.9283167078361,4.5e-08,0.3,70.99637316020494,0.1319999999999994,0.3038147484038822,8.899316165752902e-10,2.0122344800039087e-10
2.91184546189487,233.8812704056571,4.5e-08,0.3,75.3138941948104,0.1099999999999994,0.3168809794605094,8.92005214817538e-10,2.0156848808732268e-10
2.737852318333359,248.8489530445626,4.5e-08,0.3,79.70259132938074,0.0879999999999993,0.3298473562974383,8.937336145449278e-10,2.0186991305411748e-10
2.581023972445988,263.8150141052999,4.5e-08,0.3,84.16953357504097,0.0659999999999993,0.3427180478490259,8.951718843190305e-10,2.0213444252989159e-10
2.439072445236742,278.7655668523672,4.5e-08,0.3,88.72201547391067,0.0439999999999993,0.3554974372666245,8.963655107757135e-10,2.0236808049126828e-10
2.310067360716716,293.6886802548527,4.5e-08,0.3,93.36751778914552,0.0219999999999993,0.3681899352728149,8.973520413441662e-10,2.0257608311078749e-10
2.192375316538867,308.5739828828735,4.5e-08,0.3,98.11368672520356,0.0,0.3807998616498999,8.981624829760777e-10,2.0276298634618458e-10
9.500433259075956,1.176590585313702e-05,4.5e-08,0.4,2.941208345786866e-06,1.1,0.0488949182783489,4.729521188567915e-10,1.7278032624150077e-10
14.93291313923051,1.484931372738118e-05,4.5e-08,0.4,5.836317909262673e-06,1.078,0.0488949304766779,4.720533924468401e-10,1.7312418156771168e-10
20.52441038388745,2.142268965295742e-05,4.5e-08,0.4,1.157756061887926e-05,1.056,0.048894954669289,4.711995414916113e-10,1.7348274417751928e-10
24.94015641332927,3.488893446476031e-05,4.5e-08,0.4,2.295302730018533e-05,1.034,0.0488950026099855,4.70261976558822e-10,1.738570085181473e-10
24.7116814261396,0.2191850457835487,4.5e-08,0.4,0.1740620022602119,0.7259999999999998,0.0496445512686746,4.72200456366165e-10,1.8153757913935249e-10
23.52238345012095,0.3726374601139095,4.5e-08,0.4,0.2929808054340061,0.7039999999999997,0.0501609333415691,4.787514258272307e-10,1.8233406838080128e-10
22.29433847015393,0.6168332834667556,4.5e-08,0.4,0.4788898364683153,0.6819999999999997,0.0509691381787318,4.880995418468961e-10,1.831741243240941e-10
21.08385265775101,0.9939273282044788,4.5e-08,0.4,0.7595403997941992,0.6599999999999997,0.0521867461977129,5.007908383927645e-10,1.840588270019495e-10
19.93754023801238,1.56045192487719,4.5e-08,0.4,1.169276263111978,0.6379999999999997,0.0539532472009997,5.172199256391137e-10,1.849884478088477e-10
18.87929560627851,2.391130840751141,4.5e-08,0.4,1.749088966146075,0.6159999999999997,0.056424888411333,5.375171134665119e-10,1.8596212203077801e-10
17.90436214003067,3.58305930735409,4.5e-08,0.4,2.546001361614449,0.5939999999999996,0.0597662307833599,5.6146455642955e-10,1.8697747193742487e-10
16.98293517686046,5.258610681623641,4.5e-08,0.4,3.611026901608045,0.5719999999999996,0.0641373511532495,5.884735020057436e-10,1.880302109093833e-10
16.07208100100704,7.564210726614673,4.5e-08,0.4,4.994895156990222,0.5499999999999996,0.0696760851268443,6.17638827932205e-10,1.8911378391337177e-10
15.13175003496978,10.66183165809545,4.5e-08,0.4,6.741401164194307,0.5279999999999996,0.0764770510650681,6.478615226944113e-10,1.902191263623567e-10
14.13890103346032,14.71179820765149,4.5e-08,0.4,8.87962081853788,0.5059999999999996,0.0845725280993001,6.780061796415873e-10,1.9133464310095538e-10
13.09427358811518,19.84943449532371,4.5e-08,0.4,11.41760036939072,0.4839999999999995,0.0939220997235149,7.07050557684979e-10,1.9244650805960528e-10
12.01977958693546,26.1623126703175,4.5e-08,0.4,14.34027590686263,0.4619999999999995,0.1044160811810821,7.341919775419125e-10,1.9353934809666218e-10
10.94913100955809,33.67613000447348,4.5e-08,0.4,17.61274969070058,0.4399999999999995,0.1158924707136765,7.588949752622871e-10,1.9459729524671068e-10
9.916976251481488,42.3539171000891,4.5e-08,0.4,21.18760180791863,0.4179999999999995,0.1281617481097148,7.808851648129788e-10,1.9560528386241748e-10
8.950987306398035,52.10745666549774,4.5e-08,0.4,25.01338808464774,0.3959999999999995,0.1410317199529544,8.00106949496098e-10,1.9655037115147018e-10
8.068498386084377,62.81542233156595,4.5e-08,0.4,29.04170541287892,0.3739999999999994,0.1543264427664152,8.166653621654822e-10,1.9742281979975718e-10
7.276851487794652,74.34199237090633,4.5e-08,0.4,33.23156005542553,0.3519999999999994,0.167896966861283,8.307679762037054e-10,1.98216729088512e-10
6.575682709047579,86.55172810034708,4.5e-08,0.4,37.5511117237183,0.3299999999999994,0.181624775033645,8.42676085671939e-10,1.9893012268765668e-10
5.959649271412531,99.31922853901256,4.5e-08,0.4,41.97756276777609,0.3079999999999994,0.1954202538545317,8.526684690432873e-10,1.9956454504175048e-10
5.420765308623873,112.5340183902965,4.5e-08,0.4,46.49605199351447,0.2859999999999994,0.2092185872970748,8.610172843257341e-10,2.0012432489110928e-10
4.950073748895277,126.1019665295654,4.5e-08,0.4,51.098198865148,0.2639999999999993,0.2229748355848975,8.679738694019994e-10,2.0061570175928438e-10
4.538691898703243,139.9445891752598,4.5e-08,0.4,55.78067677601403,0.2419999999999994,0.2366592341039876,8.737617861521771e-10,2.010459847376087e-10
4.178381915198863,153.9972945026776,4.5e-08,0.4,60.543988197773,0.2199999999999994,0.2502531848380217,8.785747075665118e-10,2.014228519911261e-10
3.861804812599496,168.2072623656299,4.5e-08,0.4,65.39148973956628,0.1979999999999994,0.2637460649179498,8.825772643406955e-10,2.0175383535109428e-10
3.582583837234613,182.5313538262577,4.5e-08,0.4,70.32865292274774,0.1759999999999994,0.2771327987049464,8.859075029022485e-10,2.0204598636397217e-10
3.335264062949499,196.9342406522843,4.5e-08,0.4,75.36252247724673,0.1539999999999994,0.2904120691465586,8.886800584454888e-10,2.02305693501509e-10
3.115222914642788,211.3868216815113,4.5e-08,0.4,80.5013297544725,0.1319999999999994,0.3035850314388881,8.909894878123313e-10,2.02538611259806e-10
2.918563601127884,225.864926806023,4.5e-08,0.4,85.75422320844604,0.1099999999999994,0.3166544056597386,8.929134462564455e-10,2.0274966393053718e-10
2.742008757285887,240.348278708732,4.5e-08,0.4,91.1310849111356,0.0879999999999993,0.3296238475053663,8.94515549827513e-10,2.0294309394870207e-10
2.582802705702741,254.8196719521703,4.5e-08,0.4,96.64240902247776,0.0659999999999993,0.3424975190814647,8.958478631442164e-10,2.0312253295670857e-10
2.438625660004083,269.2643287820572,4.5e-08,0.4,102.2992240038662,0.0439999999999993,0.3552798014344554,8.969530093258861e-10,2.0329108103736858e-10
2.307520453313537,283.6693953638767,4.5e-08,0.4,108.1130449204731,0.0219999999999993,0.3679751062676662,8.978659290756264e-10,2.03451385232265e-10
2.187831021621191,298.0235480417766,4.5e-08,0.4,114.0958455268024,0.0,0.3805877562971423,8.986153295041543e-10,2.0360571246517728e-10
10.94916400424576,9.370511134666536e-06,4.5e-08,0.5,2.955554290948425e-06,1.1,0.048896120717197,4.74640880523058e-10,1.74468813608382e-10
16.6277159283456,1.224042797796881e-05,4.5e-08,0.5,5.864836466618603e-06,1.078,0.0488961327680893,4.738176684288435e-10,1.748881183459452e-10
22.03640215547727,1.831412768682351e-05,4.5e-08,0.5,1.163427701844038e-05,1.056,0.048896156668481,4.73044583803808e-10,1.7532737280268308e-10
24.74394611862616,0.2016981826382763,4.5e-08,0.5,0.1758090652546864,0.7259999999999998,0.0496382996045251,4.760632730484446e-10,1.8550433738767587e-10
23.5629269678168,0.3431819634062759,4.5e-08,0.5,0.2963777359771355,0.7039999999999997,0.0501501942913298,4.827654297864671e-10,1.864976990183188e-10
22.3447622023752,0.568642494346186,4.5e-08,0.5,0.4853669486267809,0.6819999999999997,0.0509519244415955,4.922486583997832e-10,1.8752990377655328e-10
21.14586200683693,0.9174076048352235,4.5e-08,0.5,0.7716146775173006,0.6599999999999997,0.0521606178213136,5.050540327596543e-10,1.885955044305723e-10
20.01272968803095,1.442490500061667,4.5e-08,0.5,1.191240739803123,0.6379999999999997,0.0539153788574821,5.215718486998237e-10,1.8968671319703078e-10
18.96874679837023,2.214382528321893,4.5e-08,0.5,1.788034210168928,0.6159999999999997,0.0563721942513097,5.41928763594842e-10,1.9079326927348748e-10
18.00813026572957,3.325276642727862,4.5e-08,0.5,2.613229892721474,0.5939999999999996,0.0596955630995423,5.65903602649056e-10,1.9190257098657457e-10
17.09961010364573,4.89216203894217,4.5e-08,0.5,3.723825524846428,0.5719999999999996,0.0640457950916973,5.929041192350913e-10,1.9300015935427967e-10
16.19864981758563,7.056020393494603,4.5e-08,0.5,5.178451600488627,0.5499999999999996,0.0695613453631404,6.220212818385969e-10,1.9407058196441957e-10
15.26389988432578,9.973999801770985,4.5e-08,0.5,7.030438878433318,0.5279999999999996,0.0763378653988172,6.521521039226819e-10,1.9509856954801039e-10
14.27170590548517,13.8030392965109,4.5e-08,0.5,9.319206206867673,0.5059999999999996,0.0844089824389281,6.821581736274613e-10,1.960703498729503e-10
13.22302257519592,18.67720555265187,4.5e-08,0.5,12.06269322432837,0.4839999999999995,0.093735713036962,7.110166250137914e-10,1.9697485107068528e-10
12.14065534629343,24.68520917864155,4.5e-08,0.5,15.25397160436626,0.4619999999999995,0.104209603699933,7.379277324064321e-10,1.978045509766282e-10
11.05955721587841,31.85599358103698,4.5e-08,0.5,18.86362705615158,0.4399999999999995,0.1156694562430811,7.623629920092622e-10,1.9855581851931217e-10
10.01562454523925,40.15721919835939,4.5e-08,0.5,22.84687550295347,0.4179999999999995,0.1279260447149377,7.840584056769832e-10,1.9922873175656978e-10
9.037555096332056,49.50581020924166,4.5e-08,0.5,27.15252535529891,0.3959999999999995,0.1407870251145162,8.029707864173295e-10,1.9982648545251428e-10
8.143397613884314,59.78534811334639,4.5e-08,0.5,31.73088594421687,0.3739999999999994,0.1540760071252427,8.192178342024108e-10,2.0035457193528688e-10
7.34091269249323,70.86420788849628,4.5e-08,0.5,36.539033573735,0.3519999999999994,0.1676434573105697,8.330184414901195e-10,2.008199204634503e-10
6.629925211782864,82.61022881620066,4.5e-08,0.5,41.54328998503171,0.3299999999999994,0.1813702612092394,8.446427875035035e-10,2.0123013260610427e-10
6.005127028944999,94.9003579360852,4.5e-08,0.5,46.71960451001291,0.3079999999999994,0.195166268561483,8.543756546540721e-10,2.0159288638616828e-10
5.458476540378041,107.6256363312575,4.5e-08,0.5,52.05271914090829,0.2859999999999994,0.2089662189029896,8.624924275123124e-10,2.0191552566339958e-10
4.980916121072521,120.6927581639215,4.5e-08,0.5,57.53482298406622,0.2639999999999993,0.222724824870602,8.692453526831942e-10,2.0220481492542357e-10
4.563446626978886,134.0235159679416,4.5e-08,0.5,63.16413780425211,0.2419999999999994,0.2364120611550663,8.748571921554234e-10,2.0246682319626357e-10
4.197714377903546,147.5531694953374,4.5e-08,0.5,68.94365605236248,0.2199999999999994,0.2500091405157804,8.79519712719192e-10,2.0270689842415557e-10
3.876273473929394,161.2284255474571,4.5e-08,0.5,74.88011080689154,0.1979999999999994,0.2635053064967046,8.833950385027483e-10,2.0292969897158767e-10
3.592652527080193,175.0054240968144,4.5e-08,0.5,80.98318084266528,0.1759999999999994,0.2768953915869457,8.866184863459287e-10,2.0313925679586957e-10
3.341314861103336,188.8479242927502,4.5e-08,0.5,87.26490042765565,0.1539999999999994,0.2901780173021101,8.89301992225068e-10,2.033390547209102e-10
3.117568258342295,202.725761373858,4.5e-08,0.5,93.73923324084836,0.1319999999999994,0.303354299163091,8.915375959719508e-10,2.03532106604705e-10
2.917457034283844,216.6135790849447,4.5e-08,0.5,100.4217705916726,0.1099999999999994,0.316426932859573,8.934006953298737e-10,2.0372103391733618e-10
2.737654177137129,230.4898109667374,4.5e-08,0.5,107.3295189716914,0.0879999999999993,0.3293995602765195,8.949529355888074e-10,2.0390813544368718e-10
2.575362184317856,244.3358727156686,4.5e-08,0.5,114.4807474444485,0.0659999999999993,0.3422763369133068,8.962446938331468e-10,2.04095448853273e-10
2.428226017718081,258.1355270303535,4.5e-08,0.5,121.8948700006712,0.0439999999999993,0.3550616420326451,8.97317168342987e-10,2.0428480407643867e-10
2.294258795532603,271.874386303192,4.5e-08,0.5,129.5923412955852,0.0219999999999993,0.3677598887116512,8.982041092737001e-10,2.0447786907024418e-10
2.171779452220126,285.539524098391,4.5e-08,0.5,137.5945461423903,0.0,0.3803754030450772,8.989332368493163e-10,2.0467618885405148e-10
12.76411597015477,7.313298003403102e-06,4.5e-08,0.6,2.986721163152343e-06,1.1,0.0488973327269176,4.767178894271816e-10,1.765455499649997e-10
18.5863383531299,9.963179425062054e-06,4.5e-08,0.6,5.926735907297867e-06,1.078,0.0488973446309754,4.759977322621621e-10,1.7706784529556177e-10
23.64624943989307,1.552856141470878e-05,4.5e-08,0.6,1.175721887079614e-05,1.056,0.0488973682403379,4.753351515133127e-10,1.776175298899578e-10
24.77663318543809,0.1839868152443222,4.5e-08,0.6,0.1786172836861491,0.7259999999999998,0.0496320650895395,4.807288428362525e-10,1.902743841874517e-10
23.60413971330426,0.3133005897090099,4.5e-08,0.6,0.3016070079953865,0.7039999999999997,0.0501394689260546,4.874962114093277e-10,1.9137900913179878e-10
22.39619106848347,0.5196579418370416,4.5e-08,0.6,0.4949454788466793,0.6819999999999997,0.0509347137416459,4.96988199629818e-10,1.924775951612628e-10
21.20931205381739,0.8394375712678672,4.5e-08,0.6,0.7888433725882966,0.6599999999999997,0.0521344702818375,5.097377645918557e-10,1.9355509816435828e-10
20.08988843210061,1.321935106308585,4.5e-08,0.6,1.221639369986438,0.6379999999999997,0.0538774527599228,5.261313434573057e-10,1.9459622161902507e-10
19.06075807855826,2.033097437803124,4.5e-08,0.6,1.840607098458436,0.6159999999999997,0.0563193823792072,5.462972356480993e-10,1.955866968588301e-10
18.1150530341352,3.059744611940058,4.5e-08,0.6,2.702248094758442,0.5939999999999996,0.0596246914840924,5.700217019660533e-10,1.9651454959408557e-10
17.21995535750636,4.512809758415094,4.5e-08,0.6,3.87111815356844,0.5719999999999996,0.0639539183625963,5.96724872542156e-10,1.9737109907229518e-10
16.32923132283944,6.526936417442318,4.5e-08,0.6,5.415987842373395,0.5499999999999996,0.0694461354901305,6.255132231069258e-10,1.9815149389130017e-10
15.40014606343625,9.253357301207002,4.5e-08,0.6,7.402710874292421,0.5279999999999996,0.0761980295563858,6.553001480946156e-10,1.98854714026886e-10
14.40837849029993,12.84442299250501,4.5e-08,0.6,9.88473773897327,0.5059999999999996,0.0842445841602004,6.849624020077118e-10,1.9948310822907509e-10
13.35509136274416,17.43176452704969,4.5e-08,0.6,12.89408602396568,0.4839999999999995,0.0935482633496586,7.134896081236123e-10,2.000416329885959e-10
12.26402206379123,23.10422350576182,4.5e-08,0.6,16.43632321441293,0.4619999999999995,0.1040018628664998,7.400911743923401e-10,2.005369863332972e-10
11.17143262441135,29.89325719952042,4.5e-08,0.6,20.49172993187344,0.4399999999999995,0.1154450052517931,7.642443723267035e-10,2.009767963535035e-10
10.11454357896451,37.77072782745158,4.5e-08,0.6,25.02200895957315,0.4179999999999995,0.1276887712295397,7.856880555976444e-10,2.013689613971961e-10
9.12314537247686,46.65853214250787,4.5e-08,0.6,29.97967224879483,0.3959999999999995,0.1405406720953576,8.04379600268309e-10,2.017211765996098e-10
8.216049942015474,56.44515984968157,4.5e-08,0.6,35.31690780933781,0.3739999999999994,0.1538238705672576,8.204356432159385e-10,2.0204063697349967e-10
7.401465639035677,67.00325292879155,4.5e-08,0.6,40.9919503516187,0.3519999999999994,0.167388245231132,8.340729791365485e-10,2.0233388412242447e-10
6.679419030434084,78.20398506419934,4.5e-08,0.6,46.97252564002952,0.3299999999999994,0.1811140781666329,8.455591314281814e-10,2.0260675714936658e-10
6.044637944841671,89.92663531495661,4.5e-08,0.6,53.23693734400228,0.3079999999999994,0.1949106757678027,8.551760216373251e-10,2.028644117147353e-10
5.489019125311792,102.0636381505132,4.5e-08,0.6,59.77367668877503,0.2859999999999994,0.2087123272954642,8.63196208947055e-10,2.031113787704726e-10
5.003394492727435,114.5222664079278,4.5e-08,0.6,66.58032064896892,0.2639999999999993,0.2224733930732317,8.698692984706e-10,2.033516426802984e-10
4.578636755465389,127.2242133638467,4.5e-08,0.6,73.66222898789322,0.2419999999999994,0.236163583554279,8.754156737447735e-10,2.0358872548010279e-10
4.206264249468358,140.1040865522166,4.5e-08,0.6,81.03131554344982,0.2199999999999994,0.2497639198030484,8.800250170795638e-10,2.0382576938091338e-10
3.878712349888947,153.1074911884152,4.5e-08,0.6,88.7050060568793,0.1979999999999994,0.2632635101954747,8.838576620745076e-10,2.040656133383124e-10
3.589404019664931,166.1890973839317,4.5e-08,0.6,96.7053989907587,0.1759999999999994,0.2766570944693902,8.87047410964365e-10,2.0431086192188428e-10
3.332710923129174,179.3108876393999,4.5e-08,0.6,105.0585961921686,0.1539999999999994,0.2899432323658873,8.89704934017962e-10,2.0456394617270407e-10
3.1038626751078,192.4406600573302,4.5e-08,0.6,113.7941472931834,0.1319999999999994,0.3031229997903385,8.91921224078075e-10,2.048271769439989e-10
2.898837886671902,205.5507966132409,4.5e-08,0.6,122.9445420046195,0.1099999999999994,0.3161990684009874,8.93770820799762e-10,2.0510279161393157e-10
2.714255236256268,218.6172744512642,4.5e-08,0.6,132.5446804549501,0.0879999999999993,0.3291750668432023,8.953146727411416e-10,2.0539299520408138e-10
2.54727345297498,231.6188867517833,4.5e-08,0.6,142.6312503250111,0.0659999999999993,0.3420551447312657,8.966025972162435e-10,2.0569999694121301e-10
2.395503747247217,244.5366387190732,4.5e-08,0.6,153.2419406436416,0.0439999999999993,0.354843680359381,8.976753486977368e-10,2.0602604323176038e-10
2.256935330819763,257.353287985777,4.5e-08,0.6,164.4144278015303,0.0219999999999993,0.3675450890363067,8.985663317865628e-10,2.0637344791920338e-10
2.129873218460154,270.0530040585575,4.5e-08,0.6,176.1850831136697,0.0,0.3801637010841529,8.993030046977068e-10,2.0674462058755368e-10
15.06589345986039,5.573068726918485e-06,4.5e-08,0.7,3.042791259316669e-06,1.1,0.0488985543141863,4.793265160879581e-10,1.791539109630038e-10
20.83426129746113,7.994692968073122e-06,4.5e-08,0.7,6.038055806464425e-06,1.078,0.0488985660720317,4.787472930997115e-10,1.798170783421129e-10
24.80962153220311,0.1659220894005281,4.5e-08,0.7,0.1830019336399995,0.7259999999999998,0.0496258487740874,4.854686953964303e-10,1.9512024191962577e-10
23.64583496041775,0.2827707448076039,4.5e-08,0.7,0.3095605264563505,0.7039999999999997,0.0501287588865566,4.920341625538238e-10,1.960698516731135e-10
22.44834410058158,0.4695026479001646,4.5e-08,0.7,0.5091393794197855,0.6819999999999997,0.0509175085194018,5.012488672108506e-10,1.9695005977916329e-10
21.27379317474449,0.7593902505077125,4.5e-08,0.7,0.8137515372382111,0.6599999999999997,0.0521083070384202,5.136556851811221e-10,1.977544504231156e-10
20.16843846353692,1.197758865237248,4.5e-08,0.7,1.26462340080399,0.6379999999999997,0.0538394736036021,5.296574747792067e-10,1.9848072841592448e-10
19.15453905344433,1.84561427925117,4.5e-08,0.7,1.913559759335751,0.6159999999999997,0.0562664589447744,5.49403748792401e-10,1.9913045318129528e-10
18.22407947171745,2.783802258684363,4.5e-08,0.7,2.823956154883038,0.5939999999999996,0.0595536237760061,5.727039911034846e-10,1.997083579644079e-10
17.3426059876728,4.11633112169778,4.5e-08,0.7,4.070398277673365,0.5719999999999996,0.0638617307773537,5.990002998534478e-10,2.0022144995382758e-10
16.46208631100943,5.970328566738708,4.5e-08,0.7,5.735401473411025,0.5499999999999996,0.069330467686283,6.274169161601261e-10,2.006780852745411e-10
15.53830573315383,8.489635772835998,4.5e-08,0.7,7.902314073245674,0.5279999999999996,0.0760575587141966,6.568788972257975e-10,2.010871619656845e-10
14.54621320567424,11.82032598487405,4.5e-08,0.7,10.64503612547252,0.5059999999999996,0.0840793525066432,6.862680864096933e-10,2.014575062232676e-10
13.48716521195457,16.08984788517887,4.5e-08,0.7,14.01738703054543,0.4839999999999995,0.0933597757236536,7.14573477253946e-10,2.0179746760810827e-10
12.38586697822934,21.38554944397939,4.5e-08,0.7,18.04613385116217,0.4619999999999995,0.1037928921961794,7.409998175184833e-10,2.0211469940296258e-10
11.27995997756622,27.74003983792423,4.5e-08,0.7,22.73056323987974,0.4399999999999995,0.1152191632979589,7.65017581490712e-10,2.0241608157809768e-10
10.20806989671818,35.12833684388901,4.5e-08,0.7,28.04853689538275,0.4179999999999995,0.1274499897097265,7.863582889976521e-10,2.027077408322028e-10
9.201150575777543,43.47653816181023,4.5e-08,0.7,33.96629337450592,0.3959999999999995,0.1402927445802607,8.049725152028542e-10,2.0299512840681658e-10
8.278826127790765,52.67743931566342,4.5e-08,0.7,40.44850467415387,0.3739999999999994,0.153570144014786,8.209711678789835e-10,2.0328312628055167e-10
7.449777709359654,62.60738891742598,4.5e-08,0.7,47.4661494546346,0.3519999999999994,0.1671314747402482,8.345665260563222e-10,2.0357616225632379e-10
6.71423825019408,73.14026046129949,4.5e-08,0.7,55.00138902368601,0.3299999999999994,0.1808564094906653,8.460227187076012e-10,2.0387832252808759e-10
6.066961596634585,84.15686666953762,4.5e-08,0.7,63.0498059707755,0.3079999999999994,0.1946537051673285,8.556192007644691e-10,2.0419345606579601e-10
5.499763954321758,95.55001259677512,4.5e-08,0.7,71.62081979092981,0.2859999999999994,0.2084571954004233,8.63626781877672e-10,2.0452526883883838e-10
5.003343777230044,107.2262663779384,4.5e-08,0.7,80.73704390340433,0.2639999999999993,0.2222208840992952,8.7029384859651e-10,2.0487740802476418e-10
4.568422386848312,119.1056613726892,4.5e-08,0.7,90.43309065913982,0.2419999999999994,0.2359142147146093,8.758399496387066e-10,2.052535374346864e-10
4.186370032601793,131.1203147383798,4.5e-08,0.7,100.7540555091988,0.2199999999999994,0.2495180150654125,8.804542074932595e-10,2.0565740583368418e-10
3.849489642711584,143.2126310158733,4.5e-08,0.7,111.75369562032,0.1979999999999994,0.2630212578174079,8.842965942319594e-10,2.0609290992376028e-10
3.551094636246692,155.3334872468341,4.5e-08,0.7,123.4921778939946,0.1759999999999994,0.2764185901949971,8.875006964861235e-10,2.065641536655282e-10
3.285474736758669,167.4406049629224,4.5e-08,0.7,136.0332054195069,0.1539999999999994,0.2897085109574606,8.901770799507422e-10,2.0707550544645278e-10
3.047808738801005,179.4971962089648,4.5e-08,0.7,149.440342730169,0.1319999999999994,0.3028920575236945,8.924167211388333e-10,2.0763165441387568e-10
2.834058361807144,191.4709045635868,4.5e-08,0.7,163.7724581930356,0.1099999999999994,0.3159718787685113,8.94294217046566e-10,2.0823766710677348e-10
2.640861196049186,203.3330277317901,4.5e-08,0.7,179.0783916671721,0.0879999999999993,0.3289515912417765,8.95870638181284e-10,2.0889904535077877e-10
2.465430928196508,215.057990773252,4.5e-08,0.7,195.3912198944617,0.0659999999999993,0.3418353394819806,8.971959830445638e-10,2.0962178622652737e-10
2.305467488929688,226.6230290972711,4.5e-08,0.7,212.7227740584124,0.0439999999999993,0.3546275010556015,8.983112436579331e-10,2.104124447768042e-10
2.159077032846301,238.0080334946778,4.5e-08,0.7,231.0592661515166,0.0219999999999993,0.3673324929527508,8.992501173616453e-10,2.112781999753975e-10
2.024700737610544,249.1955048077795,4.5e-08,0.7,250.3588937802826,0.0,0.3799546481920661,9.00040410316948e-10,2.1222692433070258e-10
18.00575152770791,4.128798395174672e-06,4.5e-08,0.8,3.144242666059097e-06,1.1,0.0488997854836524,4.826522090359592e-10,1.8247936423582609e-10
23.36854140552122,6.310979382895774e-06,4.5e-08,0.8,6.23943515364679e-06,1.078,0.0488997970959275,4.822561194938051e-10,1.8332561127481908e-10
24.84259342141431,0.1472933166343801,4.5e-08,0.8,0.1902603396606258,0.7259999999999998,0.0496196517123978,4.890420700133621e-10,1.98805138806778e-10
23.68749594696245,0.251228354817147,4.5e-08,0.8,0.3224794417983011,0.7039999999999997,0.0501180658269881,4.952050625062864e-10,1.9940185847332058e-10
22.50041335935466,0.4175599036160469,4.5e-08,0.8,0.531743663364766,0.6819999999999997,0.0509003112484764,5.040028803471818e-10,1.999281155702606e-10
21.33809646162255,0.6762396721439708,4.5e-08,0.8,0.8526507434948007,0.6599999999999997,0.0520821316226285,5.159940120707208e-10,2.0039238041753838e-10
20.24664334877316,1.068280352170653,4.5e-08,0.8,1.330537180432869,0.6379999999999997,0.0538014462325962,5.3159614099742e-10,2.0080448277802557e-10
19.24768221281759,1.649209171171014,4.5e-08,0.8,2.023668223490862,0.6159999999999997,0.0562134303935932,5.509722186589027e-10,2.011749168092966e-10
18.33197067430365,2.49307550692093,4.5e-08,0.8,3.005380179458562,0.5939999999999996,0.0594823683916776,5.73943082860839e-10,2.01514295882167e-10
17.46331359487386,3.695754487353638,4.5e-08,0.8,4.365032234933938,0.5719999999999996,0.0637692432565957,5.999592453048372e-10,2.0183296029391117e-10
16.59175748990733,5.375175732527005,4.5e-08,0.8,6.206056894840085,0.5499999999999996,0.0692143562264904,6.281496059218368e-10,2.0214072519106707e-10
15.67148710658864,7.665598530826744,4.5e-08,0.8,8.639702057909968,0.5279999999999996,0.0759164719285181,6.57439706696968e-10,2.0244675078307238e-10
14.67662717986584,10.70417458744402,4.5e-08,0.8,11.77469704533839,0.5059999999999996,0.083913313705124,6.867079596552305e-10,2.0275951545168768e-10
13.60868013509753,14.61121808089939,4.5e-08,0.8,15.70558288575515,0.4839999999999995,0.0931702873691263,7.149369610718257e-10,2.030868713200531e-10
12.49332178753457,19.46951453952883,4.5e-08,0.8,20.50417571866591,0.4619999999999995,0.1035827455394895,7.413234642144901e-10,2.034361609616789e-10
11.36961107525492,25.30979683986,4.5e-08,0.8,26.21791335143245,0.4399999999999995,0.1149920086353085,7.653297321519341e-10,2.0381437427075358e-10
10.27762606875568,32.10730552955236,4.5e-08,0.8,32.87581301853824,0.4179999999999995,0.1272098127516291,7.86679915012115e-10,2.04228326898235e-10
9.249517055346503,39.78943415432681,4.5e-08,0.8,40.49954498616847,0.3959999999999995,0.140043401577887,8.053186526696102e-10,2.046848458956473e-10
8.30572774429561,48.25024730151146,4.5e-08,0.8,49.11571583085808,0.3739999999999994,0.1533150470544381,8.21352518104521e-10,2.051909532920661e-10
7.455396250073373,57.36643777455392,4.5e-08,0.8,58.76606240528501,0.3519999999999994,0.1668734423321648,8.349909316581626e-10,2.0575404310269709e-10
6.698936212848158,67.01071870919962,4.5e-08,0.8,69.51369172209203,0.3299999999999994,0.1805976472727783,8.464963732825152e-10,2.0638205097019957e-10
6.031112970917057,77.06097416541249,4.5e-08,0.8,81.4446169327197,0.3079999999999994,0.1943958657715437,8.561475618423682e-10,2.0708361804557507e-10
5.443684207841428,87.40531557898176,4.5e-08,0.8,94.6642975636105,0.2859999999999994,0.2082014733582757,8.642152205384869e-10,2.0786825197055708e-10
4.927300473307478,97.9440791965458,4.5e-08,0.8,109.2890133422429,0.2639999999999993,0.2219681164155596,8.709480941713653e-10,2.0874648822568048e-10
4.472705297055166,108.589955939901,4.5e-08,0.8,125.4322181538577,0.2419999999999994,0.2356649714210164,8.765663894447203e-10,2.097300549508053e-10
4.071398358934289,119.2672275451868,4.5e-08,0.8,143.1869172582228,0.2199999999999994,0.2492726735560335,8.8126009215276e-10,2.1083204384548109e-10
3.715931656821295,129.9107540244659,4.5e-08,0.8,162.6065573156931,0.1979999999999994,0.2627800601983195,8.851901867059247e-10,2.120670890424651e-10
3.399973136193441,140.4650504266988,4.5e-08,0.8,183.6883344058267,0.1759999999999994,0.2761816854639471,8.884913914392246e-10,2.1345155496823078e-10
3.118233488286545,150.8835561287181,4.5e-08,0.8,206.3632601621647,0.1539999999999994,0.2894759847516496,8.912755108650068e-10,2.1500373315224878e-10
2.86632278875362,161.1280520389155,4.5e-08,0.8,230.4960706497633,0.1319999999999994,0.3026639522601476,8.936348658027947e-10,2.1674404668055537e-10
2.640583860230116,171.1681187528875,4.5e-08,0.8,255.8953312230061,0.1099999999999994,0.3157482067231039,8.956455072363534e-10,2.1869525945091108e-10
2.437934070751563,180.9805362776551,4.5e-08,0.8,282.3310972017912,0.0879999999999993,0.3287323427016863,8.973700759685985e-10,2.20882685515603e-10
2.255733661830171,190.5485745020229,4.5e-08,0.8,309.5556673297222,0.0659999999999993,0.3416204876658064,8.988602637173463e-10,2.233343915373271e-10
2.091686723487342,199.8611799769919,4.5e-08,0.8,337.3229793565405,0.0439999999999993,0.3544170050739437,9.001588833330513e-10,2.2608138269021617e-10
21.72970004841428,2.95628302462807e-06,4.5e-08,0.9,3.385584211974372e-06,1.1,0.0489010262379322,4.868492934493882e-10,1.866763351186263e-10
24.8743902005358,0.1276025324784568,4.5e-08,0.9,0.2063536489249385,0.7259999999999998,0.0496134749651178,4.910432469576782e-10,2.0094547048490129e-10
23.72718736270006,0.2178138044219999,4.5e-08,0.9,0.3506507284940805,0.7039999999999997,0.0501073914261835,4.968795093980149e-10,2.0127802948950328e-10
22.54936180759266,0.3623748825338385,4.5e-08,0.9,0.5801578877910722,0.6819999999999997,0.050883124470553,5.05375099214736e-10,2.015840788598774e-10
21.3976565287741,0.5875673932039976,4.5e-08,0.9,0.9344482981625534,0.6599999999999997,0.0520559477303205,5.17090998369047e-10,2.018763834128695e-10
20.31787490925585,0.929537878331306,4.5e-08,0.9,1.466726734347054,0.6379999999999997,0.0537633758605651,5.324480172361057e-10,2.0216848630282578e-10
19.33084481953839,1.437461726103933,4.5e-08,0.9,2.247735240452061,0.6159999999999997,0.0561603039672715,5.516133268438623e-10,2.024747343434224e-10
18.42588069221212,2.177232067944593,4.5e-08,0.9,3.370499446617647,0.5939999999999996,0.0594109354100027,5.744127239986047e-10,2.0281029057201767e-10
17.56477252238267,3.234526146491754,4.5e-08,0.9,4.954959191685385,0.5719999999999996,0.063676470106133,6.00301384786158e-10,2.0319114445573228e-10
16.69531280035784,4.715054584061134,4.5e-08,0.9,7.150809168814572,0.5499999999999996,0.0690978221075872,6.284112950165803e-10,2.0363415063266928e-10
15.76970270901105,6.739270665935906,4.5e-08,0.9,10.13698653191207,0.5279999999999996,0.0757748012438827,6.576685248381536e-10,2.0415713172286967e-10
14.76083123089927,9.429775568226468,4.5e-08,0.9,14.1177737206472,0.5059999999999996,0.0837465183223749,6.86949198447616e-10,2.0477907235062188e-10
13.66993828393234,12.89257212118007,4.5e-08,0.9,19.31804444697114,0.4839999999999995,0.0929798795852256,7.152313534570936e-10,2.0552041712718138e-10
12.52330414456867,17.19704080015671,4.5e-08,0.9,25.98184201318623,0.4619999999999995,0.1033715537462989,7.417060046827958e-10,2.0640347159666078e-10
11.36113648274418,22.36138352960144,4.5e-08,0.9,34.37681087320355,0.4399999999999995,0.1147637490099511,7.658297118477357e-10,2.0745289581706018e-10
10.22488699795085,28.34842702147111,4.5e-08,0.9,44.80142039700469,0.4179999999999995,0.1269685626283572,7.873219326622625e-10,2.0869627604151308e-10
9.148161437980898,35.07219199328564,4.5e-08,0.9,57.58499437305905,0.3959999999999995,0.1397931291647716,8.061241898087473e-10,2.1016475945637668e-10
8.153004653592603,42.41167750041653,4.5e-08,0.9,73.06707127282259,0.3739999999999994,0.1530592910537208,8.223416826769116e-10,2.118937377743834e-10
7.250461056059572,50.22705281512988,4.5e-08,0.9,91.5475228002128,0.3519999999999994,0.1666151574913105,8.361840952368712e-10,2.1392356543862648e-10
6.443231519090866,58.37456301720934,4.5e-08,0.9,113.2140081543771,0.3299999999999994,0.1803391802190647,8.47915566340608e-10,2.163002956415945e-10
5.728606854707039,66.71827273035409,4.5e-08,0.9,138.0723541671894,0.3079999999999994,0.1941390091826807,8.578175971550732e-10,2.19076411236946e-10
5.100753817088964,75.13808585700625,4.5e-08,0.9,165.9131776037786,0.2859999999999994,0.2079475538089524,8.661645731174794e-10,2.2231151721181458e-10
4.552199782030511,83.53413532956041,4.5e-08,0.9,196.333444087279,0.2639999999999993,0.2217180869338602,8.732095852333041e-10,2.260729463368443e-10
4.074741485716179,91.8280037358649,4.5e-08,0.9,228.8033193853193,0.2419999999999994,0.2354194942305149,8.791777163941222e-10,2.3043621010855937e-10
3.660037294484321,99.96153369428168,4.5e-08,0.9,262.7488828525235,0.2199999999999994,0.249032188159346,8.842642290815151e-10,2.3548520409610187e-10
3.300027283851092,107.8941548806341,4.5e-08,0.9,297.6222853448035,0.1979999999999994,0.2625448370549638,8.88635658681352e-10,2.4131205223814203e-10
2.987225581904227,115.599600451387,4.5e-08,0.9,332.9455253614948,0.1759999999999994,0.2759518675192225,8.92432405202301e-10,2.4801645179972203e-10
2.714894686491035,123.0626547639624,4.5e-08,0.9,368.3283851325439,0.1539999999999994,0.2892516194285342,8.95771906572345e-10,2.557043647541451e-10
2.477116274855949,130.27629538372,4.5e-08,0.9,403.4682079721639,0.1319999999999994,0.3024450161883721,8.987518404384523e-10,2.644858996594322e-10
2.268783971008687,137.2393659987993,4.5e-08,0.9,438.1399237735098,0.1099999999999994,0.3155346249564031,9.014530517641111e-10,2.7447224990795106e-10
2.085546635026875,143.9547763888812,4.5e-08,0.9,472.18250671805,0.0879999999999993,0.3285240036925742,9.039420671405619e-10,2.8577160934469865e-10
24.89400703000185,0.1038235604235382,4.5e-08,1.0,0.3094175767358316,0.7259999999999998,0.0496073196368496,4.920524703756583e-10,2.0236316979607867e-10
23.74706382788287,0.1773013347246487,4.5e-08,1.0,0.529025829888897,0.7039999999999997,0.0500967375159474,4.977320421509514e-10,2.0272704416113068e-10
22.56724609261251,0.2950987695105738,4.5e-08,1.0,0.882968551909167,0.6819999999999997,0.050865951168753,5.0609901814226e-10,2.031697100031165e-10
21.41011430190523,0.4786472381424385,4.5e-08,1.0,1.439755862956871,0.6599999999999997,0.0520297602037883,5.177173954140835e-10,2.0373247520377087e-10
20.31976006358995,0.7573540241174751,4.5e-08,1.0,2.298551562570284,0.6379999999999997,0.0537252704683489,5.330140699771338e-10,2.0446689178740908e-10
19.3144478843744,1.171027068337983,4.5e-08,1.0,3.604382984925275,0.6159999999999997,0.0561070932285937,5.521652954940084e-10,2.0543656224227317e-10
18.37984147844253,1.772510489213331,4.5e-08,1.0,5.571508493828786,0.5939999999999996,0.059339348739186,5.750082023582784e-10,2.0671917874246368e-10
17.4730810445233,2.629376439061591,4.5e-08,1.0,8.516641857767164,0.5719999999999996,0.0635834548281824,6.010103055753605e-10,2.0840899025786888e-10
16.53695520548842,3.822560749495886,4.5e-08,1.0,12.90083028485818,0.5499999999999996,0.0689809460179585,6.293155981515171e-10,2.106198493581125e-10
15.51967070146918,5.439416283293864,4.5e-08,1.0,19.37097725641753,0.5279999999999996,0.0756326968324292,6.588608922457641e-10,2.1348885359290728e-10
14.39319628828755,7.559826883282723,4.5e-08,1.0,28.77590698954668,0.5059999999999996,0.0835792423004827,6.885316070048391e-10,2.171803953061206e-10
13.16323027176245,10.23738197625884,4.5e-08,1.0,42.11107259790167,0.4839999999999995,0.0927890454847315,7.173142146912621e-10,2.2189019626821257e-10
11.86720043406057,13.48193817590397,4.5e-08,1.0,60.34591150518158,0.4619999999999995,0.1031601626912823,7.444083353829516e-10,2.278486325503384e-10
10.56180775901005,17.25178748979269,4.5e-08,1.0,84.14909070443292,0.4399999999999995,0.1145357631324537,7.692802800008238e-10,2.3532233802942365e-10
9.305908693891022,21.46012448019271,4.5e-08,1.0,113.6352921940381,0.4179999999999995,0.126728360467831,7.916608674334516e-10,2.446127168826518e-10
8.146033420596725,25.99305112101119,4.5e-08,1.0,148.2935389391469,0.3959999999999995,0.1395449988038522,8.11504267543891e-10,2.5604965957170707e-10
7.109485093620952,30.73083768439468,4.5e-08,1.0,187.1400884182173,0.3739999999999994,0.1528070640647039,8.289284177391706e-10,2.69978602022032e-10
6.205143669044737,35.5646486393337,4.5e-08,1.0,228.9854375926935,0.3519999999999994,0.1663620130356386,8.441538341443953e-10,2.8673936172043587e-10
5.428578367401651,40.40551950381033,4.5e-08,1.0,272.6721131595395,0.3299999999999994,0.1800875941805895,8.574509838430326e-10,3.0663624579857046e-10
4.76783965606574,45.18655188308369,4.5e-08,1.0,317.2138326975719,0.3079999999999994,0.193890800477437,8.691003351435387e-10,3.29900955900299e-10
4.207964189881673,49.8609609154984,4.5e-08,1.0,361.8423235176779,0.2859999999999994,0.2077039812229105,8.793652560884235e-10,3.5665263676580407e-10
3.733782936868816,54.39836915993749,4.5e-08,1.0,405.9974325053076,0.2639999999999993,0.2214799619292408,8.88476042387652e-10,3.8686225071708286e-10
3.331368804458573,58.78085730861513,4.5e-08,1.0,449.2927487508426,0.2419999999999994,0.2351872887004515,8.96622806592416e-10,4.2032997806109867e-10
2.988609257875468,62.99949451133284,4.5e-08,1.0,491.4762546797097,0.2199999999999994,0.2488061268660786,9.039550036496155e-10,4.5668321044131357e-10
2.695293900014858,67.05157725318494,4.5e-08,1.0,532.3950111536965,0.1979999999999994,0.2623249715861605,9.105855350760079e-10,4.953985018923132e-10
2.442969425366027,70.93855898490479,4.5e-08,1.0,571.9667408213068,0.1759999999999994,0.2757381325935186,9.165975209159239e-10,5.358447260011647e-10
2.224705856184805,74.66455751705756,4.5e-08,1.0,610.1582847718196,0.1539999999999994,0.2890438741926794,9.220520202859967e-10,5.773390673536394e-10
2.034848122360398,78.23530886989275,4.5e-08,1.0,646.9698430209072,0.1319999999999994,0.3022430736267865,9.26995315515711e-10,6.192046990438281e-10
6.143096543232483,2.037108394847479e-05,1.45e-07,0.1,2.216265957238999e-06,1.1,0.0478502071822894,6.800297962180956e-10,1.691789665433289e-10
11.22339007948726,2.378053333150858e-05,1.45e-07,0.1,4.728082275972508e-06,1.078,0.0478502398205595,6.75332086800641e-10,1.6939012718490888e-10
17.8516765535468,3.187272008520384e-05,1.45e-07,0.1,1.008349399979323e-05,1.056,0.0478503094141055,6.708252815137918e-10,1.6960799235630978e-10
24.27792630979061,4.991554871845771e-05,1.45e-07,0.1,2.149478937480744e-05,1.034,0.0478504577221619,6.664229936566588e-10,1.6983291734077408e-10
24.30211639863893,1.122551436790193,1.45e-07,0.1,0.6043450593224787,0.7039999999999997,0.0560050685851094,1.009833175216274e-09,1.7442680959304678e-10
22.63728727235506,1.881450054555706,1.45e-07,0.1,0.9585693434615756,0.6819999999999997,0.0608768288559419,1.107266764509206e-09,1.7485419124970038e-10
20.89978866331897,3.037521930488007,1.45e-07,0.1,1.444048396276033,0.6599999999999997,0.0676132954556527,1.207499356111934e-09,1.7530402745877058e-10
19.09622008320558,4.716407100823706,1.45e-07,0.1,2.067904168266394,0.6379999999999997,0.0763430857096476,1.3057589636799991e-09,1.757779166008029e-10
17.25734273397738,7.034925618446179,1.45e-07,0.1,2.823412504142826,0.6159999999999997,0.0869956100223816,1.398099584219362e-09,1.762774985338678e-10
15.44104262364695,10.0783063798264,1.45e-07,0.1,3.692291495790398,0.5939999999999996,0.0993246067478018,1.481821217492388e-09,1.7680447086609228e-10
13.71424875522481,13.88463252334754,1.45e-07,0.1,4.650003591117955,0.5719999999999996,0.1129770032136457,1.555528577253947e-09,1.7736060857229647e-10
12.13151366109754,18.44308615090191,1.45e-07,0.1,5.671515244767526,0.5499999999999996,0.1275727477807722,1.618928951620965e-09,1.77947780933688e-10
10.72390416014446,23.70453324457997,1.45e-07,0.1,6.735416927960744,0.5279999999999996,0.1427665122566313,1.672512530559043e-09,1.7856796060666648e-10
9.499388985953503,29.59760704256848,1.45e-07,0.1,7.825720112279281,0.5059999999999996,0.1582800538188923,1.71723167613742e-09,1.7922322063801289e-10
8.449318864458574,36.04360404718653,1.45e-07,0.1,8.931824026224353,0.4839999999999995,0.1739092342694103,1.754242877838528e-09,1.7991571577184207e-10
7.555833117733853,42.96678536203266,1.45e-07,0.1,10.04753902943755,0.4619999999999995,0.1895157983711828,1.784729542544844e-09,1.8064764417748018e-10
6.797620729701974,50.29978020694374,1.45e-07,0.1,11.16987760256135,0.4399999999999995,0.2050131324955331,1.809797104774149e-09,1.8142118483111729e-10
6.153514824586011,57.98534453153341,1.45e-07,0.1,12.29799006008525,0.4179999999999995,0.2203517818696625,1.830421898108264e-09,1.8223840448268728e-10
5.604333171954485,65.97598719891015,1.45e-07,0.1,13.43236625516456,0.3959999999999995,0.2355073500813981,1.847435051809716e-09,1.8310112685145848e-10
5.133575084628503,74.23263275193943,1.45e-07,0.1,14.57429197696443,0.3739999999999994,0.2504714274720812,1.8615265919355811e-09,1.840107560029665e-10
4.727478233841516,82.72303619210882,1.45e-07,0.1,15.72550287017611,0.3519999999999994,0.2652452534503205,1.8732595480272e-09,1.8496804660939278e-10
4.374769741446896,91.4203092510508,1.45e-07,0.1,16.88797575998382,0.3299999999999994,0.2798355110678402,1.883087740861622e-09,1.8597281718908188e-10
4.066305915432309,100.3016954781849,1.45e-07,0.1,18.0638094093091,0.3079999999999994,0.2942516520723681,1.891373701648122e-09,1.8702361001902448e-10
3.794701521967434,109.3476141216741,1.45e-07,0.1,19.25516089115396,0.2859999999999994,0.3085042622382632,1.898404973621455e-09,1.8811731485015148e-10
3.553994173103167,118.5409412565173,1.45e-07,0.1,20.46421535742951,0.2639999999999993,0.3226041061112965,1.90440813156709e-09,1.8924879373956307e-10
3.339359524189542,127.866480795922,1.45e-07,0.1,21.69317525500295,0.2419999999999994,0.3365616011577766,1.90956046530363e-09,1.9041056994705579e-10
3.146878257865016,137.3105790268662,1.45e-07,0.1,22.94426051654085,0.2199999999999994,0.3503865550663568,1.913999588285602e-09,1.9159266942966058e-10
2.973349488336908,146.860843744089,1.45e-07,0.1,24.21971472172305,0.1979999999999994,0.3640880589941638,1.917831365858568e-09,1.9278271787933618e-10
2.816143188518353,156.5059378139775,1.45e-07,0.1,25.52181435442581,0.1759999999999994,0.3776744693830801,1.921136572314217e-09,1.9396638401783087e-10
2.673084253196595,166.2354249100311,1.45e-07,0.1,26.85287955953957,0.1539999999999994,0.3911534370329648,1.923976615062068e-09,1.951282075988452e-10
2.542361664039987,176.039651533541,1.45e-07,0.1,28.21528555417823,0.1319999999999994,0.4045319587678783,1.926398534345494e-09,1.9625275827580548e-10
2.422457319522137,185.9096542455426,1.45e-07,0.1,29.61147427980125,0.1099999999999994,0.4178164374515245,1.928439335485388e-09,1.9732596261030188e-10
2.31209016094134,195.8370845157525,1.45e-07,0.1,31.04396612312062,0.0879999999999993,0.4310127425000425,1.930129589112593e-09,1.983363555855125e-10
2.210172156367203,205.8141460657491,1.45e-07,0.1,32.5153716631302,0.0659999999999993,0.4441262668760559,1.93149619081268e-09,1.9927600467658559e-10
2.115773470958967,215.8335412766565,1.45e-07,0.1,34.02840346607468,0.0439999999999993,0.4571619787873694,1.932564220666322e-09,2.001409335941965e-10
2.028094763670611,225.888424296955,1.45e-07,0.1,35.58588797716693,0.0219999999999993,0.4701244675717454,1.933357955135983e-09,2.0093100926540517e-10
6.956479091208029,1.689764011498398e-05,1.45e-07,0.2,2.193129445202333e-06,1.1,0.0478505214519243,6.81047598243508e-10,1.7019519219178729e-10
12.44244474858527,2.014910787293572e-05,1.45e-07,0.2,4.678746458868196e-06,1.078,0.0478505538070021,6.763836228633446e-10,1.7043982754151378e-10
19.22578147916512,2.779922690366577e-05,1.45e-07,0.2,9.978346834928118e-06,1.056,0.0478506227970653,6.719122636082117e-10,1.7069299338920817e-10
24.42166067777258,1.062146094138169,1.45e-07,0.2,0.6039816589185958,0.7039999999999997,0.0559569970454365,1.010735454496814e-09,1.7649715571761537e-10
22.78477320411185,1.785464519436711,1.45e-07,0.2,0.9616166430613178,0.6819999999999997,0.0608076462626608,1.108207354028965e-09,1.7703046024912358e-10
21.06668354365847,2.892606568641054,1.45e-07,0.2,1.455212599044438,0.6599999999999997,0.0675202431563962,1.208545729006463e-09,1.77594618384225e-10
19.27003492531848,4.508374407776321,1.45e-07,0.2,2.094537715613103,0.6379999999999997,0.0762257144442084,1.306973642257413e-09,1.7819185372761879e-10
17.42589028197405,6.750143556318339,1.45e-07,0.2,2.875353155977189,0.6159999999999997,0.0868558939441352,1.399532624863254e-09,1.788244011435135e-10
15.5956336758643,9.704888122933005,1.45e-07,0.2,3.781162821711157,0.5939999999999996,0.0991663401284405,1.483507166168626e-09,1.7949450040561389e-10
13.85052642282603,13.41310590850571,1.45e-07,0.2,4.788289981057476,0.5719999999999996,0.11280482648655,1.557487374945516e-09,1.802043837738583e-10
12.24859097234949,17.86648149907342,1.45e-07,0.2,5.871744107059413,0.5499999999999996,0.1273912340523503,1.6211691529318441e-09,1.80956246310966e-10
10.82299658050568,23.01804544158841,1.45e-07,0.2,7.009629512088784,0.5279999999999996,0.1425795753457416,1.675035139547227e-09,1.8175218817944108e-10
9.582668173482178,28.7980637649779,1.45e-07,0.2,8.185247159670993,0.5059999999999996,0.1580907122403469,1.720033449263571e-09,1.8259411909514538e-10
8.519184274091648,35.12892683766876,1.45e-07,0.2,9.387289298984191,0.4839999999999995,0.1737196301909227,1.757318577976642e-09,1.834836160719948e-10
7.614535052719312,41.93554233859346,1.45e-07,0.2,10.60899403921808,0.4619999999999995,0.1893273447044983,1.7880730742002751e-09,1.8442172686499838e-10
6.847108498826053,49.1508571423258,1.45e-07,0.2,11.84699077727537,0.4399999999999995,0.2048266941973533,1.813401678221918e-09,1.8540871413751728e-10
6.195406469727538,56.71772199315682,1.45e-07,0.2,13.1002430893893,0.4179999999999995,0.2201678409694897,1.834279430446418e-09,1.864437409614266e-10
5.639941056751064,64.58859822289175,1.45e-07,0.2,14.3692345607664,0.3959999999999995,0.2353261358869795,1.851535002437828e-09,1.8752450870292628e-10
5.163951333432884,72.72427595512359,1.45e-07,0.2,15.65540165061994,0.3739999999999994,0.2502930108368983,1.865854410900408e-09,1.8864687520543002e-10
4.753462539195726,81.09232456699182,1.45e-07,0.2,16.96076454344095,0.3519999999999994,0.2650696111201034,1.877794921461005e-09,1.898045044870417e-10
4.39703224024333,89.66564073462729,1.45e-07,0.2,18.28769932449576,0.3299999999999994,0.2796625676720766,1.887802858838595e-09,1.9098862563292669e-10
4.085382912318498,98.4212361346938,1.45e-07,0.2,19.63880442145354,0.3079999999999994,0.2940813064842535,1.896231841428556e-09,1.92187999702982e-10
3.811024120699869,107.3392881688189,1.45e-07,0.2,21.01682723007106,0.2859999999999994,0.3083364034925511,1.903359757736281e-09,1.933891953608948e-10
3.567910744136609,116.4024244161335,1.45e-07,0.2,22.42462801145434,0.2639999999999993,0.3224386225872263,1.909403840851822e-09,1.945772410418351e-10
3.351153142578198,125.5951948788841,1.45e-07,0.2,23.86516635449678,0.2419999999999994,0.3363983855482008,1.914533711308397e-09,1.9573664613327739e-10
3.15678017321973,134.9036865399433,1.45e-07,0.2,25.3415010621542,0.2199999999999994,0.3502255067889095,1.918882445179468e-09,1.9685267782727738e-10
2.981549522078335,144.3152418303067,1.45e-07,0.2,26.85679792040621,0.1979999999999994,0.3639290851026105,1.922555744868741e-09,1.9791268038338207e-10
2.822797774804337,153.8182511355867,1.45e-07,0.2,28.4143420667977,0.1759999999999994,0.3775174846387244,1.925639271912303e-09,1.989071777431161e-10
2.678322679551584,163.4019973017665,1.45e-07,0.2,30.01755305956164,0.1539999999999994,0.3909983635387162,1.928204223025644e-09,1.9983054053577002e-10
2.546290938137089,173.0565362921162,1.45e-07,0.2,31.67000157898574,0.1319999999999994,0.4043787254024455,1.9303113096307912e-09,2.0068111497375049e-10
2.425165985123504,182.7726029874917,1.45e-07,0.2,33.37542718002569,0.1099999999999994,0.4176649792395389,1.932013401929164e-09,2.0146085451042468e-10
2.313651306857814,192.5415345779149,1.45e-07,0.2,35.13775679084607,0.0879999999999993,0.4308629999920744,1.933357168676464e-09,2.0217460587805108e-10
2.210645802971799,202.3552064133355,1.45e-07,0.2,36.96112379776295,0.0659999999999993,0.4439781855749668,1.934384051043491e-09,2.0282924414153188e-10
2.115208474153066,212.2059768678845,1.45e-07,0.2,38.84988762244026,0.0439999999999993,0.4570155086356061,1.9351308567875e-09,2.0343282931822707e-10
2.02653034210846,222.0866389096896,1.45e-07,0.2,40.80865371116194,0.0219999999999993,0.4699795625034404,1.9356301773112e-09,2.0399389801184218e-10
7.953453645273017,1.383401754785109e-05,1.45e-07,0.3,2.173678242949258e-06,1.1,0.0478508393236016,6.822332150552346e-10,1.7137921740535938e-10
13.86556092386476,1.692444681272012e-05,1.45e-07,0.3,4.637273011817446e-06,1.078,0.0478508713947919,6.776124521801641e-10,1.7166680183693669e-10
20.73059018206281,2.413226822018464e-05,1.45e-07,0.3,9.889968535502524e-06,1.056,0.0478509397798852,6.731867442656246e-10,1.7196546893997118e-10
24.54602858810482,1.001709998215691,1.45e-07,0.3,0.6050302595290067,0.7039999999999997,0.0559086174917274,1.012158204353178e-09,1.79098793229764e-10
22.93840370185524,1.68904855765151,1.45e-07,0.3,0.967303401311338,0.6819999999999997,0.0607379633964698,1.109706432853653e-09,1.797778498937647e-10
21.2405906002715,2.746344729710816,1.45e-07,0.3,1.471204386259424,0.6599999999999997,0.0674264429863756,1.210191615882446e-09,1.804988776840673e-10
19.45105791125749,4.297272797251826,1.45e-07,0.3,2.129685475013742,0.6379999999999997,0.076107312246743,1.308831542590903e-09,1.8126445554319888e-10
17.60120437081483,6.459486605098014,1.45e-07,0.3,2.941604562573032,0.6159999999999997,0.086714859371162,1.401654586684342e-09,1.8207690012299948e-10
15.75612527339137,9.321499871712309,1.45e-07,0.3,3.892835919557013,0.5939999999999996,0.0990064944509595,1.485928629828864e-09,1.829381513510059e-10
13.9916584099171,12.92611731109345,1.45e-07,0.3,4.961040418678783,0.5719999999999996,0.1126308594090347,1.560227627709901e-09,1.8384962278409447e-10
12.3694758884862,17.2675065953811,1.45e-07,0.3,6.121611099169487,0.5499999999999996,0.1272077769480356,1.624234019181329e-09,1.8481200122486938e-10
10.92494592675467,22.30090187833336,1.45e-07,0.3,7.352390257221857,0.5279999999999996,0.1423905978764523,1.6784201741520401e-09,1.858249860935307e-10
9.667983844903931,27.95826683191269,1.45e-07,0.3,8.636120468157468,0.5059999999999996,0.1578992796390534,1.723726467452505e-09,1.868869700122357e-10
8.590394884158142,34.16315136747556,1.45e-07,0.3,9.960913762941244,0.4839999999999995,0.1735279200495819,1.761301030117712e-09,1.8799467849376278e-10
7.674003442033897,40.84116141240567,1.45e-07,0.3,11.31957432780112,0.4619999999999995,0.1891367948197497,1.792320280024442e-09,1.8914280888762738e-10
6.896875566307431,47.92559261457667,1.45e-07,0.3,12.70852272347504,0.4399999999999995,0.2046381859208988,1.817882229624826e-09,1.903237352925303e-10
6.237161854163005,55.35939974299499,1.45e-07,0.3,14.12675984300356,0.4179999999999995,0.2199818665044945,1.838954218928398e-09,1.9152737133031767e-10
5.675051626059897,63.09498523265046,1.45e-07,0.3,15.57504382425931,0.3959999999999995,0.2351429304608211,1.856356391829244e-09,1.9274129519136601e-10
5.193509858510049,71.09297505925558,1.45e-07,0.3,17.05530256863321,0.3739999999999994,0.2501126484769443,1.870766081235223e-09,1.939512258047558e-10
4.778338407835849,79.32070714084131,1.45e-07,0.3,18.57024316079216,0.3519999999999994,0.2648920700720216,1.882732837661775e-09,1.9514188274919118e-10
4.417916712930408,87.75080303125918,1.45e-07,0.3,20.12310632865859,0.3299999999999994,0.2794877731139928,1.892697636411521e-09,1.96298167348737e-10
4.102826701557653,96.35996960279762,1.45e-07,0.3,21.71752051540028,0.3079999999999994,0.2939091573548687,1.90101248342519e-09,1.9740649385834617e-10
3.825467430491007,105.1280574781831,1.45e-07,0.3,23.35742153672535,0.2859999999999994,0.3081667887021143,1.907958371669995e-09,1.98456023333213e-10
3.579706787637326,114.0373492521681,1.45e-07,0.3,25.04701431448716,0.2639999999999993,0.3222714303784793,1.913760618049428e-09,1.994395518657119e-10
3.360586354055552,123.0720330794894,1.45e-07,0.3,26.79076120370032,0.2419999999999994,0.3362335085706495,1.91860129067054e-09,2.003538905050077e-10
3.164080244726906,132.2178170486075,1.45e-07,0.3,28.59338702440748,0.2199999999999994,0.3500628445696774,1.922628870150096e-09,2.011997128604209e-10
2.986902212151297,141.4616465652101,1.45e-07,0.3,30.45989461009184,0.1979999999999994,0.3637685449906434,1.925965542848097e-09,2.0198097848447148e-10
2.826353245208966,150.7914952273484,1.45e-07,0.3,32.39558704501705,0.1759999999999994,0.3773589818942866,1.928712628303762e-09,2.027041160238732e-10
2.680201947634303,160.1962073167731,1.45e-07,0.3,34.40609422286947,0.1539999999999994,0.3908418209765354,1.93095463060834e-09,2.033771553832951e-10
2.546590892737706,169.6653762395961,1.45e-07,0.3,36.49740222775224,0.1319999999999994,0.4042240728313214,1.932762319797199e-09,2.04008951808606e-10
2.423963306372918,179.1892479663698,1.45e-07,0.3,38.67588452148934,0.1099999999999994,0.4175121528370205,1.934195141419486e-09,2.0460857940318178e-10
2.311005547730184,188.7586419554686,1.45e-07,0.3,40.94833414918066,0.0879999999999993,0.4307119416891901,1.935303153839258e-09,2.051849136874063e-10
2.206601828168092,198.3648844701992,1.45e-07,0.3,43.32199622817527,0.0659999999999993,0.4438288424883211,1.936128618962256e-09,2.0574638481329878e-10
2.109798405617018,207.9997508782268,1.45e-07,0.3,45.80459991102549,0.0439999999999993,0.4568678325622782,1.936707324231246e-09,2.0630086534479587e-10
2.019775126281123,217.6554146644352,1.45e-07,0.3,48.40438883610575,0.0219999999999993,0.4698335094819464,1.937069686083306e-09,2.068556534816575e-10
9.194227052507188,1.115562131303196e-05,1.45e-07,0.4,2.159114890371326e-06,1.1,0.0478511608074048,6.836360219574789e-10,1.727804181638911e-10
15.53453052912496,1.408187757012304e-05,1.45e-07,0.4,4.606227603468836e-06,1.078,0.0478511925940658,6.790718331211543e-10,1.731243092138745e-10
22.37099403737925,2.084654203028827e-05,1.45e-07,0.4,9.823831557905764e-06,1.056,0.0478512603728182,6.747062262577291e-10,1.7348292257390029e-10
24.67544891543301,0.941079397266766,1.45e-07,0.4,0.6079728822529509,0.7039999999999997,0.0558599359275264,1.014290264787177e-09,1.824210207046045e-10
23.09845759427832,1.591895775369024,1.45e-07,0.4,0.9765379960577396,0.6819999999999997,0.0606677875564731,1.111959030785542e-09,1.8329249346214858e-10
21.42180086722258,2.598175206951834,1.45e-07,0.4,1.49370492847732,0.6599999999999997,0.0673319028806723,1.212634300069403e-09,1.8421618011561227e-10
19.63954019751715,4.082110272448529,1.45e-07,0.4,2.176365461462255,0.6379999999999997,0.0759878868452701,1.3115263474786021e-09,1.8519291025224037e-10
17.78344526409745,6.16128218782772,1.45e-07,0.4,3.027362986817767,0.6159999999999997,0.0865725131481369,1.404647244782007e-09,1.8622219899800938e-10
15.92254880129541,8.925466228657099,1.45e-07,0.4,4.035836246552874,0.5939999999999996,0.0988450754554198,1.489244150699148e-09,1.87301908101539e-10
14.13752631257284,12.41960474568276,1.45e-07,0.4,5.181570835108996,0.5719999999999996,0.1124551069289428,1.563869790218325e-09,1.8842790704989228e-10
12.49389392246473,16.64028224636976,1.45e-07,0.4,6.440975057225438,0.5499999999999996,0.1270223813486369,1.628187219185901e-09,1.8959377621181358e-10
11.02932468582176,21.54494149109586,1.45e-07,0.4,7.792122057045152,0.5279999999999996,0.1421995855963341,1.682652075679977e-09,1.9079062343398938e-10
9.754762773291638,27.06728251306714,1.45e-07,0.4,9.21760403844842,0.5059999999999996,0.1577057635952895,1.728190557192556e-09,1.9200710950579308e-10
8.662239710046252,33.13205682748117,1.45e-07,0.4,10.70533828381641,0.4839999999999995,0.1733341141553267,1.765938913167678e-09,1.9322978070905748e-10
7.733396103167247,39.66559475602017,1.45e-07,0.4,12.24811121947027,0.4619999999999995,0.1889441625528144,1.797064045749017e-09,1.944437723946361e-10
6.945952820412712,46.60154133186496,1.45e-07,0.4,13.8426200977405,0.4399999999999995,0.2044476257347483,1.822657364174218e-09,1.956338697720601e-10
6.277686693287799,53.88292719887234,1.45e-07,0.4,15.48848362527783,0.4179999999999995,0.2197938814227187,1.843683386119325e-09,1.9678580527050629e-10
5.708444771745278,61.46203917529208,1.45e-07,0.4,17.18742650789425,0.3959999999999995,0.2349577622498537,1.8609640529412611e-09,1.9788757444896128e-10
5.220901894444026,69.29925536159513,1.45e-07,0.4,18.94268308093982,0.3739999999999994,0.2499303749588932,1.875183521236196e-09,1.9893051279926248e-10
4.800623632526031,77.3615732873847,1.45e-07,0.4,20.75859463280442,0.3519999999999994,0.264712671638636,1.8869028677536342e-09,1.9990992300711928e-10
4.435800972972358,85.62120667075935,1.45e-07,0.4,22.64035525042904,0.3299999999999994,0.2793111761822801,1.896578173516667e-09,2.0082516291712108e-10
4.116866975767802,94.05440192733928,1.45e-07,0.4,24.5938634244175,0.3079999999999994,0.2937352616783876,1.904578402366256e-09,2.0167924689655838e-10
3.836103377590722,102.6405045782974,1.45e-07,0.4,26.62564588673465,0.2859999999999994,0.3079954838882705,1.911201413606141e-09,2.0247811890032607e-10
3.587285375040639,111.3612509450675,1.45e-07,0.4,28.74282962445062,0.2639999999999993,0.3221026054392173,1.916687571752699e-09,2.0322979231711777e-10
3.36538087684931,120.2002422901916,1.45e-07,0.4,30.95314557965347,0.2419999999999994,0.3360670571118049,1.921230988897111e-09,2.039435251406307e-10
3.166304940932542,129.1425579087804,1.45e-07,0.4,33.26495293775294,0.2199999999999994,0.3498986673322917,1.924988672568405e-09,2.046291383468318e-10
2.986723485680615,138.1744700248221,1.45e-07,0.4,35.68727647105997,0.1979999999999994,0.3636065508391155,1.928087911976036e-09,2.0529652161828448e-10
2.823898303266329,147.2832314221486,1.45e-07,0.4,38.22985159187485,0.1759999999999994,0.37719908793483,1.930632217119101e-09,2.059553228297871e-10
2.675565480574201,156.4569142361013,1.45e-07,0.4,40.90317295918602,0.1539999999999994,0.3906839522222766,1.932706081350033e-09,2.0661479122272438e-10
2.539840279890567,165.6842844643678,1.45e-07,0.4,43.71854295055468,0.1319999999999994,0.4040681616606785,1.934378791923503e-09,2.0728373531997778e-10
2.415142719618578,174.9547014417321,1.45e-07,0.4,46.68811623972368,0.1099999999999994,0.4173581383862711,1.935707472638711e-09,2.0797055874221829e-10
2.300139240687435,184.2580349584903,1.45e-07,0.4,49.82493622937989,0.0879999999999993,0.4305597692555231,1.936739509071861e-09,2.0868334423982958e-10
2.193696837236108,193.5845951542919,1.45e-07,0.4,53.14295825644373,0.0659999999999993,0.4436784629810828,1.937514479207146e-09,2.0942996451729758e-10
2.094846844704238,202.925072042478,1.45e-07,0.4,56.65705337822618,0.0439999999999993,0.4567192020176186,1.938065689372043e-09,2.102182057694098e-10
2.002756225631201,212.2704827240957,1.45e-07,0.4,60.38298523381378,0.0219999999999993,0.4696865886434713,1.938421396372909e-09,2.1105589554697138e-10
10.76369473146448,8.839492459132114e-06,1.45e-07,0.5,2.151290277742252e-06,1.1,0.0478514859127502,6.85326178287747e-10,1.744689563641775e-10
17.49648994527041,1.159816685767045e-05,1.45e-07,0.5,4.589559184216193e-06,1.078,0.0478515174142959,6.808377293102684e-10,1.748883165714671e-10
24.14454335607687,1.791779833873209e-05,1.45e-07,0.5,9.788358834566212e-06,1.056,0.047851584585453,6.765530010222043e-10,1.753276498251416e-10
24.81002108732357,0.8800306302477671,1.45e-07,0.5,0.6135525886355203,0.7039999999999997,0.0558109585407081,1.017299306910009e-09,1.8663358659851937e-10
23.26503102257828,1.493586691254259,1.45e-07,0.5,0.9907246437266404,0.6819999999999997,0.06059712633417,1.115102382057672e-09,1.8771533934409949e-10
21.61036268388989,2.447326890563072,1.45e-07,0.5,1.525326603389941,0.6599999999999997,0.0672366312174743,1.21596386930237e-09,1.888427389636607e-10
19.83542577822032,3.861516371893575,1.45e-07,0.5,2.239305510829233,0.6379999999999997,0.0758674466260338,1.315080422504636e-09,1.900090845919201e-10
17.972396953722,5.85320232171797,1.45e-07,0.5,3.14085809359378,0.6159999999999997,0.0864288630981475,1.408441237265374e-09,1.9120497209016429e-10
16.09448421970464,8.51302895991656,1.45e-07,0.5,4.223846871647029,0.5939999999999996,0.0986820903423354,1.49326651043689e-09,1.9241848214002468e-10
14.28747841249297,11.88780164103961,1.45e-07,0.5,5.47157666241871,0.5719999999999996,0.1122775761589857,1.568082989932004e-09,1.93635749875425e-10
12.62094910716022,15.97636559785647,1.45e-07,0.5,6.862720852883659,0.5499999999999996,0.1268350552779701,1.632532491343852e-09,1.9484192586093187e-10
11.13499024499051,20.73830150228646,1.45e-07,0.5,8.376697654073869,0.5279999999999996,0.1420065486848942,1.687056342297888e-09,1.960224444901526e-10
9.841617942057152,26.10901689818592,1.45e-07,0.5,9.996995342487905,0.5059999999999996,0.1575101777471464,1.732574273683411e-09,1.9716441354263087e-10
8.733089871239848,32.01444010349625,1.45e-07,0.5,11.71240381823312,0.4839999999999995,0.1731382308611078,1.7702238641871791e-09,1.9825787214297647e-10
7.790842442145862,38.38157915833195,1.45e-07,0.5,13.51686419014297,0.4619999999999995,0.1887494721527011,1.801180300447233e-09,1.9929667423306548e-10
6.99222438202494,45.14434515308515,1.45e-07,0.5,15.40869727229017,0.4399999999999995,0.2042550449094821,1.826548696391344e-09,2.0027884820244507e-10
6.314612060647765,52.24571763181994,1.45e-07,0.5,17.3897151835383,0.4179999999999995,0.2196039251259064,1.847310636815193e-09,2.0120642411020569e-10
5.737486543946268,59.63769462605455,1.45e-07,0.5,19.46445679972451,0.3959999999999995,0.2347706799247003,1.864306221157813e-09,2.0208484833591737e-10
5.24321243239511,67.28018642080113,1.45e-07,0.5,21.6396193674587,0.3739999999999994,0.2497462494296413,1.878236759056921e-09,2.0292217475240287e-10
4.817102248867319,75.13958325054257,1.45e-07,0.5,23.92367775834089,0.3519999999999994,0.2645314867548444,1.889677897666258e-09,2.037282207445662e-10
4.447144513770818,83.18737665721085,1.45e-07,0.5,26.32665491047482,0.3299999999999994,0.2791328610463515,1.899096831857759e-09,2.04513826774121e-10
4.123611541078171,91.39898972458067,1.45e-07,0.5,28.86000387902389,0.3079999999999994,0.2935597184678038,1.906870003139314e-09,2.052902923564316e-10
3.838657484341484,99.75284966719724,1.45e-07,0.5,31.53656758704678,0.2859999999999994,0.3078226047048047,1.9132994663109803e-09,2.060690047069368e-10
3.585955804267819,108.2296806538202,1.45e-07,0.5,34.37058941727722,0.2639999999999993,0.3219322820745774,1.918627160872536e-09,2.0686124010214901e-10
3.360392642728148,116.81197582668,1.45e-07,0.5,37.37775341287103,0.2419999999999994,0.3358991863786518,1.923046911923559e-09,2.076781017963885e-10
3.157816711174326,125.4836063480426,1.45e-07,0.5,40.57523633561826,0.2199999999999994,0.3497331537021077,1.926714284173682e-09,2.0853055625317668e-10
2.974839579994725,134.2295313699079,1.45e-07,0.5,43.98175523369042,0.1979999999999994,0.3634433075004637,1.929754543515833e-09,2.094295349365636e-10
2.808678189385754,143.0355807646676,1.45e-07,0.5,47.61759381632946,0.1759999999999994,0.3770380369666405,1.932269018918573e-09,2.1038607705522608e-10
2.657031509525297,151.8882899343733,1.45e-07,0.5,51.50458921012324,0.1539999999999994,0.3905250243046059,1.934340148298938e-09,2.1141149661497617e-10
2.517984261245632,160.7747722205581,1.45e-07,0.5,55.6660580359407,0.1319999999999994,0.4039112955721781,1.936035461486385e-09,2.1251756366793808e-10
2.38993182945626,169.6826192573253,1.45e-07,0.5,60.12663778652374,0.1099999999999994,0.4172032804293128,1.937410715647331e-09,2.1371669446883817e-10
2.271521671248725,178.5998232153924,1.45e-07,0.5,64.91201702101522,0.0879999999999993,0.4304068726833459,1.938512360982779e-09,2.1502214854259377e-10
2.161607527294159,187.5147175083956,1.45e-07,0.5,70.04852705664773,0.0659999999999993,0.4435274874610903,1.9393794805654203e-09,2.1644823276707087e-10
2.059213562313008,196.4159343837787,1.45e-07,0.5,75.56257010007086,0.0439999999999993,0.4565701131410733,1.9400453190993202e-09,2.180105138107992e-10
12.78171723992462,6.864096223474425e-06,1.45e-07,0.6,2.153378224908621e-06,1.1,0.0478518146483822,6.874046325816473e-10,1.765457893196816e-10
19.79879677040401,9.451206202406708e-06,1.45e-07,0.6,4.594039216945413e-06,1.078,0.0478518458642814,6.830194828333876e-10,1.7706817764065528e-10
24.94953534351468,0.8182428919323861,1.45e-07,0.6,0.6230370636151463,0.7039999999999997,0.0557616917105286,1.0210501030668651e-09,1.9160880989528002e-10
23.43778050095623,1.393518121921845,1.45e-07,0.6,1.012260920293897,0.6819999999999997,0.0605259876378135,1.1188701724385802e-09,1.9279220720169287e-10
21.80573679249437,2.292686154616341,1.45e-07,0.6,1.570546690315487,0.6599999999999997,0.0671406368849048,1.219759289996466e-09,1.9397622123466279e-10
20.03791162347642,3.633498092186588,1.45e-07,0.6,2.326671765190015,0.6379999999999997,0.07574600079357,1.318900957086407e-09,1.9514790944216978e-10
18.16692641333717,5.531828362326517,1.45e-07,0.6,3.296476402397319,0.6159999999999997,0.0862839183669422,1.412266658688998e-09,1.9629510051356157e-10
16.27041093580741,8.078601193726803,1.45e-07,0.6,4.481168527114476,0.5939999999999996,0.0985175484451291,1.4970601891510302e-09,1.9740775535769629e-10
14.43956220988161,11.32201315656391,1.45e-07,0.6,5.870319407737613,0.5719999999999996,0.1120982775812121,1.571797990435977e-09,1.984791104235761e-10
12.7482260119318,15.26282608547613,1.45e-07,0.6,7.447621577446697,0.5499999999999996,0.126645811903695,1.636119931860936e-09,1.9950637761463747e-10
11.23904231611335,19.86250841498119,1.45e-07,0.6,9.196604217412409,0.5279999999999996,0.141811504873667,1.690473385646777e-09,2.0049090474763208e-10
9.925145293573866,25.05796731850133,1.45e-07,0.6,11.10453085939639,0.5059999999999996,0.1573125464110487,1.7357899235708381e-09,2.014378496194279e-10
8.799016128576396,30.77609312184413,1.45e-07,0.6,13.16420690975866,0.4839999999999995,0.1729403031289156,1.773221833497386e-09,2.0235552853511437e-10
7.841860280014963,36.94431232485141,1.45e-07,0.6,15.37429691422957,0.4619999999999995,0.1885527673122973,1.803959143518617e-09,2.032546359481756e-10
7.030618812588614,43.49647314615261,1.45e-07,0.6,17.73889441178321,0.4399999999999995,0.2040605000192544,1.8291199541769901e-09,2.041475036934114e-10
6.342231314458075,50.37508955677875,1.45e-07,0.6,20.26687531139295,0.4179999999999995,0.2194120693526803,1.849695920786428e-09,2.0504750698154637e-10
5.755779178976725,57.5313605078703,1.45e-07,0.6,22.97131104897873,0.3959999999999995,0.2345817728799746,1.866534056248235e-09,2.0596866113181667e-10
5.253286755643058,64.92411486464555,1.45e-07,0.6,25.86904071760872,0.3739999999999994,0.2495603817134649,1.880339754739464e-09,2.06925406437803e-10
4.81978718322335,72.51841231639439,1.45e-07,0.6,28.98040658481755,0.3519999999999994,0.2643486488025316,1.891690541918864e-09,2.079325531797045e-10
4.443043564591497,80.28418343006962,1.45e-07,0.6,32.3291153472489,0.3299999999999994,0.278952988196339,1.901053982626043e-09,2.0900535066231088e-10
4.113147695510212,88.19506831288919,1.45e-07,0.6,35.94217116696503,0.3079999999999994,0.29338271935998,1.908806013839146e-09,2.101596466211909e-10
3.822109624669048,96.22749150309652,1.45e-07,0.6,39.84981959469548,0.2859999999999994,0.3076483785237888,1.915247818783715e-09,2.11412110578708e-10
3.563488252655077,104.3599548509827,1.45e-07,0.6,44.08543608270317,0.2639999999999993,0.3217607285875251,1.920620468244023e-09,2.1278050294430347e-10
3.332079698900653,112.5725111238138,1.45e-07,0.6,48.68528648802536,0.2419999999999994,0.3357302114562589,1.925117171254531e-09,2.1428397889902618e-10
3.123663951218508,120.8463800341405,1.45e-07,0.6,53.68808072378636,0.2199999999999994,0.3495666720874285,1.928893286862392e-09,2.159434216912648e-10
2.934803454753534,129.1636746854459,1.45e-07,0.6,59.13423798530234,0.1979999999999994,0.363279243949374,1.932074379612437e-09,2.1778180387435507e-10
2.762685164838202,137.507214581573,1.45e-07,0.6,65.06478825979376,0.1759999999999994,0.3768763264551456,1.934762635018771e-09,2.1982457747902019e-10
2.604997635712662,145.8604087935125,1.45e-07,0.6,71.51985694245181,0.1539999999999994,0.3903656117188015,1.9370419362050522e-09,2.2210009541912567e-10
2.459835624675972,154.2071985299474,1.45e-07,0.6,78.53672376592533,0.1319999999999994,0.4037541351185392,1.938981866810003e-09,2.2464006680279087e-10
2.325625826504202,162.5320518243275,1.45e-07,0.6,86.14751689409294,0.1099999999999994,0.4170483348922658,1.940640863055817e-09,2.2748004839234379e-10
2.201068456259126,170.8200042915001,1.45e-07,0.6,94.3766933854056,0.0879999999999993,0.430254112590971,1.942068696973111e-09,2.3065997325804208e-10
2.085090403544183,179.0567391470528,1.45e-07,0.6,103.2385527197611,0.0659999999999993,0.4433768901834266,1.943308436381986e-09,2.3422471564582406e-10
15.41398776712007,5.208999294277366e-06,1.45e-07,0.7,2.171943499893492e-06,1.1,0.0478521470223657,6.900147946110105e-10,1.7915435845465958e-10
22.47507673695997,7.619447669243048e-06,1.45e-07,0.7,4.633673830922894e-06,1.078,0.047852177952143,6.857708582461201e-10,1.7981769966279579e-10
23.61526491149774,1.290744269587687,1.45e-07,0.7,1.046027160004604,0.6819999999999997,0.0604543797501845,1.1222446972225991e-09,1.97548332289981e-10
22.00588904622384,2.132498951641891,1.45e-07,0.7,1.638490714313964,0.6599999999999997,0.0670439294327812,1.222899976692359e-09,1.9855980600665758e-10
20.24425354407013,3.394889839768079,1.45e-07,0.7,2.455221630993541,0.6379999999999997,0.0756235597307149,1.3218293184326791e-09,1.9954290679644879e-10
18.3634653463809,5.191660916489965,1.45e-07,0.7,3.524131806287323,0.6159999999999997,0.0861376902019832,1.4150061417081402e-09,2.0050508849017738e-10
16.44582265655292,7.613044527921494,1.45e-07,0.7,4.85931733206797,0.5939999999999996,0.0983514627759642,1.499633688112918e-09,2.0145712520229028e-10
14.5882207778391,10.7077304253221,1.45e-07,0.7,6.463101344195798,0.5719999999999996,0.1119172278789029,1.574227834960158e-09,2.0241250403310509e-10
12.86900631791885,14.47759488591436,1.45e-07,0.7,8.33154699160692,0.5499999999999996,0.1264546743681598,1.638429085982051e-09,2.033868403546981e-10
11.33348816130387,18.88525079717293,1.45e-07,0.7,10.46061591078917,0.5279999999999996,0.1416144872002272,1.692686692892991e-09,2.0439742198298987e-10
9.99595465282159,23.86835254655828,1.45e-07,0.7,12.85091296236773,0.5059999999999996,0.1571129164175077,1.737934805777784e-09,2.0546293571576918e-10
8.849089805392497,29.35391776754201,1.45e-07,0.7,15.51045661066685,0.4839999999999995,0.1727403958728189,1.77532838981897e-09,2.0660338630233138e-10
7.873817211581954,35.26881000662883,1.45e-07,0.7,18.45589638415461,0.4619999999999995,0.1883541357598339,1.806059877453961e-09,2.078401913715686e-10
7.046607332640699,41.54563481795964,1.45e-07,0.7,21.71283856366883,0.4399999999999995,0.2038641069042348,1.831249403311787e-09,2.0919642515055389e-10
6.343899109281111,48.12502279022589,1.45e-07,0.7,25.31576867851894,0.4179999999999995,0.2192184640882953,1.851890389840044e-09,2.1069718404498377e-10
5.74431629317279,54.95568921599611,1.45e-07,0.7,29.30779213116334,0.3959999999999995,0.2343912321976408,1.868831555098299e-09,2.123700530633527e-10
5.229495970833479,61.99341300803026,1.45e-07,0.7,33.74019226078484,0.3739999999999994,0.2493730120389656,1.882780167201749e-09,2.1424565971365648e-10
4.784160857335781,69.19966876724796,1.45e-07,0.7,38.67165243076134,0.3519999999999994,0.2641644564650155,1.894316008809826e-09,2.1635830906528217e-10
4.39583947961402,76.54030523161232,1.45e-07,0.7,44.16689577207217,0.3299999999999994,0.2787719254584101,1.903909467055828e-09,2.1874669906313467e-10
4.054462865161873,83.9844430724685,1.45e-07,0.7,50.29446221697011,0.3079999999999994,0.2932047134510638,1.911940016807793e-09,2.2145471852750467e-10
3.751953262910032,91.5036444454822,1.45e-07,0.7,57.12338545284597,0.2859999999999994,0.3074733492405054,1.918713220051048e-09,2.2453233147681408e-10
3.481854878017882,99.07134967581948,1.45e-07,0.7,64.71868037956138,0.2639999999999993,0.3215885984316725,1.924475475522622e-09,2.2803655038916827e-10
3.239021629014609,106.6625528967081,1.45e-07,0.7,73.13581937869886,0.2419999999999994,0.3355609109982117,1.929426367128379e-09,2.3203249755777038e-10
3.019359992629248,114.2536788000259,1.45e-07,0.7,82.4147332795428,0.2199999999999994,0.3494001423091475,1.933728766184214e-09,2.365945473839905e-10
2.819618256495636,121.8226165808204,1.45e-07,0.7,92.57422249918602,0.1979999999999994,0.3631154366860748,1.937516969984419e-09,2.41807532674262e-10
2.637212411326401,129.3488613319415,1.45e-07,0.7,103.6078524753011,0.1759999999999994,0.3767152036467236,1.9409031890722972e-09,2.477679839777066e-10
2.470080762821651,136.813708867216,1.45e-07,0.7,115.4822931605086,0.1539999999999994,0.3902071439345841,1.943982676518493e-09,2.545853518567707e-10
2.316562252011376,144.200450497498,1.45e-07,0.7,128.1386094379533,0.1319999999999994,0.4035982996763383,1.946837752110077e-09,2.62383136951555e-10
2.175296037002346,151.4945221224922,1.45e-07,0.7,141.4963452522073,0.1099999999999994,0.416895113811579,1.949540927478752e-09,2.71299821384651e-10
2.045141259079027,158.6835768062269,1.45e-07,0.7,155.4596151124661,0.0879999999999993,0.4301034905690498,1.952157292381533e-09,2.814894578719258e-10
18.87145216710341,3.854101920305768e-06,1.45e-07,0.8,2.225846716366814e-06,1.1,0.0478524830420813,6.93342219961968e-10,1.82480353098883e-10
23.79278957128304,1.183493107006956,1.45e-07,0.8,1.105756456623421,0.6819999999999997,0.0603823115081244,1.124345814141384e-09,2.0128554479307357e-10
22.204202323698,1.963466305685975,1.45e-07,0.8,1.754856346862638,0.6599999999999997,0.0669465195372414,1.2247631910331051e-09,2.0223567605308587e-10
20.44552026327955,3.139677302498462,1.45e-07,0.8,2.672520572075982,0.6379999999999997,0.0755001361026777,1.323554645584683e-09,2.032610652542008e-10
18.55035042119708,4.822067682711118,1.45e-07,0.8,3.910196316615606,0.6159999999999997,0.0859901943695302,1.416689123125157e-09,2.043929858698554e-10
16.60585004169883,7.098250600424738,1.45e-07,0.8,5.51102140980736,0.5939999999999996,0.0981838549160216,1.501359115609947e-09,2.0566526975044958e-10
14.71483310899298,10.01530183659731,1.45e-07,0.8,7.511709596418775,0.5719999999999996,0.1117344591276655,1.576068539696306e-09,2.0711484759933858e-10
12.96029435866567,13.57392252460981,1.45e-07,0.8,9.948790609417507,0.5499999999999996,0.1262616919657959,1.6404482385614701e-09,2.087826110369865e-10
11.39025325702167,17.73531394128527,1.45e-07,0.8,12.86641557671165,0.5279999999999996,0.1414155709142835,1.69494177250852e-09,2.1071453596422438e-10
10.0201066548149,22.43492171697454,1.45e-07,0.8,16.32318335891073,0.5059999999999996,0.1569113997639496,1.740481871779078e-09,2.1296302887711807e-10
8.842651614377031,27.59639340506487,1.45e-07,0.8,20.39663775167863,0.4839999999999995,0.1725386708952406,1.778225954392614e-09,2.1558848125558738e-10
7.838448125921373,33.14188047078891,1.45e-07,0.8,25.18485104474978,0.4619999999999995,0.1881538047737447,1.809372191674273e-09,2.186610348052125e-10
6.983477102809366,38.99790501092065,1.45e-07,0.8,30.80454476885064,0.4399999999999995,0.2036661769935149,1.8350492481546241e-09,2.2226256927339267e-10
6.253774979774092,45.09775591572995,1.45e-07,0.8,37.384964274244,0.4179999999999995,0.2190235268809614,1.856261561732423e-09,2.2648892384194247e-10
5.627771003236339,51.38182337612762,1.45e-07,0.8,45.05685359615183,0.3959999999999995,0.234199606830123,1.873871232114027e-09,2.3145235185664117e-10
5.087172977411424,57.79704217526611,1.45e-07,0.8,53.9368345964721,0.3739999999999994,0.2491848489427444,1.888601295846839e-09,2.372841851497056e-10
4.617042482571564,64.29618382399455,1.45e-07,0.8,64.10928845812761,0.3519999999999994,0.2639798079170596,1.9010497929862203e-09,2.4413764553205927e-10
4.205465322574145,70.83734684327712,1.45e-07,0.8,75.6097599656449,0.3299999999999994,0.2785907908729775,1.911707980727808e-09,2.52190683285487e-10
3.843052863196878,77.38371335228636,1.45e-07,0.8,88.4146779472571,0.3079999999999994,0.2930270667151813,1.920978899977702e-09,2.616486414951049e-10
3.522409530013568,83.90347732668153,1.45e-07,0.8,102.4408188457255,0.2859999999999994,0.3072991539110117,1.929194349613796e-09,2.727464377951755e-10
3.237645602461348,90.36979495229664,1.45e-07,0.8,117.5547591045739,0.2639999999999993,0.3214178151304868,1.936629423890125e-09,2.857498221151819e-10
2.983977736472844,96.76063432991351,1.45e-07,0.8,133.5892441710849,0.2419999999999994,0.3353935001129679,1.943514369935237e-09,3.0095511819468766e-10
2.757430472006153,103.0584695974821,1.45e-07,0.8,150.3617201822549,0.2199999999999994,0.3492360641478305,1.950043818120251e-09,3.186867081286447e-10
2.554629935405067,109.2498315998167,1.45e-07,0.8,167.6907614581554,0.1979999999999994,0.3629546505041529,1.956383563913258e-09,3.3929141064816306e-10
2.372668840662655,115.3247678372393,1.45e-07,0.8,185.4079631794045,0.1759999999999994,0.3765576664197667,1.962675126311382e-09,3.631288935758215e-10
2.209019585885116,121.27627432819,1.45e-07,0.8,203.3648179189896,0.1539999999999994,0.3900528093541531,1.969038334082301e-09,3.9055742487722825e-10
2.061476241915572,127.099751049571,1.45e-07,0.8,221.4353779867207,0.1319999999999994,0.4034471175740159,1.975572233190474e-09,4.219146834793536e-10
23.34912080255418,2.77623760455104e-06,1.45e-07,0.9,2.409611245602803e-06,1.1,0.047852822714219,6.975416192787487e-10,1.866792559357354e-10
23.95048882081196,1.066769242412541,1.45e-07,0.9,1.260488925066977,0.6819999999999997,0.0603097932257708,1.125871553750768e-09,2.0578191374605348e-10
22.37170785258822,1.776227099901669,1.45e-07,0.9,2.050131284441504,0.6599999999999997,0.0668484213613607,1.226445865267889e-09,2.076630903612586e-10
20.6009261979052,2.850506926575188,1.45e-07,0.9,3.224630608251704,0.6379999999999997,0.0753757504870188,1.325568958275401e-09,2.100201579294645e-10
18.67170284812784,4.391470583783764,1.45e-07,0.9,4.914434452392609,0.6159999999999997,0.0858414636950248,1.419207882447724e-09,2.1297713518074977e-10
16.6755828957828,6.478195778109758,1.45e-07,0.9,7.28020853314,0.5939999999999996,0.0980147811188546,1.504552612353047e-09,2.1668200411564178e-10
14.72094282634738,9.148253591476069,1.45e-07,0.9,10.52492490486186,0.5719999999999996,0.1115500696548791,1.580109509505404e-09,2.2131272060894338e-10
12.8953983046951,12.39095253070537,1.45e-07,0.9,14.90590905952211,0.5499999999999996,0.1260670331417565,1.645520575708667e-09,2.27084274527741e-10
11.25036468781257,16.15338377406634,1.45e-07,0.9,20.73399954446922,0.5279999999999996,0.141215033544701,1.7012510271085601e-09,2.3425667463578307e-10
9.804167839486809,20.35403203031652,1.45e-07,0.9,28.34474857431467,0.5059999999999996,0.1567084335759474,1.748266104073e-09,2.4314356884991287e-10
8.552866036523053,24.89776694628062,1.45e-07,0.9,38.03584771122028,0.4839999999999995,0.1723357858713194,1.787766143608122e-09,2.54120920775673e-10
7.480812542575005,29.68842141531837,1.45e-07,0.9,49.98712049601058,0.4619999999999995,0.1879527202952368,1.821001753482267e-09,2.676347121941068e-10
6.567804379827924,34.63766659627286,1.45e-07,0.9,64.20034878438092,0.4399999999999995,0.2034680125064007,1.849162220029016e-09,2.8420600661739507e-10
5.792878528127582,39.67018286620456,1.45e-07,0.9,80.49219966958749,0.4179999999999995,0.2188289760855593,1.873318729870163e-09,3.04430914788727e-10
5.136018801748025,44.72561922074716,1.45e-07,0.9,98.54185350770211,0.3959999999999995,0.2340090742040122,1.894403006364643e-09,3.2897216977892326e-10
4.578905866673202,49.75813116491447,1.45e-07,0.9,117.9643538417416,0.3739999999999994,0.2489985477217985,1.913205623179924e-09,3.585384293018656e-10
4.10528043654968,54.73446202660826,1.45e-07,0.9,138.3763753913318,0.3519999999999994,0.2637978267501984,1.930383008407216e-09,3.9384756262383e-10
3.701089693933986,59.63146062197384,1.45e-07,0.9,159.4374432968694,0.3299999999999994,0.2784131377987235,1.946466457079242e-09,4.355716910946862e-10
3.35445674951529,64.43365458718164,1.45e-07,0.9,180.8668142275288,0.3079999999999994,0.2928536978105757,1.961869936867072e-09,4.842651956439793e-10
3.055514552446797,69.13119012047638,1.45e-07,0.9,202.4440967786976,0.2859999999999994,0.3071299920031977,1.976896134494209e-09,5.402822880666832e-10
2.79616122953834,73.71822299138533,1.45e-07,0.9,224.0018646376561,0.2639999999999993,0.321252762191975,1.991742075520824e-09,6.036969565130273e-10
2.569789508213735,78.1917249599637,1.45e-07,0.9,245.4157849927136,0.2419999999999994,0.3352324456329484,2.006506627602649e-09,6.742427160410601e-10
2.371026285078133,82.55062548827573,1.45e-07,0.9,266.5951086473482,0.2199999999999994,0.349078890879999,2.021202083181121e-09,7.512896196588703e-10
2.195501299675325,86.79520532696158,1.45e-07,0.9,287.4746286288883,0.1979999999999994,0.362801238442082,2.035770835214088e-09,8.338695844210483e-10
2.039651544004801,90.92667165263556,1.45e-07,0.9,308.008312676313,0.1759999999999994,0.3764078955327402,2.050106348656954e-09,9.207493980445327e-10
23.88523657793112,0.905233827403391,1.45e-07,1.0,2.449366968902543,0.6819999999999997,0.0602368471268514,1.1315824214300401e-09,2.2882805203948077e-10
22.20475874628817,1.503566521693132,1.45e-07,1.0,4.307081716620218,0.6599999999999997,0.0667496795696989,1.234247752830901e-09,2.40130088290704e-10
20.27659313940993,2.400186623726716,1.45e-07,1.0,7.457061853237284,0.6379999999999997,0.0752504966097108,1.33619180460009e-09,2.55510107488077e-10
18.13952200420178,3.663328934253436,1.45e-07,1.0,12.6301379675638,0.6159999999999997,0.0856916939196397,1.433530536161051e-09,2.762474024555815e-10
15.90816715881757,5.327472019973503,1.45e-07,1.0,20.69300805350033,0.5939999999999996,0.0978446311809143,1.523625352583309e-09,3.0391275093067087e-10
13.72804175364404,7.378586262916419,1.45e-07,1.0,32.38663323453144,0.5719999999999996,0.1113647797300797,1.605169783248304e-09,3.403468014082086e-10
11.72466492645222,9.75785673438596,1.45e-07,1.0,48.00061686848938,0.5499999999999996,0.1258719170636096,1.6779877658098561e-09,3.8755876324718007e-10
9.97283021954278,12.38105354966492,1.45e-07,1.0,67.24179796378095,0.5279999999999996,0.1410147613254785,1.742682993068764e-09,4.4750982200325377e-10
8.493881192858298,15.16096264104393,1.45e-07,1.0,89.39508830229613,0.5059999999999996,0.156506697985675,1.800262665982778e-09,5.21768186096963e-10
7.271629085973289,18.02247440647455,1.45e-07,1.0,113.6067523172033,0.4839999999999995,0.1721352673879154,1.851816052741777e-09,6.110787901654874e-10
6.271691156971513,20.90823042678595,1.45e-07,1.0,139.0965843262411,0.4619999999999995,0.1877552201728411,1.898290351662871e-09,7.149684309289084e-10
5.455359310872256,23.77795755211148,1.45e-07,1.0,165.2470553300136,0.4399999999999995,0.2032746469678784,1.94037966935791e-09,8.315570289072901e-10
4.786822905028956,26.60514988612633,1.45e-07,1.0,191.6090934189553,0.4179999999999995,0.2186403672140821,1.978519353327069e-09,9.577050516122392e-10
4.235837403733464,29.37336358923248,1.45e-07,1.0,217.8729738950666,0.3959999999999995,0.2338255087006533,2.012954314648686e-09,1.089487518429964e-09
3.778026236867713,32.07308075914829,1.45e-07,1.0,243.8327496437636,0.3739999999999994,0.2488200966053967,2.0438354105652604e-09,1.222830585421027e-09
3.394207458490094,34.69936335110526,1.45e-07,1.0,269.3555923817995,0.3519999999999994,0.2636244297400157,2.071302285094161e-09,1.354088510736047e-09
3.069452867431352,37.25021348534023,1.45e-07,1.0,294.3586501411972,0.3299999999999994,0.2782446598363961,2.09553104842255e-09,1.480406024694101e-09
2.792183682214928,39.72547403332614,1.45e-07,1.0,318.7926715326774,0.3079999999999994,0.2926899653435735,2.116746849416306e-09,1.599834004734585e-09
2.553406472230564,42.12611117746292,1.45e-07,1.0,342.6308056922664,0.2859999999999994,0.3069708153771643,2.135213604172347e-09,1.711258873688354e-09
2.346105188808955,44.45375495958027,1.45e-07,1.0,365.8610766576037,0.2639999999999993,0.3210979489035732,2.151214629311065e-09,1.81423560704133e-09
2.16477204379086,46.7104091367671,1.45e-07,1.0,388.4813673185159,0.2419999999999994,0.3350818077712202,2.165033641096181e-09,1.908798242375995e-09
2.005051177106993,48.89827004328542,1.45e-07,1.0,410.4960822283668,0.2199999999999994,0.3489322489830672,2.1769404904422e-09,1.995290897349284e-09
5.84895834979244,2.010697292330766e-05,2.45e-07,0.1,1.932024906744225e-06,1.1,0.046047883772261,8.861315003098085e-10,1.6917904079813258e-10
10.87922608087357,2.329043854485697e-05,2.45e-07,0.1,4.163847807160743e-06,1.078,0.0460479416890013,8.779345719263835e-10,1.6939023237983177e-10
17.60983271685637,3.098516650870762e-05,2.45e-07,0.1,8.970592635311221e-06,1.056,0.046048066438311,8.701478169779757e-10,1.696081429922586e-10
24.23967818234679,4.835253096359362e-05,2.45e-07,0.1,1.931084497267887e-05,1.034,0.0460483348371764,8.621177175136387e-10,1.6983313574145487e-10
24.23111453788376,1.149606356151815,2.45e-07,0.1,0.5430408347602568,0.7039999999999997,0.0605592012372036,1.7867970025322041e-09,1.7449494819348938e-10
22.41872438192974,1.921075754012812,2.45e-07,0.1,0.8377124420377857,0.6819999999999997,0.0684752559034691,1.951685372030063e-09,1.749409059254651e-10
20.42706782945598,3.078498954723591,2.45e-07,0.1,1.222718292485669,0.6599999999999997,0.078817284479228,2.105570110601663e-09,1.7541194866321003e-10
18.32106913166012,4.714930582745349,2.45e-07,0.1,1.692837191981998,0.6379999999999997,0.0914370449348652,2.244062187086895e-09,1.7590959993515829e-10
16.21644627799837,6.892742156968215,2.45e-07,0.1,2.234133014611129,0.6159999999999997,0.105948461158534,2.365072860700631e-09,1.7643543064671058e-10
14.23085631532358,9.63126386378248,2.45e-07,0.1,2.828757470028477,0.5939999999999996,0.121848616138207,2.468390159351654e-09,1.7699109668945417e-10
12.44573990893371,12.90961894160939,2.45e-07,0.1,3.459782219484066,0.5719999999999996,0.1386405913670843,2.555082786430175e-09,1.775783691892372e-10
10.89668101276726,16.68028086025356,2.45e-07,0.1,4.114076141801053,0.5499999999999996,0.1559121986908461,2.626933640175431e-09,1.781991537510696e-10
9.583185275105109,20.88476869386391,2.45e-07,0.1,4.783006238230969,0.5279999999999996,0.1733634688404894,2.686002946816206e-09,1.7885549687440107e-10
8.483725566424281,25.4654791307566,2.45e-07,0.1,5.461796241156823,0.5059999999999996,0.1907991322308987,2.734340650825095e-09,1.795495782959463e-10
7.568097174300722,30.3720442492215,2.45e-07,0.1,6.148440827107327,0.4839999999999995,0.2081057348410818,2.773824934934307e-09,1.8028368755399968e-10
6.805115864892298,35.56333388316693,2.45e-07,0.1,6.842701817922804,0.4619999999999995,0.2252267187847794,2.806090489006694e-09,1.8106018188571218e-10
6.166473753710534,41.00692973946686,2.45e-07,0.1,7.545368261216815,0.4399999999999995,0.2421416523410906,2.832512845547335e-09,1.8188142099617838e-10
5.628157423508397,46.67754251549453,2.45e-07,0.1,8.257777983979942,0.4179999999999995,0.2588511558386665,2.854223486007031e-09,1.82749672574255e-10
5.170564628984078,52.55524804160566,2.45e-07,0.1,8.981536355583298,0.3959999999999995,0.2753669099176503,2.872139021653306e-09,1.8366698100496438e-10
4.778039764824166,58.62394760749367,2.45e-07,0.1,9.718365210045077,0.3739999999999994,0.2917054858778559,2.886994505388522e-09,1.8463499102349847e-10
4.438222689169938,64.87017663317076,2.45e-07,0.1,10.4700308797977,0.3519999999999994,0.3078847842175463,2.899375547705704e-09,1.8565471884042418e-10
4.141401238257317,71.28224966475057,2.45e-07,0.1,11.23831748498007,0.3299999999999994,0.3239221380748029,2.9097467820875192e-09,1.8672626670379968e-10
3.87994469945932,77.8496791013528,2.45e-07,0.1,12.0250247435567,0.3079999999999994,0.3398334231175725,2.9184758759734232e-09,1.87848484492514e-10
3.647838830974665,84.56279694769871,2.45e-07,0.1,12.831978293414,0.2859999999999994,0.3556327439370132,2.925853157803085e-09,1.890185953827674e-10
3.440317634441466,91.41251811759422,2.45e-07,0.1,13.66104590543542,0.2639999999999993,0.3713324295878173,2.932107346730963e-09,1.902318228073211e-10
3.253577731045292,98.3901977852298,2.45e-07,0.1,14.51415614000054,0.2419999999999994,0.3869431788992333,2.937418034338436e-09,1.91481081543673e-10
3.084559398195491,105.4875485548123,2.45e-07,0.1,15.3933178031711,0.2199999999999994,0.4024742646378275,2.9419255970218212e-09,1.927568213439656e-10
2.930779704595691,112.6965939653754,2.45e-07,0.1,16.30063955076981,0.1979999999999994,0.4179337474554898,2.945739174844688e-09,1.9404712595419208e-10
2.790205600020669,120.0096428512662,2.45e-07,0.1,17.23834951346631,0.1759999999999994,0.4333286753012115,2.948943261438453e-09,1.9533815822162728e-10
2.661157311444053,127.4192747311153,2.45e-07,0.1,18.20881507895053,0.1539999999999994,0.4486652580784051,2.951603316665065e-09,1.9661498987313568e-10
2.542234592535228,134.9183302358099,2.45e-07,0.1,19.21456308702519,0.1319999999999994,0.4639490149937337,2.953770648334268e-09,1.978627624299419e-10
2.432260166073959,142.4999031061041,2.45e-07,0.1,20.25830073706877,0.1099999999999994,0.4791848959159959,2.955486637951123e-09,1.990680169582124e-10
2.330236103486794,150.1573318856642,2.45e-07,0.1,21.34293751155556,0.0879999999999993,0.4943773797720021,2.956786253087554e-09,2.0021994941260978e-10
2.235309959260762,157.8841904361248,2.45e-07,0.1,22.47160840332576,0.0659999999999993,0.5095305535302019,2.957700739141708e-09,2.01311339813368e-10
2.1467482868724,165.6742769823704,2.45e-07,0.1,23.64769870686196,0.0439999999999993,0.5246481752374109,2.958259429360335e-09,2.02338982269527e-10
2.063915767526328,173.5216016373409,2.45e-07,0.1,24.8748705975655,0.0219999999999993,0.5397337242080005,2.958490722674938e-09,2.0330357908009387e-10
6.656234889882684,1.666210632584238e-05,2.45e-07,0.2,1.90558805623416e-06,1.1,0.0460480309896978,8.871512380079014e-10,1.7019529286696328e-10
12.1198363916842,1.971579244704782e-05,2.45e-07,0.2,4.106892458407029e-06,1.078,0.0460480884154176,8.789877697754232e-10,1.7043997015733568e-10
19.0415007809809,2.702378527819069e-05,2.45e-07,0.2,8.847953475408858e-06,1.056,0.0460482121078022,8.712353796992946e-10,1.7069319759717408e-10
24.38829267132151,1.095339804934345,2.45e-07,0.2,0.5424523381248051,0.7039999999999997,0.0604812726873475,1.786882501651044e-09,1.76590268982534e-10
22.59556396841617,1.837181040603859,2.45e-07,0.2,0.8405566519261202,0.6819999999999997,0.0683691321246619,1.951969152376118e-09,1.7714922971689259e-10
20.60776874280648,2.955750011386151,2.45e-07,0.2,1.233026237685729,0.6599999999999997,0.0786828717294856,2.106126087710768e-09,1.777428174713712e-10
18.49149173648841,4.544552868478235,2.45e-07,0.2,1.716131490404296,0.6379999999999997,0.0912775570325348,2.244937258930801e-09,1.7837320405899968e-10
16.36789903572769,6.667307051894537,2.45e-07,0.2,2.276957056528765,0.6159999999999997,0.1057693140618703,2.366289489151678e-09,1.7904258188534748e-10
14.36023590580662,9.34510742772728,2.45e-07,0.2,2.898097515126229,0.5939999999999996,0.1216558782960687,2.469952582106769e-09,1.7975318625433619e-10
12.55372505027949,12.55877130385899,2.45e-07,0.2,3.562612993125926,0.5719999999999996,0.1384397382914958,2.556983949585273e-09,1.805072978751202e-10
10.98579863901767,16.2620976985029,2.45e-07,0.2,4.257121133996955,0.5499999999999996,0.1557074872680493,2.6291610410560372e-09,1.813072173412768e-10
9.656497249603948,20.39748378688634,2.45e-07,0.2,4.972687338377824,0.5279999999999996,0.1731578436546673,2.688542699560112e-09,1.8215520511503307e-10
8.544145376448226,24.90781551312981,2.45e-07,0.2,5.704302626657205,0.5059999999999996,0.1905944266151572,2.737179810510721e-09,1.8305338098493718e-10
7.618120787020844,29.74293138952191,2.45e-07,0.2,6.449852643569997,0.4839999999999995,0.207902964578462,2.7769524249241504e-09,1.8400357668104417e-10
6.846770307197318,34.8617246134045,2.45e-07,0.2,7.209127006467019,0.4619999999999995,0.2250263554408086,2.80949701914395e-09,1.850071353733069e-10
6.201359972992379,40.23169151367105,2.45e-07,0.2,7.983071926924828,0.4399999999999995,0.2419438345348612,2.836190134420937e-09,1.8606465352148748e-10
5.657522944496097,45.82739718526535,2.45e-07,0.2,8.773297429604193,0.4179999999999995,0.2586558356515994,2.858163003754936e-09,1.8717566564328918e-10
5.19537691517641,51.62874042569828,2.45e-07,0.2,9.58178212399464,0.3959999999999995,0.2751739467676075,2.876330397367098e-09,1.8833828280977068e-10
4.799049469781476,57.61942969190378,2.45e-07,0.2,10.41071150857202,0.3739999999999994,0.2915147028547889,2.891423712866162e-09,1.8954881248780068e-10
4.456014397301945,63.78579930155472,2.45e-07,0.2,11.26239955788623,0.3519999999999994,0.307695999619897,2.904022998522993e-09,1.908014106694097e-10
4.156432678887184,70.11595725114334,2.45e-07,0.2,12.1392595399993,0.3299999999999994,0.3237351814910447,2.914585510529462e-09,1.9208784372225359e-10
3.892576460726327,76.59920415408902,2.45e-07,0.2,13.04380280204865,0.3079999999999994,0.3396481423634393,2.923470081051259e-09,1.9339745857815002e-10
3.658356657340136,83.2256538198007,2.45e-07,0.2,13.97865296715643,0.2859999999999994,0.3554490068798369,2.930957443915716e-09,1.94717461832728e-10
3.448949098207534,89.98599468238048,2.45e-07,0.2,14.94656847386496,0.2639999999999993,0.3711501233229343,2.937267032043529e-09,1.960335755582017e-10
3.260504699628135,96.8713449362736,2.45e-07,0.2,15.9504696917958,0.2419999999999994,0.386762207724872,2.942570824901135e-09,1.973310624508011e-10
3.08992738101032,103.8731673238822,2.45e-07,0.2,16.99346877002459,0.2199999999999994,0.4022945476384285,2.9470047234766312e-09,1.9859600727952787e-10
2.934704887649381,110.983220161167,2.45e-07,0.2,18.07890146176088,0.1979999999999994,0.4177552161188438,2.950677773589013e-09,1.9981664176484088e-10
2.792780163725101,118.1935291275241,2.45e-07,0.2,19.21036076216155,0.1759999999999994,0.4331512713699617,2.9536794335531703e-09,2.0098445415421768e-10
2.662453466902799,125.4963700232161,2.45e-07,0.2,20.3917325011288,0.1539999999999994,0.4484889317108665,2.956085041333775e-09,2.02094864663231e-10
2.542307656214287,132.8842564218536,2.45e-07,0.2,21.62723316869302,0.1319999999999994,0.4637737232410665,2.957959679133722e-09,2.0314736417734387e-10
2.431150906936375,140.3499287337351,2.45e-07,0.2,22.9214502832708,0.1099999999999994,0.479010601490414,2.959360713913213e-09,2.041451568422569e-10
2.327972534798797,147.8863427938557,2.45e-07,0.2,24.27938557556658,0.0879999999999993,0.4942040500678481,2.960339351523219e-09,2.050944579274545e-10
2.231908703425036,155.4866570558855,2.45e-07,0.2,25.70650116566418,0.0659999999999993,0.5093581598568411,2.960941543860479e-09,2.06003641501007e-10
2.142215610153338,163.1442180615083,2.45e-07,0.2,27.20876875672505,0.0439999999999993,0.5244766922251921,2.961208533776985e-09,2.0688241054065502e-10
2.058248358285934,170.8525441800957,2.45e-07,0.2,28.79272164441072,0.0219999999999993,0.5395631293541923,2.961177237880975e-09,2.0774110313866868e-10
7.653494719950914,1.362746871299914e-05,2.45e-07,0.3,1.881215333548926e-06,1.1,0.0460481799415177,8.88338832510838e-10,1.7137935874950358e-10
13.5788189638694,1.654883628918017e-05,2.45e-07,0.3,4.054385707221781e-06,1.078,0.0460482368748102,8.802183146949038e-10,1.716670020529503e-10
20.61752933298337,2.347103205840733e-05,2.45e-07,0.3,8.734898531155502e-06,1.056,0.0460483595072322,8.725105084621986e-10,1.7196575560555027e-10
24.55155699333933,1.041082314376647,2.45e-07,0.3,0.5429156599196312,0.7039999999999997,0.0604027680018722,1.787491577985578e-09,1.792307798022303e-10
22.77920582289873,1.752903781857466,2.45e-07,0.3,0.8454672572888405,0.6819999999999997,0.0682621311559347,1.9528187461759902e-09,1.799466737813149e-10
20.79520683367824,2.831785546222042,2.45e-07,0.3,1.247221326667597,0.6599999999999997,0.0785472382028755,2.107293615706967e-09,1.807102032263019e-10
18.66793247550645,4.371518835360339,2.45e-07,0.3,1.746308987332913,0.6379999999999997,0.0911165073382808,2.246472430084958e-09,1.8152396697290578e-10
16.52430101326752,6.437048625682326,2.45e-07,0.3,2.33118813578464,0.6159999999999997,0.1055883096547353,2.368216636029369e-09,1.82390319284557e-10
14.49342402089024,9.051177155245226,2.45e-07,0.3,2.98518260201229,0.5939999999999996,0.1214610586029677,2.4722766157852942e-09,1.8331129538790437e-10
12.66447077906141,12.1964076336119,2.45e-07,0.3,3.691551019991832,0.5719999999999996,0.13823665446579,2.5596969627846012e-09,1.8428848391744217e-10
11.07678459504124,15.82788310268875,2.45e-07,0.3,4.43681409446518,0.5499999999999996,0.1555004618038905,2.632247693737565e-09,1.85322834468927e-10
9.73094416522736,19.88890348114364,2.45e-07,0.3,5.21186652550772,0.5279999999999996,0.1729498705667466,2.691983668402179e-09,1.864143963246285e-10
8.605103094248525,24.32286145476225,2.45e-07,0.3,6.011604072492767,0.5059999999999996,0.1903873726118082,2.740953338443231e-09,1.875619947980126e-10
7.668192596091001,29.07980581741151,2.45e-07,0.3,6.833969237604236,0.4839999999999995,0.207697865871915,2.7810343558301704e-09,1.8876286648906277e-10
6.888063487249068,34.11864140242083,2.45e-07,0.3,7.678987683884478,0.4619999999999995,0.2248236948339598,2.813859799966294e-09,1.900122953865744e-10
6.235533348248491,39.40675224499143,2.45e-07,0.3,8.548021766026148,0.4399999999999995,0.2417437559473456,2.840801264030438e-09,1.9130331713063001e-10
5.685864400842166,44.91851694755614,2.45e-07,0.3,9.443268839403848,0.4179999999999995,0.2584582929466003,2.862983394290364e-09,1.926265832656005e-10
5.218880873898264,50.63360363659131,2.45e-07,0.3,10.36745651774353,0.3959999999999995,0.2749787992590241,2.881313114690109e-09,1.9397048955689658e-10
4.818483319604096,56.53546242664812,2.45e-07,0.3,11.32367517272985,0.3739999999999994,0.2913217726712102,2.896513556202578e-09,1.953216568739893e-10
4.47197157685312,62.61014956573958,2.45e-07,0.3,12.31529896703116,0.3519999999999994,0.3075051038502248,2.909157316743368e-09,1.966657970426482e-10
4.169373559965249,68.84547802842893,2.45e-07,0.3,13.34596157487084,0.3299999999999994,0.3235461486044355,2.919696486041768e-09,1.9798890110661038e-10
3.902859220818016,75.23043620031632,2.45e-07,0.3,14.41956501782221,0.3079999999999994,0.3394608193194729,2.928488428051198e-09,1.9927857909819727e-10
3.666260358277041,81.75480644280269,2.45e-07,0.3,15.54030863710871,0.2859999999999994,0.3552632610299093,2.935817112628173e-09,2.0052530421164267e-10
3.454690861738686,88.40892348989233,2.45e-07,0.3,16.71273076781263,0.2639999999999993,0.3709658416119959,2.941910191513432e-09,2.0172331332933777e-10
3.264252475380965,95.18352593051952,2.45e-07,0.3,17.94175908239317,0.2419999999999994,0.3865792946667677,2.946952240760961e-09,2.0287100134147778e-10
3.091809445664393,102.0696668668595,2.45e-07,0.3,19.23276757393931,0.2199999999999994,0.4021129228898873,2.951094736296719e-09,2.039707852330018e-10
2.934816921478343,109.0586604578714,2.45e-07,0.3,20.59163926514053,0.1979999999999994,0.4175748120863646,2.954463404932536e-09,2.0502854593960337e-10
2.791190528336539,116.1420488962439,2.45e-07,0.3,22.02483427698103,0.1759999999999994,0.4329720310550512,2.9571635903022152e-09,2.0605283191995808e-10
2.659207143815474,123.311579970901,2.45e-07,0.3,23.53946305647046,0.1539999999999994,0.4483108068698137,2.9592841977363212e-09,2.0705401378291408e-10
2.537429184137729,130.5591891867438,2.45e-07,0.3,25.14336443835806,0.1319999999999994,0.4635966728678312,2.960900662363479e-09,2.0804353312017637e-10
2.424646570652607,137.8769829383559,2.45e-07,0.3,26.84518783315137,0.1099999999999994,0.4788345905976508,2.962077256614576e-09,2.0903332341757888e-10
2.319831998998575,145.2572208602061,2.45e-07,0.3,28.65447818163852,0.0879999999999993,0.4940290487274496,2.962868943751137e-09,2.1003542308304879e-10
2.222106244403828,152.6922964998225,2.45e-07,0.3,30.58176135319307,0.0659999999999993,0.5091841424586103,2.963322904505122e-09,2.110617626650133e-10
2.130711072929786,160.1747160974974,2.45e-07,0.3,32.63862633042453,0.0439999999999993,0.5243036369147519,2.963479813348978e-09,2.121240906527712e-10
2.044987953019538,167.6970756573453,2.45e-07,0.3,34.83779874767787,0.0219999999999993,0.5393910176158817,2.963374912163174e-09,2.13233999237575e-10
8.905381597293601,1.097864985908973e-05,2.45e-07,0.4,1.859631889368131e-06,1.1,0.046048330633764,8.897436709457687e-10,1.727806255094999e-10
15.30286456961507,1.376528632575283e-05,2.45e-07,0.4,4.007890525059305e-06,1.078,0.0460483870733158,8.816794823895204e-10,1.731246029059142e-10
22.34356535237018,2.030242295352896e-05,2.45e-07,0.4,8.634795535975836e-06,1.056,0.0460485086429371,8.740307318579167e-10,1.7348334305015788e-10
24.72108679751464,0.9867109762414004,2.45e-07,0.4,0.5448118450650549,0.7039999999999997,0.0603236952339423,1.788822219644539e-09,1.826169705298899e-10
22.96980189481897,1.668002463535447,2.45e-07,0.4,0.8531948963587764,0.6819999999999997,0.0681542615185466,1.954440187424496e-09,1.8354400814125518e-10
20.98945886059424,2.706150525813552,2.45e-07,0.4,1.266733456049019,0.6599999999999997,0.0784103915808094,2.109283000070435e-09,1.845322694759132e-10
18.85035505515008,4.195020257641527,2.45e-07,0.4,1.785960810102359,0.6379999999999997,0.0909539016197468,2.248876590064792e-09,1.8558280062568167e-10
16.6854810521797,6.200621707121146,2.45e-07,0.4,2.40125679841699,0.6159999999999997,0.1054054513848153,2.371053648945507e-09,1.8669537355768418e-10
14.63010744435828,8.747369648532112,2.45e-07,0.4,3.097161216566745,0.5939999999999996,0.1212641585071529,2.475540946579668e-09,1.878682060887446e-10
12.77752423240884,11.81941554242342,2.45e-07,0.4,3.857535382282257,0.5719999999999996,0.1380313401452423,2.563365234750384e-09,1.8909765827277268e-10
11.1690529902951,15.37324133896702,2.45e-07,0.4,4.66914708761597,0.5499999999999996,0.1552911223442126,2.636283309572128e-09,1.903779518927335e-10
9.8058138989943,19.35305294467668,2.45e-07,0.4,5.523046652988661,0.5279999999999996,0.1727395503570701,2.696339749092507e-09,1.917009918120852e-10
8.665765037490273,23.70274446806837,2.45e-07,0.4,6.414386644246146,0.5059999999999996,0.1901779725479249,2.745574300123366e-09,1.9305639129432008e-10
7.717358948316721,28.37255183245797,2.45e-07,0.4,7.341579841437427,0.4839999999999995,0.2074904432711598,2.785856855676075e-09,1.9443180416975217e-10
6.9279200983585,33.32134665074624,2.45e-07,0.4,8.305389394964113,0.4619999999999995,0.2246187443126611,2.81881385822754e-09,1.9581363037465787e-10
6.26779212196786,38.51633316139977,2.45e-07,0.4,9.308203525287167,0.4399999999999995,0.2415414272484818,2.845812214015159e-09,1.9718808216228377e-10
5.711845914915614,43.93161352110987,2.45e-07,0.4,10.35354207738735,0.4179999999999995,0.2582585422271015,2.867974993397587e-09,1.9854249069739538e-10
5.239596170691604,49.54651306405962,2.45e-07,0.4,11.44575911329405,0.3959999999999995,0.2747814862641715,2.88621173346485e-09,1.9986663511095158e-10
4.834703638728956,55.34408911207905,2.45e-07,0.4,12.58988813754798,0.3739999999999994,0.2911267191534875,2.901252947368723e-09,2.0115383643093868e-10
4.484283802652792,61.30996229196238,2.45e-07,0.4,13.79158407235799,0.3519999999999994,0.3073121263458487,2.913683178229744e-09,2.0240160603217177e-10
4.1782227128687,67.43146840203968,2.45e-07,0.4,15.05712911727939,0.3299999999999994,0.3233550752104064,2.923969977600908e-09,2.0361175890275377e-10
3.908580356152366,73.69707464929951,2.45e-07,0.4,16.39348101853966,0.3079999999999994,0.3392714969942563,2.9324880094152752e-09,2.0479004445348667e-10
3.669102236440519,80.095993369964,2.45e-07,0.4,17.80835044322447,0.2859999999999994,0.3550755575902398,2.939538468752315e-09,2.0594545324834808e-10
3.45483339947521,86.61793392527827,2.45e-07,0.4,19.31029940390087,0.2639999999999993,0.3707796449795804,2.945364450180396e-09,2.0708939493836478e-10
3.261819567158765,93.25294645205138,2.45e-07,0.4,20.90885570050735,0.2419999999999994,0.3863945108650271,2.950163017986199e-09,2.0823491632166467e-10
3.086878367532691,99.9913238548678,2.45e-07,0.4,22.6146397220277,0.2199999999999994,0.4019294736327145,2.954094677231581e-09,2.0939606797007258e-10
2.92742523363099,106.8235388756178,2.45e-07,0.4,24.439500050463,0.1979999999999994,0.4173926324018302,2.957290825045195e-09,2.1058746427483647e-10
2.781341169878073,113.7402009564248,2.45e-07,0.4,26.3966533093364,0.1759999999999994,0.4327910671539967,2.959859635222793e-09,2.1182403415568207e-10
2.646872256302438,120.7320232623185,2.45e-07,0.4,28.50082162991989,0.1539999999999994,0.4481310143381217,2.961890721873899e-09,2.13120933285316e-10
2.522553096367379,127.7897941609722,2.45e-07,0.4,30.76835791658402,0.1319999999999994,0.4634180151910293,2.9634588453388104e-09,2.1449357989096669e-10
2.4071483145524,134.9043501561565,2.45e-07,0.4,33.21734470903782,0.1099999999999994,0.4786570379920681,2.964626862751101e-09,2.1595777838832701e-10
2.299607695623322,142.0665491386051,2.45e-07,0.4,35.86764687589702,0.0879999999999993,0.4938525772376041,2.965448080934674e-09,2.1752990234447668e-10
2.199031691021024,149.2672441531812,2.45e-07,0.4,38.74089186277977,0.0659999999999993,0.509008733276625,2.965968135915231e-09,2.192271166175739e-10
2.104644867421593,156.497258894434,2.45e-07,0.4,41.86034439894312,0.0439999999999993,0.5241292758787152,2.966226497699802e-09,2.2106762594709937e-10
2.015775498686124,163.7473669631273,2.45e-07,0.4,45.25063671247184,0.0219999999999993,0.5392176948471621,2.9662576788719242e-09,2.23070943036117e-10
10.50384309570891,8.692932072683543e-06,2.45e-07,0.5,1.842022787162349e-06,1.1,0.0460484830721764,8.914359345175224e-10,1.7446927833159389e-10
17.34472752149293,1.134241673337934e-05,2.45e-07,0.5,3.969961168208904e-06,1.078,0.0460485390167669,8.834472684315894e-10,1.748887725941317e-10
24.21643012595189,1.749477476035902e-05,2.45e-07,0.5,8.55314814492356e-06,1.056,0.0460486595209519,8.758783887300228e-10,1.7532830266905968e-10
24.89686324057713,0.9320544367852234,2.45e-07,0.5,0.5487558612557867,0.7039999999999997,0.0602440627509369,1.791059696236682e-09,1.8694259167754858e-10
23.16723654044111,1.582140041877024,2.45e-07,0.5,0.8649525776520339,0.6819999999999997,0.068045532188834,1.956992064848744e-09,1.88113758864879e-10
21.1902627437102,2.578207345062549,2.45e-07,0.5,1.293886653107606,0.6599999999999997,0.078272340169928,2.112209837400063e-09,1.893460400562216e-10
19.038312285513,4.013916211552211,2.45e-07,0.5,1.839342281170527,0.6379999999999997,0.0907897464885478,2.252202196494993e-09,1.9063349195066337e-10
16.85078189778007,5.956107947598219,2.45e-07,0.5,2.494543423706956,0.6159999999999997,0.1052207438502462,2.3747663207642212e-09,1.9196757605893438e-10
14.76940620028477,8.430648411912145,2.45e-07,0.5,3.246145847462774,0.5939999999999996,0.1210651810491497,2.479599123712015e-09,1.9333744123237927e-10
12.89177851225547,11.42324055322154,2.45e-07,0.5,4.079455814778544,0.5719999999999996,0.1378237977972672,2.567704911769651e-09,1.9473055623360358e-10
11.26126930994449,14.89164612392105,2.45e-07,0.5,4.982298736208794,0.5499999999999996,0.1550794719778274,2.640825639084893e-09,1.96133708099017e-10
9.87954271885663,18.78092631838298,2.45e-07,0.5,5.946721018928779,0.5279999999999996,0.1725268879178019,2.700998304050779e-09,1.97534292505541e-10
8.724332784064712,23.03541189144107,2.45e-07,0.5,6.96907442967177,0.5059999999999996,0.1899662341974953,2.750261955278553e-09,1.9892171971592308e-10
7.763575821233663,27.60543282934363,2.45e-07,0.5,8.049355011908967,0.4839999999999995,0.2072807084093692,2.7904922375973604e-09,2.0028869074437817e-10
6.964033519816573,32.44969819976215,2.45e-07,0.5,9.190409056667225,0.4619999999999995,0.2244115202928605,2.823327062197418e-09,2.01632105456735e-10
6.295543779313597,37.53506241204988,2.45e-07,0.5,10.39728687077509,0.4399999999999995,0.2413368705668633,2.850149275551891e-09,2.0295345564461629e-10
5.732559397230552,42.83513730562038,2.45e-07,0.5,11.6768155270138,0.4179999999999995,0.2580566123278176,2.872100606006605e-09,2.042586955362085e-10
5.254262937785441,48.32864455149491,2.45e-07,0.5,13.03737073003643,0.3959999999999995,0.2745820444318874,2.890109945818787e-09,2.0555770998171067e-10
4.844055797335443,53.9979368576866,2.45e-07,0.5,14.48880346101612,0.3739999999999994,0.2909295880332042,2.904925948986373e-09,2.0686356969608027e-10
4.488851551703039,59.82783126642,2.45e-07,0.5,16.04247959273072,0.3519999999999994,0.3071171233927412,2.917148634897157e-09,2.0819176236958448e-10
4.178377990778266,65.80475587147217,2.45e-07,0.5,17.71140002614477,0.3299999999999994,0.3231620298668373,2.927257578184717e-09,2.095595391696182e-10
3.904569297282027,71.91615594997074,2.45e-07,0.5,19.51037706786524,0.3079999999999994,0.3390802582265898,2.935635890372657e-09,2.1098545069182947e-10
3.661069047478082,78.15009411262507,2.45e-07,0.5,21.45624728103409,0.2859999999999994,0.3548859960304053,2.942590032836194e-09,2.124890901532762e-10
3.442837917575931,84.49498628987934,2.45e-07,0.5,23.5681014305196,0.2639999999999993,0.3705916522711275,2.948365877468894e-09,2.14091025710838e-10
3.245850366556973,90.93942825875524,2.45e-07,0.5,25.8675084441876,0.2419999999999994,0.3862079977414112,2.953161561640355e-09,2.1581288785107868e-10
3.066862953374336,97.4720802737766,2.45e-07,0.5,28.3787026472088,0.2199999999999994,0.4017443675843081,2.957137690316017e-09,2.1767757595375739e-10
2.903238629521683,104.0815881914649,2.45e-07,0.5,31.12869220094569,0.1979999999999994,0.4172088753812544,2.9604253883061903e-09,2.197095538285112e-10
2.752814059446858,110.756527944752,2.45e-07,0.5,34.14723258877893,0.1759999999999994,0.4326086135301001,2.963132635211635e-09,2.2193521234662359e-10
2.613799749660385,117.4853666358011,2.45e-07,0.5,37.46659425824846,0.1539999999999994,0.447949829172607,2.965349242636322e-09,2.243832853709663e-10
2.484705116174813,124.256438305452,2.45e-07,0.5,41.12104222763153,0.1319999999999994,0.4632380728369608,2.967150765938267e-09,2.2708531174909208e-10
2.36428247702643,131.0579359361147,2.45e-07,0.5,45.14594415065464,0.1099999999999994,0.4784783209742919,2.968601584414022e-09,2.3007614085009438e-10
2.251485333554471,137.8779235899774,2.45e-07,0.5,49.57644074921698,0.0879999999999993,0.4936750753561074,2.969757334996068e-09,2.333944821136535e-10
2.145437265818519,144.7043737067148,2.45e-07,0.5,54.44565764797083,0.0659999999999993,0.5088324428661162,2.970666844671503e-09,2.3708350058989036e-10
2.045408408921266,151.5252342684725,2.45e-07,0.5,59.78251540636509,0.0439999999999993,0.5239541991568262,2.971373674766014e-09,2.411914607023979e-10
12.57957633782329,6.749101394902817e-06,2.45e-07,0.6,1.830619531463849e-06,1.1,0.0460486372621843,8.935166160258717e-10,1.7654632909317548e-10
19.75687479341492,9.258792650835165e-06,2.45e-07,0.6,3.94540735692295e-06,1.078,0.0460486927106878,8.856310794359426e-10,1.770689421175816e-10
23.37079548469226,1.494814879318326,2.45e-07,0.6,0.8829654658352126,0.6819999999999997,0.0679359526388585,1.960253856543087e-09,1.9347831061419118e-10
21.39658584893936,2.447002256218625,2.45e-07,0.6,1.332962801558405,0.6599999999999997,0.0781330930061423,2.115708482908345e-09,1.9484900395916447e-10
19.23040536364404,3.826483436442179,2.45e-07,0.6,1.914380537067833,0.6379999999999997,0.0906240496336107,2.255922667357186e-09,1.9623921625587478e-10
17.01839971926596,5.700569784134658,2.45e-07,0.6,2.62503267962165,0.6159999999999997,0.1050341932689887,2.378663236204069e-09,1.9763947877305449e-10
14.90907881320017,8.096284879719448,2.45e-07,0.6,3.455591164748228,0.5939999999999996,0.1208641317209764,2.483608028749259e-09,1.9904296930178609e-10
13.0045254654939,11.00065407950871,2.45e-07,0.6,4.394819462808574,0.5719999999999996,0.137614033553456,2.571754995976664e-09,2.0044679079573468e-10
11.35022861814813,14.37252367688784,2.45e-07,0.6,5.433776151162483,0.5499999999999996,0.1548655191360163,2.644851104313624e-09,2.018527759921114e-10
9.948392250475612,18.15761098354108,2.45e-07,0.6,6.567963602800861,0.5279999999999996,0.1723118957124954,2.704946784336169e-09,2.03267738152222e-10
8.776486616738937,22.30044718251195,2.45e-07,0.6,7.797837055427228,0.5059999999999996,0.1897521757837837,2.7540994252761804e-09,2.0470323708670239e-10
7.80187963349372,26.75115770169931,2.45e-07,0.6,9.128503759700546,0.4839999999999995,0.2070686870203392,2.7942046092914542e-09,2.0617503367718188e-10
6.990716893477911,31.46790886063012,2.45e-07,0.6,10.56923586180808,0.4619999999999995,0.2242020578759953,2.826919167189151e-09,2.0770243769426318e-10
6.312280235324333,36.41672757544307,2.45e-07,0.6,12.13310572999764,0.4399999999999995,0.2411301324376073,2.853642171538962e-09,2.0930772257750567e-10
5.740557701876915,41.57014520421534,2.45e-07,0.6,13.83683906927792,0.4179999999999995,0.2578525636007231,2.875528150992315e-09,2.110157181172576e-10
5.254356149313653,46.90556119768674,2.45e-07,0.6,15.70087736117611,0.3959999999999995,0.2743805507408122,2.893515409184767e-09,2.12853628516853e-10
4.836776410046477,52.40375932083949,2.45e-07,0.6,17.74959977545601,0.3739999999999994,0.2907304762638402,2.90835916432039e-09,2.1485107709214648e-10
4.474491097328205,58.04772443054756,2.45e-07,0.6,20.01163650138423,0.3519999999999994,0.3069202159237401,2.920663935278106e-09,2.170403540923413e-10
4.157033516736077,63.82176572162815,2.45e-07,0.6,22.52018882782295,0.3299999999999994,0.3229671622705318,2.930912550518943e-09,2.1945683662739317e-10
3.876180508670196,69.71089724567744,2.45e-07,0.6,25.31324713776743,0.3079999999999994,0.3388872871691389,2.9394908619590804e-09,2.221395526804327e-10
3.625450164349853,75.7004159691857,2.45e-07,0.6,28.43356516842317,0.2859999999999994,0.3546948016822493,2.946708151345629e-09,2.25131868745023e-10
3.399708137331461,81.77562631345147,2.45e-07,0.6,31.9282133525834,0.2639999999999993,0.370402137860381,2.952813642218664e-09,2.2848228883877448e-10
3.194866422949428,87.92167481836805,2.45e-07,0.6,35.84751003559569,0.2419999999999994,0.3860200877847824,2.958009686320839e-09,2.3224535940912978e-10
3.007656562517088,94.12347303633962,2.45e-07,0.6,40.24314027669556,0.2199999999999994,0.4015580056380642,2.962462208075321e-09,2.36482679055149e-10
2.835460434762577,100.3656980817923,2.45e-07,0.6,45.16534703236875,0.1979999999999994,0.4170240217315215,2.966308939249883e-09,2.412640137201434e-10
2.676183889358296,106.6328669296486,2.45e-07,0.6,50.65924203687153,0.1759999999999994,0.4324252429915686,2.96966589929815e-09,2.466685169150774e-10
2.528160639288496,112.9094817596499,2.45e-07,0.6,56.76052986388103,0.1539999999999994,0.4477679290253408,2.972632496308134e-09,2.5278605039742016e-10
2.390075997286893,119.1802393938758,2.45e-07,0.6,63.49121577083442,0.1319999999999994,0.4630576408640597,2.975295548841397e-09,2.597185931669106e-10
2.260902450401912,125.4302895133276,2.45e-07,0.6,70.85607138571082,0.1099999999999994,0.4782993635448877,2.977732463898989e-09,2.6758171506483386e-10
2.139841859231141,131.6455167877117,2.45e-07,0.6,78.8406415829751,0.0879999999999993,0.4934976055123019,2.980013751337812e-09,2.7650607493890666e-10
2.026272028710431,137.8128152187869,2.45e-07,0.6,87.41132541738435,0.0659999999999993,0.5086564784052406,2.982205009367984e-09,2.8663888147538315e-10
15.31348450836005,5.127157949427451e-06,2.45e-07,0.7,1.830659621459948e-06,1.1,0.0460487932089048,8.961292264418345e-10,1.7915536750383028e-10
22.57422946846048,7.493772524578584e-06,2.45e-07,0.7,3.945517809731257e-06,1.078,0.0460488481602915,8.88384827304295e-10,1.7981912870572948e-10
23.57827699721878,1.405188491685622,2.45e-07,0.7,0.9122779707491654,0.6819999999999997,0.067825532939281,1.963320647072293e-09,1.9888081361437009e-10
21.60541630246038,2.310931906814865,2.45e-07,0.7,1.393707972678569,0.6599999999999997,0.0779926601128043,2.118797094564588e-09,2.0027182249562858e-10
19.422699178542,3.629787424143365,2.45e-07,0.7,2.02935783923788,0.6379999999999997,0.0904568204038786,2.259048305906078e-09,2.0170773529604948e-10
17.18335676334443,5.428907154789861,2.45e-07,0.7,2.825695787305731,0.6159999999999997,0.1048458086731279,2.381831124311019e-09,2.03205181835485e-10
15.04297027957901,7.735865309267685,2.45e-07,0.7,3.782444514869751,0.5939999999999996,0.1206610207104013,2.486821288992555e-09,2.047858341224106e-10
13.10827860084258,10.53842147789336,2.45e-07,0.7,4.897924681082053,0.5719999999999996,0.1374020611236787,2.575021648081419e-09,2.0647620318482387e-10
11.4269317249208,13.79589446550494,2.45e-07,0.7,6.173858009125138,0.5499999999999996,0.1546492840096215,2.648188629611113e-09,2.0830745205604317e-10
10.00163172470532,17.45396095201874,2.45e-07,0.7,7.618393565526971,0.5279999999999996,0.1720946037882059,2.708384144718433e-09,2.1031536143166168e-10
8.80949672498568,21.45650705111927,2.45e-07,0.7,9.247602949571876,0.5059999999999996,0.1895358410039477,2.7576772371360282e-09,2.125405322259691e-10
7.817216780881194,25.75239810413434,2.45e-07,0.7,11.08618193807102,0.4839999999999995,0.2068544408072173,2.797974381668898e-09,2.1502886149776368e-10
6.990205783280635,30.29793439920333,2.45e-07,0.7,13.16792114762231,0.4619999999999995,0.2239904419202298,2.830942360659752e-09,2.1783229691747688e-10
6.29707730925989,35.05667022481583,2.45e-07,0.7,15.53616257006655,0.4399999999999995,0.2409213270956189,2.85798956007988e-09,2.2100986090214638e-10
5.711254592396451,39.99804154146818,2.45e-07,0.7,18.24416068382156,0.4179999999999995,0.2576465472535563,2.880279719538732e-09,2.24628933743445e-10
5.211092202316453,45.09570637930136,2.45e-07,0.7,21.35503919973482,0.3959999999999995,0.2741772026452297,2.898760850016253e-09,2.2876678928028178e-10
4.779353299361286,50.32604829276762,2.45e-07,0.7,24.94085999403671,0.3739999999999994,0.2905296387735726,2.914198945067834e-09,2.3351238178205677e-10
4.402492976600461,55.66701529586241,2.45e-07,0.7,29.08022155281965,0.3519999999999994,0.3067217297237595,2.9272108770975672e-09,2.389683850866374e-10
4.06995830122177,61.09732922523197,2.45e-07,0.7,33.85386069513068,0.3299999999999994,0.3227708846606702,2.93829385152995e-09,2.4525348211689725e-10
3.773584298854421,66.59604506611264,2.45e-07,0.7,39.33805322828108,0.3079999999999994,0.3386931001545189,2.947850509022955e-09,2.5250489253516907e-10
3.507099183465979,72.14242008503446,2.45e-07,0.7,45.59625133717065,0.2859999999999994,0.3545026141494453,2.956209670278102e-09,2.6088110623983945e-10
3.26572328165765,77.71604055762376,2.45e-07,0.7,52.67023721310947,0.2639999999999993,0.3702118844235535,2.963643135411778e-09,2.70564758043016e-10
3.045838416153958,83.29713813768677,2.45e-07,0.7,60.57275600262516,0.2419999999999994,0.3858317258129079,2.9703790933563942e-09,2.817655312160981e-10
2.844708849659418,88.86701072609532,2.45e-07,0.7,69.28365339419086,0.2199999999999994,0.4013715113460298,2.976612696579278e-09,2.9472291169146527e-10
2.660244333958232,94.40845409635598,2.45e-07,0.7,78.7507452379017,0.1979999999999994,0.4168393858811097,2.982514288009436e-09,3.097085284716637e-10
2.490804223018471,99.90611969340029,2.45e-07,0.7,88.8952514002101,0.1759999999999994,0.4322424665804329,2.988235672306391e-09,3.270277094805541e-10
2.33504496300494,105.3467416567416,2.45e-07,0.7,99.62030251300156,0.1539999999999994,0.4475870192530079,2.993914725097094e-09,3.470197605387497e-10
2.191811223297973,110.7192132367846,2.45e-07,0.7,110.8203948284404,0.1319999999999994,0.4628786075971517,2.9996785441160712e-09,3.7005635075427125e-10
2.06006623683448,116.0145264718475,2.45e-07,0.7,122.3898846634509,0.1099999999999994,0.4781222164333523,3.005645273523533e-09,3.9653728362632846e-10
18.93255228253872,3.807588337059152e-06,2.45e-07,0.8,1.859315745994073e-06,1.1,0.0460489509171389,8.994595970102619e-10,1.8248258270580538e-10
23.78273000054876,1.311498479326413,2.45e-07,0.8,0.969133209708596,0.6819999999999997,0.0677142841117922,1.965652998144047e-09,2.0440771522800267e-10
21.8070903585756,2.166599268484528,2.45e-07,0.8,1.507819035887577,0.6599999999999997,0.0778510533856656,2.121282001749038e-09,2.06309290728311e-10
19.60223866267953,3.417489975069284,2.45e-07,0.8,2.245012655493283,0.6379999999999997,0.0902880718393291,2.261804034497997e-09,2.0850217254863107e-10
17.32871138219194,5.129767976215637,2.45e-07,0.8,3.209710858053001,0.6159999999999997,0.1046556061857323,2.384964124730333e-09,2.1105638370378427e-10
15.14930160358819,7.329913999936432,2.45e-07,0.8,4.430584709279309,0.5939999999999996,0.1204558712211303,2.490431591808402e-09,2.1405273405307838e-10
13.17539405997153,10.00446554996613,2.45e-07,0.8,5.94309693703123,0.5719999999999996,0.1371879168930477,2.579210114978318e-09,2.175852654081829e-10
11.45665267598589,13.11081748948133,2.45e-07,0.8,7.796839828242245,0.5499999999999996,0.1544308243762532,2.653064235768037e-09,2.2176427142110088e-10
9.996050730189769,16.59160514574681,2.45e-07,0.8,10.06124288614425,0.5279999999999996,0.1718751018455705,2.71407055007601e-09,2.2671990586144177e-10
8.770126716495747,20.38630161908277,2.45e-07,0.8,12.82881534869546,0.5059999999999996,0.1893173647978592,2.76431863257813e-09,2.326064061763843e-10
7.744760990133482,24.43786285707954,2.45e-07,0.8,16.21503324223008,0.4839999999999995,0.2066381666818171,2.805740923337365e-09,2.396069570140375e-10
6.884710852367726,28.69519236180697,2.45e-07,0.8,20.35335250090167,0.4619999999999995,0.223776952069854,2.840035562096893e-09,2.479391926542621e-10
6.15831648405369,33.1131554711932,2.45e-07,0.8,25.38370861333126,0.4399999999999995,0.2407108420477186,2.868647933773689e-09,2.5786127882432467e-10
5.539232146855178,37.65166038167705,2.45e-07,0.8,31.43422836116797,0.4179999999999995,0.2574390879297993,2.892784828817622e-09,2.6967841138740625e-10
5.006559722306455,42.27474838758292,2.45e-07,0.8,38.59893392142016,0.3959999999999995,0.2739726942576532,2.9134437803842503e-09,2.837494075373564e-10
4.544215792217986,46.95009377731028,2.45e-07,0.8,46.91760540621616,0.3739999999999994,0.2903279724008951,2.931447031697531e-09,3.0049282946949005e-10
4.139997193703209,51.64892585297216,2.45e-07,0.8,56.36502736593977,0.3519999999999994,0.3065227953927654,2.947474320214924e-09,3.2039176049523955e-10
3.78461333810324,56.34617680680325,2.45e-07,0.8,66.85382338686775,0.3299999999999994,0.3225745863814251,2.962091601323082e-09,3.43995952733256e-10
3.47084439533799,61.02061938466895,2.45e-07,0.8,78.24941244392538,0.3079999999999994,0.338499360271058,2.975774503292968e-09,3.7191961675540716e-10
3.192901051510524,65.65483668868329,2.45e-07,0.8,90.39107908005228,0.2859999999999994,0.3543113719686366,2.988926177354892e-09,4.0483270953817024e-10
2.945990646816537,70.23498330281541,2.45e-07,0.8,103.112346787418,0.2639999999999993,0.3700230923255452,3.001889637960874e-09,4.4344335002759485e-10
2.726048669002861,74.75038485623563,2.45e-07,0.8,116.256216527973,0.2419999999999994,0.3856453447869935,3.014954930925194e-09,4.884691796376378e-10
2.529580114116824,79.19305742241212,2.45e-07,0.8,129.6840247596244,0.2199999999999994,0.4011875070128983,3.028361691497894e-09,5.405963618972695e-10
2.353563185291406,83.55722061932187,2.45e-07,0.8,143.2788848253373,0.1979999999999994,0.4166577254648419,3.042297958425231e-09,6.004267088862107e-10
2.195383923720281,87.83885275311698,2.45e-07,0.8,156.9454974861805,0.1759999999999994,0.4320631169140009,3.056896512451935e-09,6.684161512674779e-10
2.052784858373006,92.03531069631296,2.45e-07,0.8,170.6080020437843,0.1539999999999994,0.447409945687798,3.072230435702973e-09,7.448110539160445e-10
23.62966053503965,2.767951462897911e-06,2.45e-07,0.9,2.010719792382102e-06,1.1,0.0460491103913678,9.036634304052971e-10,1.8668584118051108e-10
23.95155944687069,1.207848248576388,2.45e-07,0.9,1.1458434380552,0.6819999999999997,0.0676022200864722,1.969382736546962e-09,2.1598159362913788e-10
21.95381128876411,2.002412991688577,2.45e-07,0.9,1.860303634914474,0.6599999999999997,0.0777082915734669,2.126129128989379e-09,2.2132349704656659e-10
19.70088921539047,3.16718750021448,2.45e-07,0.9,2.929241657992502,0.6379999999999997,0.0901178324189333,2.268102354099718e-09,2.2811792699230588e-10
17.35962379873284,4.76098712006871,2.45e-07,0.9,4.493678669292739,0.6159999999999997,0.1044636346996208,2.393072528960142e-09,2.3673549225237437e-10
15.09921880690543,6.801677157656403,2.45e-07,0.9,6.749960159172011,0.5939999999999996,0.1202487715509698,2.500753299987973e-09,2.4763251246038087e-10
13.03579718440456,9.264268682515905,2.45e-07,0.9,9.96103358339963,0.5719999999999996,0.1369717581566496,2.592215348967049e-09,2.6136976359825615e-10
11.22296035057595,12.09112577681123,2.45e-07,0.9,14.44173071420288,0.5499999999999996,0.1542104083497606,2.669313858602901e-09,2.7863232664851256e-10
9.668379050272865,15.20695466199255,2.45e-07,0.9,20.50196699202194,0.5279999999999996,0.1716538228749609,2.734239026417355e-09,3.00248465194133e-10
8.354626107019238,18.53255629838956,2.45e-07,0.9,28.35768910925696,0.5059999999999996,0.1890974084518066,2.789214819581295e-09,3.27203866824696e-10
7.254009122902717,21.99475199763905,2.45e-07,0.9,38.05447351932616,0.4839999999999995,0.2064208205789899,2.836324566626232e-09,3.606454483273599e-10
6.33638876520525,25.53207394165438,2.45e-07,0.9,49.45226389532333,0.4619999999999995,0.2235628989386325,2.877426126631003e-09,4.0186650511269604e-10
5.572636868089321,29.09672176538111,2.45e-07,0.9,62.27683462315599,0.4399999999999995,0.2405003862318782,2.914120889082818e-09,4.5226304006226974e-10
4.936195933478122,32.65379965535869,2.45e-07,0.9,76.19927809331315,0.4179999999999995,0.2572323116775132,2.9477492841914304e-09,5.132511031996811e-10
4.403855570254498,36.17909260033113,2.45e-07,0.9,90.90170217310974,0.3959999999999995,0.2737695576502129,2.979395234745678e-09,5.861389942357274e-10
3.956029412793256,39.65646512486101,2.45e-07,0.9,106.1126151187962,0.3739999999999994,0.2901283736820441,3.009890919100504e-09,6.71958117227697e-10
3.576634936914394,43.07553148430861,2.45e-07,0.9,121.6168528410132,0.3519999999999994,0.3063266056877571,3.039820687927516e-09,7.712720713785821e-10
3.252715031929437,46.42983962726888,2.45e-07,0.9,137.2513488115464,0.3299999999999994,0.3223816687996398,3.0695284023608803e-09,8.840011134266133e-10
2.973948377060766,49.71556744266666,2.45e-07,0.9,152.8956645900602,0.3079999999999994,0.3383095798928155,3.099134855329457e-09,1.009309864483154e-09
2.732155414321971,52.93063231765024,2.45e-07,0.9,168.4621020870441,0.2859999999999994,0.3541246006749587,3.128570477890477e-09,1.145600573278055e-09
2.52085706333453,56.07410044884295,2.45e-07,0.9,183.8873031124409,0.2639999999999993,0.3698392107761386,3.157623667859643e-09,1.290629085922374e-09
2.334906729077192,59.14580078861515,2.45e-07,0.9,199.1257384982725,0.2419999999999994,0.3854642428582754,3.185999069174191e-09,1.441724120886822e-09
2.17019558222674,62.14607382024523,2.45e-07,0.9,214.1448861917493,0.2199999999999994,0.4010090834398167,3.2133760891046242e-09,1.596059354221694e-09
2.023422020560421,65.07560739198604,2.45e-07,0.9,228.921736832621,0.1979999999999994,0.4164818871100635,3.239457866999096e-09,1.750916882848834e-09
23.71432087365178,1.045895054684205,2.45e-07,1.0,2.75939676408175,0.6819999999999997,0.0674893810240401,1.990652456844355e-09,2.977142099489768e-10
21.50040421864255,1.721038473117124,2.45e-07,1.0,5.07108670706171,0.6599999999999997,0.0775644605195044,2.155157386560995e-09,3.364151049690961e-10
18.96790615227916,2.687084821272193,2.45e-07,1.0,9.087948069677235,0.6379999999999997,0.0899462881582053,2.307195233882108e-09,3.8866866349663425e-10
16.32659912740027,3.961518662175609,2.45e-07,1.0,15.56742410700263,0.6159999999999997,0.1042702768496927,2.4449704054257e-09,4.58158632103324e-10
13.80649817297168,5.515886250116626,2.45e-07,1.0,25.0318546880491,0.5939999999999996,0.1200404396927595,2.568583875970242e-09,5.487616503104444e-10
11.57322468159833,7.287276786739073,2.45e-07,1.0,37.47845995746285,0.5719999999999996,0.1367547954789186,2.679330233304498e-09,6.639424878375519e-10
9.696765175607643,9.201555303751135,2.45e-07,1.0,52.40845690127524,0.5499999999999996,0.1539898720457366,2.778979699658215e-09,8.05877153555485e-10
8.170649087684433,11.19253440523,2.45e-07,1.0,69.10532083298516,0.5279999999999996,0.1714332964129812,2.869201834430291e-09,9.745125163111955e-10
6.948837443144828,13.21029942870608,2.45e-07,1.0,86.8908870514181,0.5059999999999996,0.1888791771600336,2.951223706734161e-09,1.166956175437765e-09
5.974427520385278,15.2212637461668,2.45e-07,1.0,105.2390451937461,0.4839999999999995,0.2062061845497301,3.0257494572455422e-09,1.377585331339873e-09
5.194436607470742,17.20470399684724,2.45e-07,1.0,123.7843378941451,0.4619999999999995,0.2233524845610893,3.093089386055893e-09,1.598961564646492e-09
4.564939659386073,19.14882393201443,2.45e-07,1.0,142.2890665558913,0.4399999999999995,0.2402943971579434,3.153383582573131e-09,1.823211199025607e-09
4.051486043615598,21.04755121131017,2.45e-07,1.0,160.6051323751676,0.4179999999999995,0.2570307079679027,3.2068003756645203e-09,2.043317860782643e-09
3.627768688277974,22.89827818380046,2.45e-07,1.0,178.6432807065004,0.3959999999999995,0.2735721732534293,3.253643347517756e-09,2.2539197885627502e-09
3.273926110242916,24.70039182215746,2.45e-07,1.0,196.3514995965584,0.3739999999999994,0.2899349882682483,3.294366303337563e-09,2.451528777684306e-09
2.975001286462451,26.45436725908402,2.45e-07,1.0,213.7008467987662,0.3519999999999994,0.3061369856482704,3.329532287609442e-09,2.63433078016935e-09
2.719699381038133,28.16123200640796,2.45e-07,1.0,230.6764974508718,0.3299999999999994,0.3221955887550391,3.359755252014369e-09,2.8017934905682732e-09
2.499439186043133,29.82226162101662,2.45e-07,1.0,247.2722164232155,0.3079999999999994,0.3381268325514498,3.385648589635906e-09,2.954252422022571e-09
2.307647920950156,31.43881442586419,2.45e-07,1.0,263.486992631845,0.2859999999999994,0.3539450001115702,3.4077896807041603e-09,3.092563831284421e-09
2.139243588776876,33.01224700983886,2.45e-07,1.0,279.3230063489196,0.2639999999999993,0.3696625922466405,3.426700334140287e-09,3.2178500198833623e-09
5.559943670983752,1.988799154088163e-05,3.45e-07,0.1,1.723446592174439e-06,1.1,0.0450329767150198,1.092094259936815e-09,1.6917914285195238e-10
10.47155155713637,2.284742862804789e-05,3.45e-07,0.1,3.730234098503726e-06,1.078,0.045033060015252,1.080453588040069e-09,1.693903789411585e-10
17.1917808033279,3.009279698777967e-05,3.45e-07,0.1,8.070361316974787e-06,1.056,0.0450332401915677,1.069550645071859e-09,1.696083562085636e-10
23.94796870387909,4.655633663479458e-05,3.45e-07,0.1,1.744093809156088e-05,1.034,0.0450336292683739,1.058272518052717e-09,1.6983345032511609e-10
23.91820766692701,1.072553785104553,3.45e-07,0.1,0.4589564853902077,0.7039999999999997,0.0644779832080872,2.59425341733263e-09,1.7458076251093258e-10
21.99619827694318,1.778037458066159,3.45e-07,0.1,0.6932033664293732,0.6819999999999997,0.0743404222766572,2.808931761699092e-09,1.750475390549123e-10
19.8693797970576,2.818738952590684,3.45e-07,0.1,0.9904162897471116,0.6599999999999997,0.0867889689063188,3.001491088801121e-09,1.7554196403744847e-10
17.65274660953218,4.258933058681706,3.45e-07,0.1,1.343346138104103,0.6379999999999997,0.101500906579884,3.169175782720467e-09,1.7606554062620501e-10
15.49417712991779,6.1309660012372,3.45e-07,0.1,1.739848860909541,0.6159999999999997,0.1179540535216218,3.311868641541945e-09,1.766198446836464e-10
13.51421868863283,8.431585733359567,3.45e-07,0.1,2.166895914933884,0.5939999999999996,0.1355771478764414,3.431219631342256e-09,1.7720656924264778e-10
11.77886481526726,11.13037194734712,3.45e-07,0.1,2.613657240389312,0.5719999999999996,0.1538677091417194,3.529836972127892e-09,1.7782755593920158e-10
10.30411462628491,14.18331775984925,3.45e-07,0.1,3.072746067228884,0.5499999999999996,0.1724477690140093,3.610674977298281e-09,1.784848124515943e-10
9.073638529118082,17.54463879737692,3.45e-07,0.1,3.540025242291743,0.5279999999999996,0.1910677917900848,3.676638815025416e-09,1.791805161249245e-10
8.055770214470726,21.17381507204907,3.45e-07,0.1,4.013785447946696,0.5059999999999996,0.2095832639621384,3.730368212563196e-09,1.7991700370960208e-10
7.214950462637049,25.03821920604649,3.45e-07,0.1,4.493879369994557,0.4839999999999995,0.2279240585999102,3.7741460448713344e-09,1.8069674602461258e-10
6.517835823860175,29.11297099041981,3.45e-07,0.1,4.981056759964482,0.4619999999999995,0.2460672816278649,3.809883438342753e-09,1.815223047789793e-10
5.935802463465681,33.37954711120526,3.45e-07,0.1,5.476532406735481,0.4399999999999995,0.2640171005005228,3.839145856479853e-09,1.8239626702851858e-10
5.44544921478191,37.82411402848732,3.45e-07,0.1,5.981736895407638,0.4179999999999995,0.2817913258054001,3.863197147302277e-09,1.833211510257713e-10
5.028168882140386,42.43604888093281,3.45e-07,0.1,6.498188496390034,0.3959999999999995,0.2994132111227279,3.883048101674514e-09,1.8429927580179007e-10
4.669388573932185,47.20679944435718,3.45e-07,0.1,7.027437720994892,0.3739999999999994,0.3169068334853745,3.899502487764191e-09,1.8533258614018488e-10
4.357774473824133,52.1290792879443,3.45e-07,0.1,7.571052490242714,0.3519999999999994,0.3342947434219531,3.913197447092674e-09,1.8642242541595528e-10
4.084524686028137,57.19633601981573,3.45e-07,0.1,8.130624662195531,0.3299999999999994,0.351596963913517,3.924637345343683e-09,1.8756925222814708e-10
3.842787009658389,62.40242038570359,3.45e-07,0.1,8.707787114108738,0.3079999999999994,0.3688307405596625,3.934221306514095e-09,1.8877230439447987e-10
3.627199309599702,67.74139336095476,3.45e-07,0.1,9.304235698685105,0.2859999999999994,0.3860106762935394,3.942265170489235e-09,1.90029227323875e-10
3.433535354650687,73.20742300013805,3.45e-07,0.1,9.921753341466218,0.2639999999999993,0.4031490365487477,3.949018788083212e-09,1.9133570395191168e-10
3.258435685991341,78.79473664537646,3.45e-07,0.1,10.56223518098384,0.2419999999999994,0.4202561063282447,3.954679573771741e-09,1.9268514902833238e-10
3.09920459810363,84.49760518866135,3.45e-07,0.1,11.2277145324215,0.2199999999999994,0.4373405380432166,3.959403166309896e-09,1.9406855611645002e-10
2.953657440066118,90.31034425343408,3.45e-07,0.1,11.92038991524228,0.1979999999999994,0.4544096621827642,3.9633119420382094e-09,1.95474600115443e-10
2.820005741509213,96.22732286267713,3.45e-07,0.1,12.64265361976398,0.1759999999999994,0.4714697512325773,3.9665019953193134e-09,1.9689008602227648e-10
2.69677057508534,102.2429739846821,3.45e-07,0.1,13.39712240596229,0.1539999999999994,0.4885262368101597,3.969049043132794e-09,1.9830078262907548e-10
2.58271693262736,108.3518038249785,3.45e-07,0.1,14.18667098895072,0.1319999999999994,0.5055838844651465,3.971013529976918e-09,1.996925878465227e-10
2.476803733717039,114.5483982822985,3.45e-07,0.1,15.01446899978562,0.1099999999999994,0.5226469322656815,3.9724450280621225e-09,2.01052863652472e-10
2.378145482603944,120.8274259093376,3.45e-07,0.1,15.88402213044513,0.0879999999999993,0.5397191994887496,3.973385888988892e-09,2.02371697704427e-10
2.285982632249639,127.183637264311,3.45e-07,0.1,16.79921818004978,0.0659999999999993,0.5568041712206622,3.97387404897689e-09,2.036428400124522e-10
2.199658485928053,133.6118608185995,3.45e-07,0.1,17.76437870944639,0.0439999999999993,0.5739050638794246,3.973944932885434e-09,2.0486414166298649e-10
2.118601035653527,140.1069956288876,3.45e-07,0.1,18.78431696942501,0.0219999999999993,0.5910248758192721,3.9736325109503e-09,2.060374586672654e-10
2.042308551126475,146.6640011094198,3.45e-07,0.1,19.86440267215228,0.0,0.6081664263830777,3.972969676019011e-09,2.07168118962768e-10
6.351594876010595,1.6463970542315e-05,3.45e-07,0.2,1.697140929824696e-06,1.1,0.0450330649014006,1.093115621397838e-09,1.701954312329208e-10
11.71349710278239,1.931612975694152e-05,3.45e-07,0.2,3.673318214687877e-06,1.078,0.0450331475114811,1.081507395121191e-09,1.704401688543479e-10
18.65901285855993,2.62214345189233e-05,3.45e-07,0.2,7.947288254851888e-06,1.056,0.0450333261961641,1.070636278516114e-09,1.7069348663929878e-10
24.08774642328169,1.026692339319238,3.45e-07,0.2,0.4583833694421454,0.7039999999999997,0.0643816965340534,2.5937757882511662e-09,1.76707946117832e-10
22.17597296424933,1.708616802968606,3.45e-07,0.2,0.695480971576922,0.6819999999999997,0.0742138567328815,2.8087859923191802e-09,1.7729586431039988e-10
20.04335564873696,2.719319830351129,3.45e-07,0.2,0.9985241583444476,0.6599999999999997,0.0866340040742797,3.0017359596803503e-09,1.7792215592057618e-10
17.8096241059782,4.123761425174022,3.45e-07,0.2,1.361104402383464,0.6379999999999997,0.1013225185397765,3.169836327269242e-09,1.7858901899343077e-10
15.62891057292255,5.95547990339584,3.45e-07,0.2,1.771558304527914,0.6159999999999997,0.1177586934266746,3.312945147929791e-09,1.792987087566225e-10
13.626534544727,8.21252000786599,3.45e-07,0.2,2.21699648381714,0.5939999999999996,0.1353711057661883,3.432697408431248e-09,1.8005356996207718e-10
11.87105675963932,10.8655484092007,3.45e-07,0.2,2.686515199275076,0.5719999999999996,0.1536560955069582,3.531694460107427e-09,1.8085604210047358e-10
10.37937488879633,13.87130421910488,3.45e-07,0.2,3.172582949720978,0.5499999999999996,0.1722341957905618,3.612889362275992e-09,1.817086326988262e-10
9.135132838158585,17.18442271327122,3.45e-07,0.2,3.670947958553847,0.5279999999999996,0.1908545138981294,3.679189285413927e-09,1.8261385483017748e-10
8.106247094440986,20.76455692532976,3.45e-07,0.2,4.179869072151018,0.5059999999999996,0.209371507894321,3.733237389371636e-09,1.83574124349627e-10
7.256644148690277,24.57909161516975,3.45e-07,0.2,4.699267824777018,0.4839999999999995,0.2277143608547249,3.777320150993722e-09,1.845916112513877e-10
6.552500959741245,28.60306434992351,3.45e-07,0.2,5.230062922484489,0.4619999999999995,0.2458597605017734,3.813351651045954e-09,1.8566803907181068e-10
5.964793436723752,32.81781879134011,3.45e-07,0.2,5.773730802097137,0.4399999999999995,0.2638116466975745,3.842899138504589e-09,1.868044277610347e-10
5.46980404384,37.2093628850912,3.45e-07,0.2,6.332048615145741,0.4179999999999995,0.2815877241705909,3.867226732529217e-09,1.8800078046230577e-10
5.048682359567417,41.76690285152413,3.45e-07,0.2,6.906960893530497,0.3959999999999995,0.2992112124526536,3.887343739609908e-09,1.8925572487519988e-10
4.686670892261871,46.48170880558573,3.45e-07,0.2,7.500522392903923,0.3739999999999994,0.3167061934068289,3.904050529209516e-09,1.9056613670905228e-10
4.372296233168409,51.34631135038183,3.45e-07,0.2,8.114885132574505,0.3519999999999994,0.33409524099201,3.917978877681967e-09,1.9192679607297828e-10
4.096650658399478,56.35396897228083,3.45e-07,0.2,8.752310149377804,0.3299999999999994,0.3513984084799476,3.929625936556689e-09,1.933301541592127e-10
3.852801165810001,61.49833509418565,3.45e-07,0.2,9.41519291563119,0.3079999999999994,0.3686329722831764,3.939382139716183e-09,1.9476630877946868e-10
3.635323266409611,66.77326250378755,3.45e-07,0.2,10.1060965910505,0.2859999999999994,0.3858135635796969,3.9475538694214944e-09,1.9622328930982968e-10
3.43994194763806,72.1726971971049,3.45e-07,0.2,10.82779035725643,0.2639999999999993,0.4029524722499668,3.954381825084697e-09,1.976877189008758e-10
3.263258954906505,77.69062734509681,3.45e-07,0.2,11.5832918481953,0.2419999999999994,0.4200600037219618,3.960055945564017e-09,1.9914584673097002e-10
3.10254713516503,83.32106409201724,3.45e-07,0.2,12.3759136845971,0.2199999999999994,0.4371448270859152,3.964727535147101e-09,2.005848375271729e-10
2.955595791519889,89.05803901210004,3.45e-07,0.2,13.20931467619637,0.1979999999999994,0.4542142862510323,3.968519023878641e-09,2.0199410579162767e-10
2.820594361551886,94.89560871843888,3.45e-07,0.2,14.08755656185574,0.1759999999999994,0.4712746644056184,3.971531628633006e-09,2.033664362724207e-10
2.696044690306212,100.8278609805545,3.45e-07,0.2,15.01516731664631,0.1539999999999994,0.4883314016697045,3.9738511155487764e-09,2.0469867200292487e-10
2.580694577002963,106.8489190772831,3.45e-07,0.2,15.99721211191604,0.1319999999999994,0.5053892703532658,3.975551891464568e-09,2.059918673270534e-10
2.473487142162473,112.952942730868,3.45e-07,0.2,17.03937297723555,0.1099999999999994,0.5224525139305228,3.9766997224939914e-09,2.0725094648793947e-10
2.373521980947424,119.1341248957453,3.45e-07,0.2,18.14803805947816,0.0879999999999993,0.5395249560501975,3.9773534306591524e-09,2.0848401914009168e-10
2.280025128396277,125.3866841922158,3.45e-07,0.2,19.33040105386698,0.0659999999999993,0.5566100853950781,3.977565917127722e-09,2.0970154740066078e-10
2.192325646114313,131.7048530717053,3.45e-07,0.2,20.59457081390834,0.0439999999999993,0.5737111214118243,3.977384803264463e-09,2.1091553726667459e-10
2.109837217939142,138.0828619504326,3.45e-07,0.2,21.94969021603978,0.0219999999999993,0.5908310650813176,3.976852894336284e-09,2.1213886835778017e-10
2.03204356790673,144.5149196302137,3.45e-07,0.2,23.40606190572984,0.0,0.6079727381032998,3.976008585170341e-09,2.13384811593232e-10
7.33513021651229,1.345020241707829e-05,3.45e-07,0.3,1.672127957940241e-06,1.1,0.0450331541509668,1.094304893956909e-09,1.7137955301153659e-10
13.18292480478985,1.619259606973856e-05,3.45e-07,0.3,3.619200157106558e-06,1.078,0.0450332360686471,1.082738617303359e-09,1.7166728100049958e-10
20.28236349719241,2.275891286525851e-05,3.45e-07,0.3,7.830268058139636e-06,1.056,0.0450334132568231,1.071909560358168e-09,1.719661613587227e-10
24.26350300904984,0.9808517727892352,3.45e-07,0.3,0.4585834566338762,0.7039999999999997,0.0642846291985974,2.593831073716984e-09,1.793982956664936e-10
22.36213921863584,1.638895017319624,3.45e-07,0.3,0.6993084437426719,0.6819999999999997,0.0740861579304213,2.809219949770355e-09,1.8015612629867029e-10
20.22318368859917,2.618951159937886,3.45e-07,0.3,1.009559307379911,0.6599999999999997,0.0864775331034527,3.002610964753809e-09,1.8096733932879048e-10
17.97137726422978,3.986570128240872,3.45e-07,0.3,1.384009089786735,0.6379999999999997,0.1011422821876342,3.171180166438741e-09,1.8183467376621578e-10
15.76741034133397,5.776424315530388,3.45e-07,0.3,1.811691641869334,0.6159999999999997,0.1175612114611971,3.314759888661752e-09,1.8276068213145308e-10
13.74157342833002,7.987833582110031,3.45e-07,0.3,2.280029021129735,0.5939999999999996,0.135162751187745,3.4349689900161305e-09,1.837476716451384e-10
11.96507881958007,10.59255310211496,3.45e-07,0.3,2.778176849365056,0.5719999999999996,0.1534420556400643,3.534400515837699e-09,1.8479758277217518e-10
10.45573451188166,13.54807758370998,3.45e-07,0.3,3.298572258131458,0.5499999999999996,0.1720181424602782,3.616004388413465e-09,1.8591179780709057e-10
9.197136771626113,16.80946846693029,3.45e-07,0.3,3.836964826502615,0.5279999999999996,0.1906387429255196,3.682687277909308e-09,1.8709087900677458e-10
8.156754387775958,20.33654911501916,3.45e-07,0.3,4.391718706450274,0.5059999999999996,0.2091572705659082,3.7370924912035905e-09,1.8833424481451237e-10
7.297970418189025,24.09670214005713,3.45e-07,0.3,4.962995898413926,0.4839999999999995,0.2275022067922307,3.781505921239537e-09,1.8963980647065678e-10
6.586458004454245,28.06485666364311,3.45e-07,0.3,5.552099412275727,0.4619999999999995,0.2456498135766229,3.817839496637589e-09,1.910036072648168e-10
5.992773841414315,32.22218561215436,3.45e-07,0.3,6.161033523733583,0.4399999999999995,0.2636037987811303,3.847656370522252e-09,1.9241953171911248e-10
5.492869520407651,36.55448972574874,3.45e-07,0.3,6.792245650290973,0.4179999999999995,0.2813817589979092,3.872214671747204e-09,1.9387917638746248e-10
5.067640284433367,41.05074485982168,3.45e-07,0.3,7.448495257107753,0.3959999999999995,0.2990068787622227,3.892516297458917e-09,1.9537198619910117e-10
4.702135363572345,45.70197307254053,3.45e-07,0.3,8.13280409093123,0.3739999999999994,0.3165032445894185,3.909353692263434e-09,1.9688574477217828e-10
4.38473473632931,50.50044001124087,3.45e-07,0.3,8.8484564261167,0.3519999999999994,0.333893454102349,3.923351470496423e-09,1.9840745113478368e-10
4.106418898243901,55.43912036509879,3.45e-07,0.3,9.599030085711249,0.3299999999999994,0.3511975912932007,3.935001878905302e-09,1.9992452045955709e-10
3.860168719132905,60.51136134025624,3.45e-07,0.3,10.38844738106242,0.3079999999999994,0.3684329638920322,3.94469413569528e-09,2.014261381939459e-10
3.640492323077762,65.71068243930554,3.45e-07,0.3,11.22104044013339,0.2859999999999994,0.3856142318386681,3.952738114655965e-09,2.0290452082164589e-10
3.443060921835539,71.03066386156165,3.45e-07,0.3,12.1016286237511,0.2639999999999993,0.4027537099625019,3.959383001663995e-09,2.043558355273234e-10
3.264432307872372,76.46488931318069,3.45e-07,0.3,13.03560761976114,0.2419999999999994,0.4198617245967038,3.964831619610923e-09,2.0578061645123067e-10
3.101842398308291,82.00691985888962,3.45e-07,0.3,14.02905085119557,0.2199999999999994,0.4369469619724886,3.969251161750162e-09,2.0718365368229748e-10
2.95304850742059,87.65028359787833,3.45e-07,0.3,15.08882431229514,0.1979999999999994,0.4540167798723482,3.972781085847413e-09,2.0857346315594758e-10
2.816211465014908,93.38847154696,3.45e-07,0.3,16.22271597078156,0.1759999999999994,0.4710774726441908,3.975538879054105e-09,2.0996152163562348e-10
2.689806715332989,99.2149339307594,3.45e-07,0.3,17.43958043940409,0.1539999999999994,0.488134489384372,3.977624303152608e-09,2.1136145646671479e-10
2.572556981286125,105.1230735746833,3.45e-07,0.3,18.74949861476722,0.1319999999999994,0.5051926096677978,3.979122594451742e-09,2.1278833373010537e-10
2.463380985772305,111.1062346998832,3.45e-07,0.3,20.16395020134345,0.1099999999999994,0.5222560829244048,3.980106954544179e-09,2.142581232515613e-10
2.361354170790567,117.1576864514332,3.45e-07,0.3,21.69599418690607,0.0879999999999993,0.5393287377832452,3.980640552164607e-09,2.1578736116791767e-10
2.26567844147251,123.2706011877303,3.45e-07,0.3,23.36044804172618,0.0659999999999993,0.5564140672047548,3.9807781726582205e-09,2.1739299284821748e-10
2.175658771592428,129.4380280949652,3.45e-07,0.3,25.17405028400573,0.0439999999999993,0.5735152944310234,3.980567598220836e-09,2.1909236134102429e-10
2.090685108899099,135.6528631951349,3.45e-07,0.3,27.15558278910423,0.0219999999999993,0.590635423932948,3.980050771453544e-09,2.20903303563458e-10
2.010218465025045,141.907817384995,3.45e-07,0.3,29.3259188417301,0.0,0.6077772807351135,3.979264778557269e-09,2.228443215601917e-10
8.577636219547628,1.082236450729299e-05,3.45e-07,0.4,1.648912891537098e-06,1.1,0.045033244468022,1.09571148260509e-09,1.727809104862056e-10
14.93046162700243,1.345273114733718e-05,3.45e-07,0.4,3.568973526622105e-06,1.078,0.0450333256911815,1.0842005569624791e-09,1.73125012088636e-10
22.0687886452923,1.968114874394354e-05,3.45e-07,0.4,7.72166709309773e-06,1.056,0.0450335013782535,1.073428059675086e-09,1.7348393820136488e-10
24.44559437446358,0.934941053934636,3.45e-07,0.4,0.4598531570231487,0.7039999999999997,0.064186789484631,2.594628863215119e-09,1.828669940137754e-10
22.55474305478356,1.568689799605179,3.45e-07,0.4,0.7052769660570815,0.6819999999999997,0.0739573336977978,2.8104534390601842e-09,1.8385797137089447e-10
20.40880594295715,2.517288145928827,3.45e-07,0.4,1.024650614333243,0.6599999999999997,0.0863195619585737,3.004342555252457e-09,1.849195507083239e-10
18.13782676948921,3.846750905877111,3.45e-07,0.4,1.414094885797771,0.6379999999999997,0.1009602007504963,3.173434937340601e-09,1.860532000241312e-10
15.90937063154085,5.592798699085232,3.45e-07,0.4,1.863696208098854,0.6159999999999997,0.1173616080514553,3.317533819309158e-09,1.8725921818430487e-10
13.85890514756517,7.755981364496483,3.45e-07,0.4,2.361502691275044,0.5939999999999996,0.1349520823749727,3.438237828706151e-09,1.8853648177101627e-10
12.06038142298233,10.30912459181679,3.45e-07,0.4,2.897006309289557,0.5719999999999996,0.1532255865222802,3.538126817537916e-09,1.8988215588992428e-10
10.53252920104253,13.21047051954045,3.45e-07,0.4,3.462877322851639,0.5499999999999996,0.1717996057236863,3.620141937023246e-09,1.912914216208611e-10
9.25887360808128,16.41549456537269,3.45e-07,0.4,4.055151134010704,0.5279999999999996,0.1904204761370063,3.6871832149187022e-09,1.927573035654198e-10
8.206401929444278,19.88416571798971,3.45e-07,0.4,4.672632242770954,0.5059999999999996,0.2089405504868138,3.7418879883846525e-09,1.942707025523525e-10
7.337921058292613,23.58382297115558,3.45e-07,0.4,5.316134648911004,0.4839999999999995,0.227287596714197,3.786536360285781e-09,1.95820737903746e-10
6.618572538415195,27.48922696153996,3.45e-07,0.4,5.987855962938167,0.4619999999999995,0.2454374434107933,3.823035023902291e-09,1.973954664371594e-10
6.018471433866177,31.58130044349038,3.45e-07,0.4,6.690958489044293,0.4399999999999995,0.2633935620005609,3.85294346172182e-09,1.989829657707274e-10
5.513220530358268,35.84553732878926,3.45e-07,0.4,7.429332566750805,0.4179999999999995,0.2811734386747079,3.877518998729991e-09,2.0057266184559788e-10
5.083446103814583,40.27056203476902,3.45e-07,0.4,8.207493930421535,0.3959999999999995,0.2988002220704313,3.897766773636923e-09,2.021566830247026e-10
4.713991674837176,44.84700403650555,3.45e-07,0.4,9.030572963685678,0.3739999999999994,0.316298003251845,3.914487167101701e-09,2.0373098356471877e-10
4.393079463695074,49.56669321907705,3.45e-07,0.4,9.904366669264858,0.3519999999999994,0.3336894038386578,3.928317265047228e-09,2.0529602654261319e-10
4.111567606219958,54.42211959554889,3.45e-07,0.4,10.83543561687451,0.3299999999999994,0.3509945390967455,3.939765307586886e-09,2.0685693699634139e-10
3.862340269720841,59.4060884050436,3.45e-07,0.4,11.83123623231801,0.3079999999999994,0.3682307487277661,3.9492383731947865e-09,2.0842317850094208e-10
3.639827182842496,64.51150939146746,3.45e-07,0.4,12.90028384470856,0.2859999999999994,0.3854127221295111,3.957064167931309e-09,2.10007912135806e-10
3.439634003581505,69.73127274795866,3.45e-07,0.4,14.05234456926956,0.2639999999999993,0.4025527997960878,3.963507989013143e-09,2.116272338428492e-10
3.25826178312282,75.05817754082987,3.45e-07,0.4,15.29865480824828,0.2419999999999994,0.4196613296997562,3.9687858905060794e-09,2.1329945999049888e-10
3.092895570252093,80.48488927844278,3.45e-07,0.4,16.65216599835039,0.2199999999999994,0.4367470159759382,3.973074924562275e-09,2.1504457065663528e-10
2.941245599211324,86.00391141364318,3.45e-07,0.4,18.12780898351382,0.1979999999999994,0.4538172310904361,3.976521148577681e-09,2.1688385672446487e-10
2.801428037720406,91.6075613944058,3.45e-07,0.4,19.74276653129618,0.1759999999999994,0.4708782814279631,3.97924592248632e-09,2.1883976943002518e-10
2.671875376159499,97.28794600742374,3.45e-07,0.4,21.51673335166555,0.1539999999999994,0.4879356260271267,3.981350888056051e-09,2.2093594474979401e-10
2.551269064542707,103.0369337603499,3.45e-07,0.4,23.4721298817486,0.1319999999999994,0.504994052802441,3.98292192373893e-09,2.2319736636083889e-10
2.438488973244604,108.8461243856715,3.45e-07,0.4,25.63421892173793,0.1099999999999994,0.5220578183392929,3.984032297721466e-09,2.2565063322558638e-10
2.332575743308697,114.7068175675514,3.45e-07,0.4,28.0310540405089,0.0879999999999993,0.539130757581446,3.984745190658886e-09,2.2832430520401057e-10
2.232703181061958,120.6099849020392,3.45e-07,0.4,30.69316893604221,0.0659999999999993,0.5562163692344776,3.985115721943008e-09,2.3124930852587347e-10
2.138158599447374,126.5462509467421,3.45e-07,0.4,33.65290456370077,0.0439999999999993,0.5733178819182522,3.985192584922154e-09,2.344593904081075e-10
2.048329454568853,132.5058908385916,3.45e-07,0.4,36.9432768158183,0.0219999999999993,0.590438305249229,3.985019374480486e-09,2.3799161781528557e-10
10.17530161027608,8.55785265241239e-06,3.45e-07,0.5,1.628375762419409e-06,1.1,0.0450333358566898,1.097405601469113e-09,1.74469720850855e-10
17.01381820493841,1.107405183325649e-05,3.45e-07,0.5,3.524543264240364e-06,1.078,0.0450334163833378,1.085969258664138e-09,1.748894079462731e-10
24.01546188302866,1.696547748586433e-05,3.45e-07,0.5,7.625607335183975e-06,1.056,0.0450335905649883,1.075274189436685e-09,1.7532922672181417e-10
24.63391919712524,0.8888306200345394,3.45e-07,0.5,0.4626923108663593,0.7039999999999997,0.0640881860686416,2.596377028898233e-09,1.8733958960912868e-10
22.75354099172789,1.497742015101803,3.45e-07,0.5,0.7143824594173441,0.6819999999999997,0.0738273923958553,2.812672148423768e-09,1.8861507800178049e-10
20.5998038628546,2.413838834714947,3.45e-07,0.5,1.045709855954411,0.6599999999999997,0.0861600972867031,3.007078446586419e-09,1.8996828463594817e-10
18.308361027306,3.703428645995351,3.45e-07,0.5,1.454846495010454,0.6379999999999997,0.1007762783171633,3.176690826761203e-09,1.9139442738784718e-10
16.05397767037933,5.40314655474804,3.45e-07,0.5,1.933571039917471,0.6159999999999997,0.1171598847303656,3.321276752232073e-09,1.9288635384538538e-10
13.97750903258035,7.514682142172015,3.45e-07,0.5,2.471191660768564,0.5939999999999996,0.1347390990196149,3.442408571555879e-09,1.9443487702317668e-10
12.15573327506123,10.01187107978563,3.45e-07,0.5,3.058167562556334,0.5719999999999996,0.1530066870859297,3.542648601885906e-09,1.9602944558756958e-10
10.60831110041314,12.85365172819267,3.45e-07,0.5,3.688068037595094,0.5499999999999996,0.1715785848968157,3.624927900238858e-09,1.97659172783235e-10
9.318668203689434,15.99585351757546,3.45e-07,0.5,4.357971649872937,0.5279999999999996,0.1901997142766381,3.6921428742101953e-09,1.993141572696126e-10
8.253270063762928,19.39850949080954,3.45e-07,0.5,5.068034270870565,0.5059999999999996,0.2087213507427773,3.746933238065507e-09,2.0098692427690127e-10
7.374307164580146,23.0288034914696,3.45e-07,0.5,5.820850167411233,0.4839999999999995,0.2270705368710639,3.791587180791348e-09,2.0267374473374749e-10
6.646353465556937,26.86118043629106,3.45e-07,0.5,6.620923118929245,0.4619999999999995,0.2452226602179534,3.828024665707743e-09,2.0437559593044317e-10
6.039051105845991,30.87612505065997,3.45e-07,0.5,7.474340823697806,0.4399999999999995,0.2631809513755695,3.857822576851003e-09,2.0609861803649558e-10
5.527626424330939,35.05859052512373,3.45e-07,0.5,8.388643288881402,0.4179999999999995,0.2809627839770173,3.882258171434705e-09,2.0785406004711277e-10
5.09241130631917,39.39656321525239,3.45e-07,0.5,9.372847535638169,0.3959999999999995,0.2985912700259054,3.902357143589802e-09,2.096578365916574e-10
4.718018987068716,43.87993217356605,3.45e-07,0.5,10.43759318333711,0.3739999999999994,0.3160905052552438,3.9189392229507745e-09,2.1152988641920838e-10
4.392489071689345,48.49967178884056,3.45e-07,0.5,11.59538307403818,0.3519999999999994,0.3334831358980584,3.932658247978572e-09,2.1349352313249567e-10
4.106531355181471,53.2472828586789,3.45e-07,0.5,12.86090067647188,0.3299999999999994,0.3507893093977352,3.944035872989594e-09,2.155749198244603e-10
3.852905700299152,58.11442413249784,3.45e-07,0.5,14.25138836721473,0.3079999999999994,0.3680263985094213,3.953489169186355e-09,2.1780280418296628e-10
3.625934153759981,63.09267392231688,3.45e-07,0.5,15.78706652354937,0.2859999999999994,0.3852091233021274,3.961352843951595e-09,2.2020838472637827e-10
3.421126364469691,68.17337523409553,3.45e-07,0.5,17.49156156460114,0.2639999999999993,0.4023498512701293,3.9678969322510174e-09,2.2282549325964649e-10
3.234896336785201,73.34753178755555,3.45e-07,0.5,19.39229046372381,0.2419999999999994,0.4194589534937549,3.973340784176537e-09,2.2569091300170317e-10
3.064350513044622,78.6057342230379,3.45e-07,0.5,21.52071929445528,0.2199999999999994,0.43654515363397,3.977864077311564e-09,2.2884486022979687e-10
2.907130719606341,83.93810552686587,3.45e-07,0.5,23.91237585638726,0.1979999999999994,0.4536158406301712,3.981615468741339e-09,2.3233159312674428e-10
2.761299090138632,89.33426262938313,3.45e-07,0.5,26.606458105822,0.1759999999999994,0.4706773348672828,3.984719390988319e-09,2.3620012983018905e-10
2.625255059119067,94.78329759680278,3.45e-07,0.5,29.64485569686287,0.1539999999999994,0.4877351074434016,3.987281397871222e-09,2.40505065521085e-10
2.497676672945636,100.2737868292857,3.45e-07,0.5,33.07041544405841,0.1319999999999994,0.5047939568288955,3.989392382905788e-09,2.453074843615221e-10
2.377479784668862,105.793839643001,3.45e-07,0.5,36.92436216018397,0.1099999999999994,0.5218581489777767,3.991131924078559e-09,2.50675965722492e-10
2.263789340488625,111.3311975494799,3.45e-07,0.5,41.2429546657665,0.0879999999999993,0.5389315272008944,3.992570953061067e-09,2.566876853522587e-10
2.155917278367275,116.8733914155078,3.45e-07,0.5,46.05370143366952,0.0659999999999993,0.5560175976268923,3.993773902191716e-09,2.634296109252962e-10
2.053342042967794,122.4079552018884,3.45e-07,0.5,51.37171685517554,0.0439999999999993,0.573119595300134,3.9948004468125534e-09,2.709997876912612e-10
12.26597301802596,6.635602905979205e-06,3.45e-07,0.6,1.612314254520129e-06,1.1,0.0450334283209124,1.099488309842117e-09,1.765470709827233e-10
19.49088292750435,9.035443389802942e-06,3.45e-07,0.6,3.489800681859511e-06,1.078,0.04503350814919,1.088154227775172e-09,1.770700072353385e-10
24.82790212178883,0.842320729774677,3.45e-07,0.6,0.4680795963694417,0.7039999999999997,0.0639888280371908,2.599026384613117e-09,1.928235645864074e-10
22.95764971208163,1.425652928932937,3.45e-07,0.6,0.7285688000931654,0.6819999999999997,0.0736963429651488,2.815714764761147e-09,1.943509703065189e-10
20.79494186323283,2.307842585735878,3.45e-07,0.6,1.076486584470333,0.6599999999999997,0.0859991465317088,3.010524179297301e-09,1.9594135305551617e-10
18.48136074833144,3.555235027673015,3.45e-07,0.6,1.513188530845276,0.6379999999999997,0.1005905200834344,3.180506146941394e-09,1.9758745468767138e-10
16.19919858455706,5.205153127798311,3.45e-07,0.6,2.033479386741291,0.6159999999999997,0.1169560446128398,3.325397896148666e-09,1.9928372270996488e-10
14.09490550353759,7.260237224732137,3.45e-07,0.6,2.629424224959766,0.5939999999999996,0.1345238031171511,3.4467568212600303e-09,2.0102797744655117e-10
12.24816870908504,9.695166953887444,3.45e-07,0.6,3.294135000049339,0.5719999999999996,0.1527853596164065,3.547144465797425e-09,2.0282280875172827e-10
10.67957858249095,12.46940770270941,3.45e-07,0.6,4.024045829610541,0.5499999999999996,0.1713550841074241,3.629502424393312e-09,2.0467649938738418e-10
9.372417765366112,15.53894352995957,3.45e-07,0.6,4.819667035822533,0.5279999999999996,0.189976464861431,3.696745377435505e-09,2.0660340746692807e-10
8.292569752182198,18.86361837858318,3.45e-07,0.6,5.685497707931827,0.5059999999999996,0.2084996837744892,3.7515354526806734e-09,2.0862388651980547e-10
7.401544419722359,22.41013364067462,3.45e-07,0.6,6.629721095524193,0.4839999999999995,0.2268510462272423,3.796184247767356e-09,2.1076392335951188e-10
6.663284363769237,26.15219776180581,3.45e-07,0.6,7.66402128668236,0.4619999999999995,0.2450054912680705,3.832633752543488e-09,2.1305470421543847e-10
6.046895861705561,30.0693227715349,3.45e-07,0.6,8.80363765289996,0.4399999999999995,0.2629660045759302,3.86248004587424e-09,2.15532288159414e-10
5.52716565581778,34.14524928876489,3.45e-07,0.6,10.06766135763127,0.4179999999999995,0.2807498455210189,3.887016205863953e-09,2.1823750449257607e-10
5.084066842840373,38.36648953221076,3.45e-07,0.6,11.47953179402464,0.3959999999999995,0.2983800893413815,3.907280565074324e-09,2.2121612797225437e-10
4.701916647849212,42.72116118160801,3.45e-07,0.6,13.06766485404362,0.3739999999999994,0.3158808373294975,3.9241029796986384e-09,2.245193402837555e-10
4.368506677997667,47.19812469750809,3.45e-07,0.6,14.8661120666839,0.3519999999999994,0.3332747619054319,3.938145798983201e-09,2.2820446203398748e-10
4.074337607146145,51.78637485536967,3.45e-07,0.6,16.9150968245816,0.3299999999999994,0.3505820447551212,3.949938498466824e-09,2.3233593243201007e-10
3.811996547169287,56.47462633402704,3.45e-07,0.6,19.2611994895549,0.3079999999999994,0.3678200941412793,3.959906120166973e-09,2.369865167556216e-10
3.575673684990224,61.25104444100852,3.45e-07,0.6,21.95688013704765,0.2859999999999994,0.3850036635854467,3.968392195960743e-09,2.422387285027815e-10
3.360799004089806,66.10309039322098,3.45e-07,0.6,25.05897119281008,0.2639999999999993,0.4021451506273213,3.975677006697569e-09,2.4818645951674247e-10
3.163775686104836,71.01746840039114,3.45e-07,0.6,28.6258035141432,0.2419999999999994,0.4192549526630152,3.981992023494813e-09,2.549368147675731e-10
2.981786844045249,75.98017464431021,3.45e-07,0.6,32.71282261874438,0.2199999999999994,0.4363418160789652,3.987531288831157e-09,2.62612147311445e-10
2.812653541634635,80.97665275398704,3.45e-07,0.6,37.36694851468963,0.1979999999999994,0.4534131492220436,3.9924603772788505e-09,2.7135228207672577e-10
2.654724126129207,85.99205445785212,3.45e-07,0.6,42.62047200304629,0.1759999999999994,0.4704752887997493,3.996923456027143e-09,2.8131690336587816e-10
2.506778542709953,91.01158856290144,3.45e-07,0.6,48.48575430135947,0.1539999999999994,0.4875337192773483,4.001048855756747e-09,2.9268805891064267e-10
2.367937169402546,96.02092147628149,3.45e-07,0.6,54.95211201964488,0.1319999999999994,0.5045932495740661,4.004953466933295e-09,3.0567270133739277e-10
2.237571082465607,101.0065769064089,3.45e-07,0.6,61.98583695948338,0.1099999999999994,0.5216581531775695,4.0087461952434284e-09,3.2050514431210207e-10
2.115217244887721,105.9562794195466,3.45e-07,0.6,69.53342643223884,0.0879999999999993,0.5387322780622205,4.012530641089696e-09,3.3744925414692946e-10
2.000505412297497,110.859198932668,3.45e-07,0.6,77.52717847036921,0.0659999999999993,0.5558191323015338,4.016407109826762e-09,3.568001280650763e-10
15.04186658392099,5.035818123645247e-06,3.45e-07,0.7,1.605329017982326e-06,1.1,0.0450335218644464,1.102103270526371e-09,1.7915675441925428e-10
22.40050189683481,7.316695305529414e-06,3.45e-07,0.7,3.474704441811768e-06,1.078,0.0450336009926267,1.090909601426377e-09,1.7982111977851338e-10
23.16454566051259,1.351715847579346,3.45e-07,0.7,0.7526185113498548,0.6819999999999997,0.0735641950516848,2.818825937551571e-09,2.0060194798928757e-10
20.99079967208528,2.197942405017844,3.45e-07,0.7,1.126276518457343,0.6599999999999997,0.0858367182375122,3.0138812064999504e-09,2.0245256254238137e-10
18.65238420296628,3.399689535905211,3.45e-07,0.7,1.606603400556356,0.6379999999999997,0.1004029330133423,3.184114249594489e-09,2.044354564818496e-10
16.33942086373541,4.994520213116842,3.45e-07,0.7,2.194994195866273,0.6159999999999997,0.1167500937124347,3.329253955982778e-09,2.0658012525666188e-10
14.20412656443162,6.985567921493016,3.45e-07,0.7,2.890864186312929,0.5939999999999996,0.1343062013873981,3.450861678560914e-09,2.0892360791314568e-10
12.32913585801577,9.34786377553392,3.45e-07,0.7,3.695857298408003,0.5719999999999996,0.1525616139147108,3.5515117925803392e-09,2.11510767001487e-10
10.73591156002894,12.0408259106115,3.45e-07,0.7,4.616860903854238,0.5499999999999996,0.1711291190765293,3.634163674629989e-09,2.1439464722077047e-10
9.407478101962417,15.01987940515506,3.45e-07,0.7,5.667707889359658,0.5279999999999996,0.1897507527705966,3.701751622269809e-09,2.176370778662922e-10
8.308989664044345,18.24376341280912,3.45e-07,0.7,6.870175863185034,0.5059999999999996,0.208275587377302,3.756957373501762e-09,2.213096291621089e-10
7.401111566585359,21.67751229225656,3.45e-07,0.7,8.254852041411159,0.4839999999999995,0.2266291800228457,3.802111468251652e-09,2.2549498258486778e-10
6.646985578754006,25.2925741865711,3.45e-07,0.7,9.862099858604832,0.4619999999999995,0.2447860148800858,3.839174356961041e-09,2.3028874256155087e-10
6.015019895108466,29.06555479652117,3.45e-07,0.7,11.74302269311094,0.4399999999999995,0.2627488301281397,3.869760773323302e-09,2.358017014107996e-10
5.479426458783727,32.97657749738178,3.45e-07,0.7,13.96001873204702,0.4179999999999995,0.2805347710826488,3.895183533910982e-09,2.4216256474738004e-10
5.019742171486637,37.00777157708994,3.45e-07,0.7,16.58624716611709,0.3959999999999995,0.2981668784086288,3.916502724820416e-09,2.4952114291566917e-10
4.620011572225977,41.14209538872454,3.45e-07,0.7,19.70313399767349,0.3739999999999994,0.3156692625107166,3.934572858141367e-09,2.580520081762518e-10
4.26795321280719,45.36255054781943,3.45e-07,0.7,23.39510145392907,0.3519999999999994,0.3330646263871105,3.950084651007501e-09,2.6795860111063027e-10
3.954232020810648,49.6517830464379,3.45e-07,0.7,27.74123452083618,0.3299999999999994,0.3503731906728348,3.96360037965471e-09,2.7947773717933186e-10
3.671857223377169,53.99204141621102,3.45e-07,0.7,32.80469909639088,0.3079999999999994,0.3676124035593855,3.975582940291984e-09,2.92884409445528e-10
3.415681133923529,58.36543676497256,3.45e-07,0.7,38.62209671421888,0.2859999999999994,0.3847970554600456,3.9864192661824906e-09,3.084966995235524e-10
3.181966687949587,62.75441514041594,3.45e-07,0.7,45.19580528314989,0.2639999999999993,0.40193957568264,3.996438900760161e-09,3.2668048916978985e-10
2.968005822208994,67.14232122123528,3.45e-07,0.7,52.49190536616768,0.2419999999999994,0.4190503872993692,4.005928487505085e-09,3.478535044956105e-10
2.771790580348539,71.51392460579507,3.45e-07,0.7,60.4444572055563,0.2199999999999994,0.4361382560194312,4.015142810962698e-09,3.724880230591265e-10
2.591749737739158,75.85580696838956,3.45e-07,0.7,68.964634365061,0.1979999999999994,0.4532106034059862,4.024312867310979e-09,4.0111134010348267e-10
2.426560309269546,80.15656068634614,3.45e-07,0.7,77.95182443445472,0.1759999999999994,0.4702737739117748,4.033651290810872e-09,4.3430284917627604e-10
2.275030990209332,84.4068042378068,3.45e-07,0.7,87.30386044136345,0.1539999999999994,0.4873332551879215,4.0433553369866095e-09,4.726863932918238e-10
2.136043031804287,88.59905673805933,3.45e-07,0.7,96.92463561382333,0.1319999999999994,0.5043938558413116,4.053607543863744e-09,5.169164643047655e-10
2.008529168630605,92.72752699428456,3.45e-07,0.7,106.7286406398949,0.1099999999999994,0.5214598466282212,4.06457417809235e-09,5.676569774874956e-10
18.74510042108857,3.739267124883792e-06,3.45e-07,0.8,1.623601305344243e-06,1.1,0.0450336164908612,1.105436728091864e-09,1.8248564735083608e-10
23.36603499265591,1.274300432772162,3.45e-07,0.8,0.8033407502014349,0.6819999999999997,0.0734309594642373,2.8219342719426272e-09,2.085376628214443e-10
21.1759510717628,2.08096855720295,3.45e-07,0.8,1.228362715837047,0.6599999999999997,0.0856728231669536,3.017544905246384e-09,2.1164128645774917e-10
18.80597537791724,3.230844030104357,3.45e-07,0.8,1.799624869192399,0.6379999999999997,0.1002135283473044,3.1884770947780022e-09,2.1531071027550107e-10
16.45414900627455,4.760536706258745,3.45e-07,0.8,2.53957181600282,0.6159999999999997,0.1165420461198419,3.3344571957326063e-09,2.1967086902058318e-10
14.27836652986998,6.6721672458353,3.45e-07,0.8,3.476350633481196,0.5939999999999996,0.1340863152036836,3.4570556665718442e-09,2.2486977931438747e-10
12.36395531728862,8.939181941464545,3.45e-07,0.8,4.650664006824009,0.5719999999999996,0.1523354851578312,3.558867227727907e-09,2.3108370660320318e-10
10.73289045219323,11.51842122583901,3.45e-07,0.8,6.121850097378688,0.5499999999999996,0.1709007475688985,3.642881731929868e-09,2.385233813252551e-10
9.36756374679496,14.36144385092293,3.45e-07,0.8,7.972108383884083,0.5279999999999996,0.1895226698768624,3.712073218045619e-09,2.47441335368229e-10
8.232140676179908,17.42164411962293,3.45e-07,0.8,10.30773737833712,0.5059999999999996,0.2080492025160174,3.769172166686802e-09,2.5814039985086215e-10
7.286468600701945,20.65716210735655,3.45e-07,0.8,13.25540673250684,0.4839999999999995,0.2264051475598473,3.816567186460773e-09,2.70983328415615e-10
6.493392948781413,24.03112309090614,3.45e-07,0.8,16.95110107046371,0.4619999999999995,0.2445645327684575,3.8562868464659084e-09,2.864033634349632e-10
5.821757363606829,27.51079769708201,3.45e-07,0.8,21.52091365162951,0.4399999999999995,0.2625298510174372,3.890024909581481e-09,3.0491531686313146e-10
5.246978971297603,31.06673987107389,3.45e-07,0.8,27.05685801521289,0.4179999999999995,0.280318137482704,3.919184820293426e-09,3.27126360234677e-10
4.750394392037591,34.67236363367899,3.45e-07,0.8,33.59541093221607,0.3959999999999995,0.2979524017577759,3.944929036449281e-09,3.537451804116444e-10
4.318078893247854,38.30396471474295,3.45e-07,0.8,41.10761651062395,0.3739999999999994,0.315456764514176,3.968225328123817e-09,3.8558744968542577e-10
3.939575357898765,41.94095028419028,3.45e-07,0.8,49.50495779707987,0.3519999999999994,0.3328539567317119,3.989886132201299e-09,4.235747198224397e-10
3.606803742853828,45.56601198636201,3.45e-07,0.8,58.65768012707666,0.3299999999999994,0.3501642310418814,4.010599265321927e-09,4.687230095593685e-10
3.313270928991032,49.16509076666113,3.45e-07,0.8,68.41747379395761,0.3079999999999994,0.3674050645565931,4.030949470674327e-09,5.221167825809854e-10
3.053572825087726,52.72712229517953,3.45e-07,0.8,78.63701149601334,0.2859999999999994,0.3845912706208716,4.051430948891617e-09,5.848641434454101e-10
2.823110540598376,56.24363809116169,3.45e-07,0.8,89.18268843897519,0.2639999999999993,0.4017352950311397,4.072451588296087e-09,6.580304730502743e-10
2.617932821053409,59.7083154413771,3.45e-07,0.8,99.9405983256667,0.2419999999999994,0.4188475717248468,4.094330305206066e-09,7.4255089536644e-10
2.434640195047286,63.11654634104652,3.45e-07,0.8,110.8176292960486,0.2199999999999994,0.4359368729665873,4.117289799129734e-09,8.391270354211487e-10
2.270314673629426,66.46506296123675,3.45e-07,0.8,121.7398015409835,0.1979999999999994,0.4530106238994792,4.141447978293472e-09,9.481197946887266e-10
2.122459202386642,69.75163136759852,3.45e-07,0.8,132.6494466768033,0.1759999999999994,0.4700751706958169,4.1668119683949e-09,1.069455550602756e-09
23.57879446878941,2.723928664487483e-06,3.45e-07,0.9,1.75924661042537e-06,1.1,0.0450337122035367,1.109645872357101e-09,1.8669489322590088e-10
23.52003815267946,1.187288657584333,3.45e-07,0.9,0.9833039698327938,0.6819999999999997,0.0732966508416398,2.829246110184079e-09,2.3003020897843237e-10
21.28810492822453,1.944660016439914,3.45e-07,0.9,1.593547073955645,0.6599999999999997,0.0855074810108911,3.027193529378185e-09,2.4004398416788867e-10
18.85219938072154,3.02459948076676,3.45e-07,0.9,2.519941596972541,0.6379999999999997,0.1000223372367264,3.2010360537406e-09,2.528585191346227e-10
16.41670818430557,4.45720210194991,3.45e-07,0.9,3.910807525991005,0.6159999999999997,0.1163319577353122,3.350588969117367e-09,2.6920462539885066e-10
14.1444659742735,6.2353963084823,3.45e-07,0.9,5.979361127812028,0.5939999999999996,0.1338642480164121,3.477548995375914e-09,2.8998838290319557e-10
12.1250153300754,8.319925748466742,3.45e-07,0.9,9.000405901217501,0.5719999999999996,0.1521071588630667,3.584676173153131e-09,3.1632412475580157e-10
10.38592262597343,10.6516251364656,3.45e-07,0.9,13.26523404244123,0.5499999999999996,0.1706702842287152,3.675163618318412e-09,3.49564277548089e-10
8.917535523401497,13.16457058386652,3.45e-07,0.9,18.99540778677897,0.5279999999999996,0.189292717529597,3.752222159460393e-09,3.9131829336587105e-10
7.693009533553655,15.79641032386249,3.45e-07,0.9,26.25899966913411,0.5059999999999996,0.2078212794110602,3.818843106348142e-09,4.4344859431697526e-10
6.679519978057595,18.49465723896341,3.45e-07,0.9,34.94718981728082,0.4839999999999995,0.2261800053612941,3.8776826685358484e-09,5.0802698123842e-10
5.843575198747632,21.21904692544203,3.45e-07,0.9,44.82335889707609,0.4619999999999995,0.2443424498940099,3.9310159095627454e-09,5.872324177472099e-10
5.153758132788543,23.94092582000322,3.45e-07,0.9,55.60245547981664,0.4399999999999995,0.2623108383965639,3.980721935313847e-09,6.831741177537777e-10
4.582311401365691,26.64107048967172,3.45e-07,0.9,67.01416625149889,0.4179999999999995,0.2801020700169354,4.028277835165567e-09,7.976368299405013e-10
4.105845337996662,29.30715544606851,3.45e-07,0.9,78.8337827622947,0.3959999999999995,0.2977390963802198,4.074753761874041e-09,9.317704741147547e-10
3.705326570034854,31.93155798917179,3.45e-07,0.9,90.8881733459598,0.3739999999999994,0.3152460234612217,4.120813726544853e-09,1.0857795420336361e-09
3.365617911321298,34.50971845536464,3.45e-07,0.9,103.0494735833255,0.3519999999999994,0.3326455896690955,4.166733855505425e-09,1.258694785721087e-09
3.074835612069969,37.03901825984648,3.45e-07,0.9,115.2252485075921,0.3299999999999994,0.3499580650176474,4.212449486454902e-09,1.44831066631075e-09
2.82369987298005,39.51805267345189,3.45e-07,0.9,127.3492526502649,0.3079999999999994,0.3672009472755485,4.257634251015504e-09,1.651334489162264e-09
2.604963735031634,41.94617501448435,3.45e-07,0.9,139.3740860685592,0.2859999999999994,0.3843890702506626,4.301802057181728e-09,1.863726978803955e-09
2.412946340857191,44.32321658325003,3.45e-07,0.9,151.265785182724,0.2639999999999993,0.4015348983618093,4.344413412872485e-09,2.081150815621871e-09
2.243166792312707,46.64931621281539,3.45e-07,0.9,162.9999809470785,0.2419999999999994,0.4186488816939439,4.384966066336779e-09,2.299416013354194e-09
2.092063379678019,48.92481654312022,3.45e-07,0.9,174.5592111116452,0.2199999999999994,0.4357398060947689,4.423056543484867e-09,2.514829100546709e-09
23.12450989225157,1.036372643122316,3.45e-07,1.0,2.781451211922729,0.6819999999999997,0.0731613202948264,2.8744882082871502e-09,3.989194016796536e-10
20.60319985950856,1.677644901098071,3.45e-07,1.0,5.202120206440739,0.6599999999999997,0.0853408032229237,3.088525016019547e-09,4.772045549883341e-10
17.83087730796643,2.560866550558242,3.45e-07,1.0,9.358461499282791,0.6379999999999997,0.0998295998919648,3.282938613757069e-09,5.818437634514059e-10
15.08115812177217,3.676834621606889,3.45e-07,1.0,15.80191310965325,0.6159999999999997,0.1161203072922339,3.4581461258107752e-09,7.18631941728699e-10
12.58684387552299,4.981516719095966,3.45e-07,1.0,24.68631919522041,0.5939999999999996,0.1336408543349566,3.616104294116488e-09,8.923915930096572e-10
10.47085578204206,6.414650639847221,3.45e-07,1.0,35.68857321751928,0.5719999999999996,0.151877992651386,3.759232121898778e-09,1.105470517354515e-09
8.750790860839196,7.919104976244552,3.45e-07,1.0,48.22548975308171,0.5499999999999996,0.1704396643326442,3.889590211697288e-09,1.356308133523445e-09
7.382904034293341,9.450947180835474,3.45e-07,1.0,61.71195570136544,0.5279999999999996,0.1890634046119272,4.008470699748239e-09,1.638804177713989e-09
6.302767865737875,10.98077313786293,3.45e-07,1.0,75.69036476623654,0.5059999999999996,0.2075948183747129,4.11641837094884e-09,1.943033332281918e-09
5.447758934002301,12.49087342382834,3.45e-07,1.0,89.847905008024,0.4839999999999995,0.2259571060979773,4.213546075698995e-09,2.257158876961913e-09
4.765426883573203,13.97160169912344,3.45e-07,1.0,103.9872043975618,0.4619999999999995,0.24412330545245,4.2999166034418434e-09,2.569720791219075e-09
4.21472899571656,15.41835840753349,3.45e-07,1.0,117.9902290501411,0.4399999999999995,0.2620953539003956,4.375805547170782e-09,2.871383735415247e-09
3.76457140203867,16.82947784341511,3.45e-07,1.0,131.7893753501524,0.4179999999999995,0.2798900114463782,4.441785648521077e-09,3.155709626321139e-09
3.391727161559428,18.20488204205873,3.45e-07,1.0,145.3476247956685,0.3959999999999995,0.2975301795002851,4.4986774320188504e-09,3.419073403815101e-09
3.078913244389837,19.54527775714812,3.45e-07,1.0,158.6459253173263,0.3739999999999994,0.3150399626078275,4.547443313377417e-09,3.660101970445319e-09
2.813241447940219,20.8517037792529,3.45e-07,1.0,171.6755234848704,0.3519999999999994,0.3324421216017254,4.589083225074377e-09,3.878987064705901e-09
2.585043596220037,22.12529102295294,3.45e-07,1.0,184.4334486583134,0.3299999999999994,0.3497569582708305,4.624558116411059e-09,4.076876799254085e-09
2.387006335609427,23.36714580954601,3.45e-07,1.0,196.9199196223021,0.3079999999999994,0.3670020036488675,4.654745111306991e-09,4.255419335857524e-09
2.2135427964335,24.57830121741588,3.45e-07,1.0,209.1368897615124,0.2859999999999994,0.3841921224311593,4.6804178869786754e-09,4.416456647817488e-09
2.060338776544265,25.75970395265974,3.45e-07,1.0,221.0872504856762,0.2639999999999993,0.4013398059605863,4.7022436808549085e-09,4.561836902880752e-09
5.305862525737281,1.970776421307415e-05,4.45e-07,0.1,1.566692770281248e-06,1.1,0.0443755736639413,1.297990057425511e-09,1.691792662657946e-10
10.09083356261238,2.247216154558613e-05,4.45e-07,0.1,3.398852737620586e-06,1.078,0.0443756816680482,1.28298107275288e-09,1.693905577519746e-10
16.76530616597926,2.931257433180129e-05,4.45e-07,0.1,7.370134535709053e-06,1.056,0.0443759158024066,1.2691379582263101e-09,1.696086189409485e-10
23.6097661064268,4.493220077351006e-05,4.45e-07,0.1,1.596017441386644e-05,1.034,0.0443764223425151,1.254972937246093e-09,1.698338420650893e-10
23.60346566905475,0.9889022262101818,4.45e-07,0.1,0.3919013865000091,0.7039999999999997,0.0677822951197285,3.4102213707891852e-09,1.746773487077025e-10
21.59562298713472,1.626562534507951,4.45e-07,0.1,0.5826206303683292,0.6819999999999997,0.079014220342224,3.667720793200164e-09,1.751662346601875e-10
19.38782983093984,2.553605124565804,4.45e-07,0.1,0.8196547179951434,0.6599999999999997,0.0928708358462175,3.893812670075818e-09,1.7568536313051238e-10
17.12597721789566,3.815486803792267,4.45e-07,0.1,1.095882744563594,0.6379999999999997,0.1089227962751437,4.0873494661422115e-09,1.7623625457324278e-10
14.96705921942929,5.428914667759356,4.45e-07,0.1,1.401374860483595,0.6159999999999997,0.126584040292667,4.249860981952391e-09,1.768205291862068e-10
13.02267919541973,7.382585660236073,4.45e-07,0.1,1.726496472289405,0.5939999999999996,0.1452675439292511,4.384439398085098e-09,1.774399545696581e-10
11.34366964276523,9.64662897021764,4.45e-07,0.1,2.063887519662373,0.5719999999999996,0.16448956592568,4.494847052414909e-09,1.7809647709052627e-10
9.93281180126082,12.18410672066251,4.45e-07,0.1,2.408974670338273,0.5499999999999996,0.1839070946182727,4.584913165959818e-09,1.787922378696086e-10
8.765137897448898,14.95961822142986,4.45e-07,0.1,2.759545109188902,0.5279999999999996,0.2033079839623601,4.658185936634131e-09,1.7952957474769628e-10
7.804469922795284,17.94365076455727,4.45e-07,0.1,3.115020909830769,0.5059999999999996,0.2225802997608266,4.717770771214726e-09,1.803110107521376e-10
7.013523239705363,21.11361662790555,4.45e-07,0.1,3.475808776064136,0.4839999999999995,0.2416793256268929,4.7662867126008665e-09,1.811392280897969e-10
6.35880828111992,24.45307675448208,4.45e-07,0.1,3.842843988752047,0.4619999999999995,0.2606006719113512,4.805888768013294e-09,1.820170249203583e-10
5.812315784427796,27.95031188017622,4.45e-07,0.1,4.217315384523985,0.4399999999999995,0.2793613735491868,4.838321184570662e-09,1.829472503322879e-10
5.351542538236437,31.59688947133725,4.45e-07,0.1,4.600519426194271,0.4179999999999995,0.2979878913700319,4.864980693918829e-09,1.8393271121131458e-10
4.958814881852437,35.38649301534424,4.45e-07,0.1,4.993794593606637,0.3959999999999995,0.3165091336456798,4.886978405967251e-09,1.849760432842396e-10
4.620416250604587,39.31406787587191,4.45e-07,0.1,5.398501590816005,0.3739999999999994,0.3349527740763253,4.905195063007024e-09,1.8607953796128769e-10
4.325751591603916,43.37524533930637,4.45e-07,0.1,5.816028046949284,0.3519999999999994,0.353343578330934,4.920327828604475e-09,1.87244917429345e-10
4.066635459562939,47.56597944073518,4.45e-07,0.1,6.247805635763004,0.3299999999999994,0.3717028739090293,4.9329286064423645e-09,1.8847305391723007e-10
3.836720575969851,51.88233352562695,4.45e-07,0.1,6.695333286222654,0.3079999999999994,0.3900486210689771,4.943434731746979e-09,1.897636366997724e-10
3.631054265785472,56.32036589020915,4.45e-07,0.1,7.16020349919343,0.2859999999999994,0.4083957631755125,4.952193188295679e-09,1.9111480385580968e-10
3.445740780795477,60.8760774304119,4.45e-07,0.1,7.644130654586466,0.2639999999999993,0.4267566756722314,4.959479542007545e-09,1.9252277595977327e-10
3.277687024586338,65.5453957465391,4.45e-07,0.1,8.148981217152205,0.2419999999999994,0.4451416185784103,4.965512697855202e-09,1.9398155448410827e-10
3.12441210674261,70.32417886957401,4.45e-07,0.1,8.676806311212141,0.2199999999999994,0.4635591474283552,4.970466456921605e-09,1.9548277325876967e-10
2.983904922763809,75.20822795816808,4.45e-07,0.1,9.229877457382498,0.1979999999999994,0.4820164655211055,4.97447870532028e-09,1.970158057986603e-10
2.85451751419092,80.19330250721687,4.45e-07,0.1,9.810726472515595,0.1759999999999994,0.5005197151092565,4.977658909828628e-09,1.9856821925493738e-10
2.73488494761657,85.27513434818908,4.45e-07,0.1,10.42219069537904,0.1539999999999994,0.5190742122844575,4.9800944198188844e-09,2.0012661379244418e-10
2.623864809722168,90.44943844833485,4.45e-07,0.1,11.06746484928264,0.1319999999999994,0.5376846331863843,4.9818558820343385e-09,2.0167779426933978e-10
2.520491217485606,95.71191956004034,4.45e-07,0.1,11.75016100229227,0.1099999999999994,0.5563551597670788,4.983001885186835e-09,2.0321011245890688e-10
2.423939591973964,101.0582743608856,4.45e-07,0.1,12.47437823360451,0.0879999999999993,0.5750895928343372,4.9835828066254706e-09,2.0471473708675018e-10
2.333499441262134,106.4841890527801,4.45e-07,0.1,13.2447837437003,0.0659999999999993,0.5938914391197843,4.983643774920406e-09,2.0618660023702678e-10
2.248553130587127,111.9853325277965,4.45e-07,0.1,14.0667072198212,0.0439999999999993,0.6127639780139836,4.983226702251452e-09,2.0762484716245438e-10
2.168559155506749,117.5573451618874,4.45e-07,0.1,14.9462502244554,0.0219999999999993,0.6317103125542592,4.982371446905095e-09,2.0903275253143047e-10
2.093038823817859,123.1958233704268,4.45e-07,0.1,15.89041211214623,0.0,0.6507334083190175,4.981116278429541e-09,2.1041720109082437e-10
6.079673979112684,1.62993636427852e-05,4.45e-07,0.2,1.541425218778751e-06,1.1,0.0443756334952895,1.299012572405067e-09,1.701955985640045e-10
11.32597641598583,1.897388825788803e-05,4.45e-07,0.2,3.344055996232203e-06,1.078,0.0443757406245908,1.284034353570959e-09,1.704404112793283e-10
18.2558357086591,2.551100460044595e-05,4.45e-07,0.2,7.251375742438632e-06,1.056,0.0443759728641678,1.270219288738865e-09,1.7069384281645147e-10
24.90473142161196,4.036796850965645e-05,4.45e-07,0.2,1.570320302229438e-05,1.034,0.0443764753102281,1.256075814303361e-09,1.7095643520732288e-10
23.77660955039536,0.949743104960718,4.45e-07,0.2,0.3913571432825656,0.7039999999999997,0.0676739535381502,3.4092972961666872e-09,1.7684071033135701e-10
21.77216130176907,1.568222158146482,4.45e-07,0.2,0.584385621576304,0.6819999999999997,0.0788752050868529,3.6672379606901233e-09,1.7745952029227849e-10
19.55313367174415,2.471345153385258,4.45e-07,0.2,0.8259579930775995,0.6599999999999997,0.0927042932091626,3.893813299759885e-09,1.781205324003989e-10
17.27134258241005,3.705256718023311,4.45e-07,0.2,1.109468359216242,0.6379999999999997,0.1087345568625472,4.087840207410405e-09,1.7882602608524718e-10
15.08972331688031,5.287645059381538,4.45e-07,0.2,1.425244798683464,0.6159999999999997,0.1263808249988096,4.250825529531296e-09,1.795783781162696e-10
13.123757051524,7.208168676809329,4.45e-07,0.2,1.763701360210544,0.5939999999999996,0.1450554351804025,4.385849747214544e-09,1.8038010026527368e-10
11.42605384864313,9.437695944353202,4.45e-07,0.2,2.117419194042761,0.5719999999999996,0.1642732137567206,4.4966717429722265e-09,1.8123384565841588e-10
9.99980629352506,11.93975017384229,4.45e-07,0.2,2.481752100344082,0.5499999999999996,0.1836895934464446,4.587122398148887e-09,1.8214238143363708e-10
8.819784506371962,14.67915371978402,4.45e-07,0.2,2.854459418209403,0.5279999999999996,0.2030911275664557,4.660754160636786e-09,1.8310852537426968e-10
7.84930941354797,17.62645006897109,4.45e-07,0.2,3.235007560584255,0.5059999999999996,0.2223649518682316,4.720677508063693e-09,1.841350428348167e-10
7.050573784092581,20.75900553867687,4.45e-07,0.2,3.623926964326851,0.4839999999999995,0.2414657586334111,4.769516245876346e-09,1.8522449867148307e-10
6.389631242845472,24.06027866086349,4.45e-07,0.2,4.022354193829837,0.4619999999999995,0.2603888216060711,4.809429151830734e-09,1.863790581667471e-10
5.838103850813964,27.51841902075495,4.45e-07,0.2,4.431752932159392,0.4399999999999995,0.2791510091806056,4.842162838237169e-09,1.87600232333185e-10
5.37320263356417,31.12484893943369,4.45e-07,0.2,4.853765444621365,0.4179999999999995,0.2977787193467709,4.869114730407268e-09,1.888885679755849e-10
4.97703682522148,34.8730993507761,4.45e-07,0.2,5.290147214687698,0.3959999999999995,0.3163008554817626,4.891394774264716e-09,1.9024329313684218e-10
4.635726210475909,38.75795751298252,4.45e-07,0.2,5.742750710177762,0.3739999999999994,0.3347451153443703,4.909880568817597e-09,1.9166194539960138e-10
4.338552354158275,42.77489031055442,4.45e-07,0.2,6.213537036990902,0.3519999999999994,0.3531363004564677,4.925264127715429e-09,1.9314003386966759e-10
4.07723621771324,46.91967894343878,4.45e-07,0.2,6.704603427991078,0.3299999999999994,0.3714957764909328,4.938090332096246e-09,1.9467081218909058e-10
3.845358746741474,51.18820258945696,4.45e-07,0.2,7.218220354574642,0.3079999999999994,0.3898415394287619,4.948788006143471e-09,1.9624526114547118e-10
3.637911377880305,55.57632067217417,4.45e-07,0.2,7.756875545963598,0.2859999999999994,0.4081885638681502,4.9576948501167234e-09,1.97852381470001e-10
3.450953994451503,60.07981675858324,4.45e-07,0.2,8.323324248158835,0.2639999999999993,0.4265492514600464,4.965077452996191e-09,1.9947986477112428e-10
3.281357438567247,64.69437851777991,4.45e-07,0.2,8.92064626318775,0.2419999999999994,0.444933883632398,4.9711474229346555e-09,2.01115135546043e-10
3.126610688997179,69.41559682611307,4.45e-07,0.2,9.552311056486817,0.2199999999999994,0.4633510330973471,4.976074413004614e-09,2.0274665173409388e-10
2.984676663014578,74.23897324542844,4.45e-07,0.2,10.22225272108697,0.1979999999999994,0.481807916776498,4.97999656034089e-09,2.043652515328202e-10
2.853884222827423,79.15992925672181,4.45e-07,0.2,10.93495695206355,0.1759999999999994,0.5003106876533943,4.983028665836818e-09,2.05965288284602e-10
2.732846998418216,84.17381340115989,4.45e-07,0.2,11.69556245267821,0.1539999999999994,0.5188646702564023,4.985268357700264e-09,2.0754533496103018e-10
2.620402038033517,89.27590408903374,4.45e-07,0.2,12.50997934717266,0.1319999999999994,0.5374745473792135,4.986800496826157e-09,2.091083557901509e-10
2.51556312403596,94.46140694003486,4.45e-07,0.2,13.38502713977229,0.1099999999999994,0.5561445062706005,4.987700143898978e-09,2.1066138569784117e-10
2.417484964069525,99.72544610704806,4.45e-07,0.2,14.32859439085018,0.0879999999999993,0.5748783520256258,4.988034454989911e-09,2.122148690497733e-10
2.325435485471255,105.063049342577,4.45e-07,0.2,15.34982134284079,0.0659999999999993,0.5936795949355187,4.98786386589042e-09,2.1378185252116157e-10
2.238774212625815,110.4691267551684,4.45e-07,0.2,16.45930486146169,0.0439999999999993,0.6125515174506156,4.987242865148635e-09,2.153772052342378e-10
2.156935264825874,115.9384433377035,4.45e-07,0.2,17.66932175131066,0.0219999999999993,0.6314972253537555,4.98622056727704e-09,2.17016980523406e-10
2.079413930733356,121.4655855174823,4.45e-07,0.2,18.9940610859056,0.0,0.650519686807096,4.984841210493478e-09,2.187179693992635e-10
7.045296755750921,1.330113198090921e-05,4.45e-07,0.3,1.517037142829855e-06,1.1,0.044375694063696,1.300203060631226e-09,1.7137978794701188e-10
12.79479030450062,1.588321098215824e-05,4.45e-07,0.3,3.291167080516543e-06,1.078,0.0443758003150126,1.285265125740272e-09,1.7166762134667789e-10
19.91259792544708,2.211793629372572e-05,4.45e-07,0.3,7.136753457253415e-06,1.056,0.0443760306529014,1.271488356841353e-09,1.7196666136961088e-10
23.95582357169014,0.9106107439919074,4.45e-07,0.3,0.3914030867237544,0.7039999999999997,0.0675646734341889,3.408919148617215e-09,1.7958784007626628e-10
21.9545938901013,1.509648941088169,4.45e-07,0.3,0.5873447915998671,0.6819999999999997,0.0787348732735694,3.6673524720979192e-09,1.803906565496265e-10
19.72357255885688,2.388348348988251,4.45e-07,0.3,0.8345139701032585,0.6599999999999997,0.0925360544835237,3.8944663227696474e-09,1.812527966598316e-10
17.42081009821239,3.593482154717582,4.45e-07,0.3,1.126986943852768,0.6379999999999997,0.1085442904104909,4.089041130810518e-09,1.8217722665645948e-10
15.21543938390611,5.143687164124671,4.45e-07,0.3,1.455496915614086,0.6159999999999997,0.1261753311796827,4.252559842463562e-09,1.83166791944711e-10
13.22695512631458,7.029573241429352,4.45e-07,0.3,1.810625766527398,0.5939999999999996,0.1448408819172809,4.38809016378291e-09,1.8422416790891887e-10
11.50978565395272,9.222749498325792,4.45e-07,0.3,2.184994935933529,0.5719999999999996,0.164054324480426,4.499386175142772e-09,1.8535174272090328e-10
10.06752529435208,11.6872036595288,4.45e-07,0.3,2.573979829298031,0.5499999999999996,0.1834695162901447,4.590278627783127e-09,1.8655142799371458e-10
8.874653847954262,14.3879793697685,4.45e-07,0.3,2.97541775075811,0.5279999999999996,0.2028716907117223,4.664321805620564e-09,1.8782439886905919e-10
7.893960525129923,17.29566626803599,4.45e-07,0.3,3.388949701260757,0.5059999999999996,0.2221470382419751,4.724628055996861e-09,1.89170773211197e-10
7.087088727143748,20.38756521950833,4.45e-07,0.3,3.815394560834707,0.4839999999999995,0.241249649432433,4.773821843341268e-09,1.905892526972743e-10
6.419613835234838,23.64700324523618,4.45e-07,0.3,4.256297479673392,0.4619999999999995,0.2601744550668191,4.814060692122791e-09,1.9207676821267407e-10
5.862772647015235,27.06196015438384,4.45e-07,0.3,4.713654589445837,0.4399999999999995,0.2789381535479564,4.847087784260928e-09,1.936281968515703e-10
5.393477623912635,30.62366488652072,4.45e-07,0.3,5.189770421500968,0.4179999999999995,0.2975670784528923,4.874295068286209e-09,1.9523624218539178e-10
4.993610806182104,34.32543753007449,4.45e-07,0.3,5.687203211172865,0.3959999999999995,0.3160901278102247,4.896785499259565e-09,1.9689158172908488e-10
4.649120046912548,38.1618380045566,4.45e-07,0.3,6.208765335888772,0.3739999999999994,0.3345350235970561,4.9154291135088355e-09,1.985833700903531e-10
4.349156342586205,42.12808725246845,4.45e-07,0.3,6.757558490641151,0.3519999999999994,0.3529266036505136,4.930911094807266e-09,2.0030013038123328e-10
4.085340418293325,46.21969791130795,4.45e-07,0.3,7.337032373308265,0.3299999999999994,0.3712862724031986,4.943771739758604e-09,2.0203097173730808e-10
3.851174910359368,50.43225263374801,4.45e-07,0.3,7.951061685102267,0.3079999999999994,0.389632062174923,4.954438978336138e-09,2.0376696265557018e-10
3.641588591098158,54.7612798999349,4.45e-07,0.3,8.604040033664395,0.2859999999999994,0.4079789794002073,4.963254335227546e-09,2.055024137707354e-10
3.452589654213212,59.20219036536576,4.45e-07,0.3,9.3009916712049,0.2639999999999993,0.4263394525136341,4.970493238895539e-09,2.0723582273328158e-10
3.281004740925513,63.7502480492409,4.45e-07,0.3,10.04770344911863,0.2419999999999994,0.4447237849051106,4.976380562617959e-09,2.0897031924113257e-10
3.124283488630085,68.4005591843855,4.45e-07,0.3,10.8508802060557,0.2199999999999994,0.4631405670073175,4.981102265203539e-09,2.1071358671981337e-10
2.980352316095672,73.14806772894967,4.45e-07,0.3,11.71832709425826,0.1979999999999994,0.4815970299139834,4.984813971355449e-09,2.12477369188486e-10
2.847504860388637,77.98755063244707,4.45e-07,0.3,12.65916195773408,0.1759999999999994,0.5000993379164088,4.987647262442413e-09,2.1427674794122579e-10
2.724319576433575,82.91360868864265,4.45e-07,0.3,13.68405946634886,0.1539999999999994,0.5186528246052934,4.989714330165263e-09,2.161293782981859e-10
2.60959746195128,87.92065059114927,4.45e-07,0.3,14.80552570126038,0.1319999999999994,0.5372621801261382,4.991111497972617e-09,2.1805483074381887e-10
2.502314756037931,93.00286900536106,4.45e-07,0.3,16.03819642198092,0.1099999999999994,0.5559315978190333,4.9919219685409185e-09,2.2007411571153828e-10
2.401586890294795,98.15420837493282,4.45e-07,0.3,17.39914319949309,0.0879999999999993,0.5746648879828355,4.992218033726467e-09,2.2220941361658089e-10
2.306641053856672,103.3683250329113,4.45e-07,0.3,18.90815772246633,0.0659999999999993,0.5934655655317362,4.992062895457169e-09,2.2448399392274177e-10
2.216795554281995,108.6385411925235,4.45e-07,0.3,20.58796491408692,0.0439999999999993,0.612336917208755,4.991512189663208e-09,2.2692228948366768e-10
2.131444774542393,113.9577957207911,4.45e-07,0.3,22.46429025322482,0.0219999999999993,0.6312820529612483,4.9906152725401535e-09,2.2955008952373317e-10
2.050048971091906,119.3185963558489,4.45e-07,0.3,24.56567879087466,0.0,0.6503039451453481,4.989416310622536e-09,2.3239481981236949e-10
8.271259122000043,1.068879329923815e-05,4.45e-07,0.4,1.493919747385483e-06,1.1,0.0443757553725298,1.30161095001034e-09,1.7278125514073768e-10
14.55118768677802,1.317613391254683e-05,4.45e-07,0.4,3.241034779525485e-06,1.078,0.0443758607428415,1.286726726212162e-09,1.731255113509396e-10
21.74412326924129,1.910950269961318e-05,4.45e-07,0.4,7.028108508138715e-06,1.056,0.0443760891724797,1.273002784640654e-09,1.7348467163140877e-10
24.14118441081729,0.8714350892214215,4.45e-07,0.4,0.3922791030923619,0.7039999999999997,0.0674544625918461,3.409309785753037e-09,1.83150934970692e-10
22.1429047050148,1.450701449623931,4.45e-07,0.4,0.5919772104275083,0.6819999999999997,0.0785932314982992,3.668299810369866e-09,1.842109775049386e-10
19.89901833131384,2.304347637694595,4.45e-07,0.4,0.8462338666127628,0.6599999999999997,0.0923661237528413,3.896016524428832e-09,1.8535145097593817e-10
17.57413451502268,3.479695161518356,4.45e-07,0.4,1.150069876227636,0.6379999999999997,0.1083519978606169,4.09120114203406e-09,1.8657439748268068e-10
15.34384720474811,4.996277548291749,4.45e-07,0.4,1.494876008375654,0.6159999999999997,0.1259675568245341,4.255309398587655e-09,1.87880812152138e-10
13.33180266050916,6.845629116400488,4.45e-07,0.4,1.871631765104133,0.5939999999999996,0.1446238799368767,4.39139224434388e-09,1.8927040950203838e-10
11.59428765489741,9.0000863563923,4.45e-07,0.4,2.273215027669399,0.5719999999999996,0.1638328926730573,4.503194216939108e-09,1.9074134712264448e-10
10.13528636289812,11.42408969856201,4.45e-07,0.4,2.695247167788295,0.5499999999999996,0.1832468574251323,4.594540459604367e-09,1.922899636946857e-10
8.928956751672517,14.08288536454007,4.45e-07,0.4,3.135901549091126,0.5279999999999996,0.2026496681288011,4.668981110433005e-09,1.9391061773831287e-10
7.937521913836983,16.94707832824603,4.45e-07,0.4,3.595310038161612,0.5059999999999996,0.2219265546525922,4.729624434616718e-09,1.9559573385819318e-10
7.122045209973161,19.99385839858191,4.45e-07,0.4,4.074977083219107,0.4839999999999995,0.2410309952942011,4.779090522052759e-09,1.973361617723954e-10
6.447598373427339,23.20635914659568,4.45e-07,0.4,4.577356815445772,0.4619999999999995,0.2599575714555368,4.8195327452026505e-09,1.9912191577157118e-10
5.885012240063715,26.5723109757851,4.45e-07,0.4,5.105606010092498,0.4399999999999995,0.2787228080811477,4.8526914813135174e-09,2.00943282523368e-10
5.410883498459259,30.08265037529372,4.45e-07,0.4,5.663476531020892,0.4179999999999995,0.2973529727893228,4.879958609433242e-09,2.0279217752581867e-10
5.006852009616544,33.73036558966365,4.45e-07,0.4,6.255307249183787,0.3959999999999995,0.3158769578674471,4.902440990533098e-09,2.0466353306515387e-10
4.658679817035698,37.50964281010904,4.45e-07,0.4,6.886086249157444,0.3739999999999994,0.3343225097620465,4.921017235274909e-09,2.0655646107902478e-10
4.355373637761354,41.41528068718775,4.45e-07,0.4,7.56156607844564,0.3519999999999994,0.35271450320858,4.936385643486196e-09,2.084749816924328e-10
4.088439634030969,45.4423110644265,4.45e-07,0.4,8.288423969706226,0.3299999999999994,0.3710743821379801,4.949103180646914e-09,2.104282289382616e-10
3.851286524449715,49.58576450543594,4.45e-07,0.4,9.074465045049433,0.3079999999999994,0.3894202160136619,4.959616363949864e-09,2.1243018771800158e-10
3.638762951311672,53.84053047018194,4.45e-07,0.4,9.92886997380628,0.2859999999999994,0.4077670439418902,4.968285346608083e-09,2.14499121916e-10
3.446805616204944,58.20127494317131,4.45e-07,0.4,10.8624896878208,0.2639999999999993,0.4261273220032926,4.97540255061954e-09,2.1665689079230069e-10
3.272174470009097,62.66238951676538,4.45e-07,0.4,11.88818834222423,0.2419999999999994,0.4445113764541121,4.981207064956589e-09,2.1892832479092017e-10
3.112254486367356,67.21795457046777,4.45e-07,0.4,13.02123092000456,0.2199999999999994,0.4629278164205861,4.985895811106184e-09,2.2134077180365918e-10
2.96490763632669,71.86170553630951,4.45e-07,0.4,14.27970226418273,0.1979999999999994,0.4813838882431248,4.989632254607525e-09,2.2392386170995887e-10
2.828362533091203,76.58699591386937,4.45e-07,0.4,15.68492791867187,0.1759999999999994,0.4998857687327461,4.9925532482131355e-09,2.2670948974631502e-10
2.701132467564979,81.38675435401653,4.45e-07,0.4,17.26184194916863,0.1539999999999994,0.518438801927849,4.994774441830193e-09,2.2973199318248827e-10
2.58195515025811,86.25343635716777,4.45e-07,0.4,19.03921197105189,0.1319999999999994,0.5370476869157789,4.9963945837222574e-09,2.330284872791678e-10
2.46974945402192,91.17897438632268,4.45e-07,0.4,21.04958932733111,0.1099999999999994,0.5557166249427945,4.997498957991997e-09,2.3663932894121557e-10
2.363585854197462,96.15473371506164,4.45e-07,0.4,23.32881186003094,0.0879999999999993,0.574449433550787,4.998162146206579e-09,2.4060868389515656e-10
2.262668087927624,101.1714849936716,4.45e-07,0.4,25.91486742514203,0.0659999999999993,0.5932496345065561,4.998450259118681e-09,2.4498518162429867e-10
2.166323777877235,106.219407667841,4.45e-07,0.4,28.84595847907395,0.0439999999999993,0.6121205211830836,4.998422752900604e-09,2.498226495874342e-10
2.074001411241384,111.2881397480066,4.45e-07,0.4,32.15772477459953,0.0219999999999993,0.6310652099908176,4.9981339199864744e-09,2.551809236036471e-10
9.856542890193632,8.439803624212303e-06,4.45e-07,0.5,1.472794669408831e-06,1.1,0.0443758174250401,1.303306496827823e-09,1.744702560576892e-10
16.65731686975212,1.083030336424365e-05,4.45e-07,0.5,3.195224818895459e-06,1.078,0.0443759219114885,1.288495262983473e-09,1.7489018319373628e-10
23.74854372075922,1.646331759145431e-05,4.45e-07,0.5,6.928836609226616e-06,1.056,0.0443761484266648,1.2748450821325502e-09,1.753303655120237e-10
24.33254860885696,0.8321142431993527,4.45e-07,0.5,0.3944064174753213,0.7039999999999997,0.0673433292390435,3.410703145918001e-09,1.877925965448324e-10
22.33678700552167,1.391174734677269,4.45e-07,0.5,0.5991217655077433,0.6819999999999997,0.0784502869288506,3.670296800774167e-09,1.8918177907238108e-10
20.07898185507002,2.218954804869091,4.45e-07,0.5,0.8627209980795669,0.6599999999999997,0.0921945057993055,3.898648459679591e-09,1.9066637396655467e-10
17.7306378178351,3.363209523837991,4.45e-07,0.5,1.181621641264321,0.6379999999999997,0.1081576809972467,4.094453694323136e-09,1.9224306602145748e-10
15.47407671999125,4.844282179416108,4.45e-07,0.5,1.548353697925751,0.6159999999999997,0.1257575009604789,4.259134541993905e-09,1.939064383538981e-10
13.43723347794837,6.654570500254326,4.45e-07,0.5,1.954788716689633,0.5939999999999996,0.1444044263570649,4.395719406289109e-09,1.9564935420535577e-10
11.67829033609654,8.76709070238676,4.45e-07,0.5,2.394583115299623,0.5719999999999996,0.1636089146344276,4.507939244078548e-09,1.9746366654529857e-10
10.20160427602635,11.14668689867465,4.45e-07,0.5,2.864192552183644,0.5499999999999996,0.1830216134007526,4.599612603944333e-09,1.993412860723639e-10
8.980972998689342,13.75874522736966,4.45e-07,0.5,3.362832686806669,0.5279999999999996,0.2024250575484532,4.6742888675836864e-09,2.0127554555381289e-10
7.978010734041677,16.57380078732171,4.45e-07,0.5,3.892009260125828,0.5059999999999996,0.2217035008102092,4.735080967406438e-09,2.032626921289407e-10
7.153160572082718,19.56881793709232,4.45e-07,0.5,4.45503754168285,0.4839999999999995,0.2408097986295827,4.78461894149581e-09,2.053032674567881e-10
6.47095436737258,22.72658739196839,4.45e-07,0.5,5.056723430042458,0.4619999999999995,0.2597381766023892,4.825071017047767e-09,2.0740314102518747e-10
5.901783923250915,26.03439941542042,4.45e-07,0.5,5.703234901918713,0.4399999999999995,0.2785049828183105,4.858196407473357e-09,2.0957405257749379e-10
5.421898613858017,29.48265816953887,4.45e-07,0.5,6.402140479842089,0.4179999999999995,0.2971364175293736,4.885408308165352e-09,2.1183365897196807e-10
5.01266434822562,33.06372103530077,4.45e-07,0.5,7.16258513954088,0.3959999999999995,0.3156613670948575,4.907835545769528e-09,2.14205208885607e-10
4.65962374414402,36.77102954548763,4.45e-07,0.5,7.99558247567621,0.3739999999999994,0.3341076029591167,4.926377576754641e-09,2.167170384862172e-10
4.351602448444726,40.59850111816268,4.45e-07,0.5,8.914410559268118,0.3519999999999994,0.3525000376968745,4.941751087222537e-09,2.1940208134334628e-10
4.079951137453843,44.54012021708711,4.45e-07,0.5,9.93510202645057,0.3299999999999994,0.3708601559295089,4.954528272474953e-09,2.2229753735393158e-10
3.837939175139929,48.58966783959596,4.45e-07,0.5,11.0770135821848,0.3079999999999994,0.3892060656376088,4.965167683107127e-09,2.2544478079620207e-10
3.62028564681012,52.74053975174373,4.45e-07,0.5,12.36344332356261,0.2859999999999994,0.4075528401410739,4.974038783337944e-09,2.2888953212762648e-10
3.422804284043173,56.98561771812107,4.45e-07,0.5,13.82223250476603,0.2639999999999993,0.4259129648964728,4.981441358217724e-09,2.3268228292514568e-10
3.242138885001191,61.31717087692859,4.45e-07,0.5,15.48623857026341,0.2419999999999994,0.4442967909791647,4.98762078428179e-09,2.36878947993775e-10
3.075569357123103,65.72677578516624,4.45e-07,0.5,17.3934994787182,0.2199999999999994,0.462712948418716,4.992780021776564e-09,2.4154171718335503e-10
2.920872673981313,70.20525380700714,4.45e-07,0.5,19.58683675429545,0.1979999999999994,0.4811687012860183,4.997089032147679e-09,2.46740085177467e-10
2.776226529319219,74.74263364904131,4.45e-07,0.5,22.1125956438765,0.1759999999999994,0.499670241649626,5.0006921867266065e-09,2.525520453565594e-10
2.640145675331977,79.32815441020243,4.45e-07,0.5,25.01824666871031,0.1539999999999994,0.5182229269072137,5.0037141157396725e-09,2.59065440670896e-10
2.511441690326814,83.95032884419037,4.45e-07,0.5,28.34873608242781,0.1319999999999994,0.5368314680096965,5.0062643504705055e-09,2.663794686690303e-10
2.389196606104661,88.59708507273902,4.45e-07,0.5,32.14180792501158,0.1099999999999994,0.5555000767789465,5.0084410333193455e-09,2.746063386376801e-10
2.272740463262369,93.25599550803776,4.45e-07,0.5,36.42297398993566,0.0879999999999993,0.5742325800592533,5.010333907712003e-09,2.8387307576068586e-10
2.161623895395073,97.91458442146954,4.45e-07,0.5,41.20120080256577,0.0659999999999993,0.5930325074996379,5.012026749404939e-09,2.9432345983278407e-10
2.055580296565509,102.5606847657793,4.45e-07,0.5,46.46646471880635,0.0439999999999993,0.611903158689484,5.0135993600459075e-09,3.061200737418614e-10
11.9441958328192,6.5331783018901e-06,4.45e-07,0.6,1.455229611683746e-06,1.1,0.044375880224357,1.305390845434742e-09,1.76547968297527e-10
19.176489061641,8.824774879819754e-06,4.45e-07,0.6,3.157138623302172e-06,1.078,0.0443759838242466,1.2906803691710481e-09,1.7707130692493628e-10
24.52929126947079,0.792485457761889,4.45e-07,0.6,0.3986543305538871,0.7039999999999997,0.0672312820665242,3.413106871229797e-09,1.9361124695008528e-10
22.5352849127705,1.330742895920079,4.45e-07,0.6,0.6105040087074807,0.6819999999999997,0.0783060473555247,3.673250994523548e-09,1.953446948471977e-10
20.26214291124521,2.131549766034368,4.45e-07,0.6,0.8872925325899008,0.6599999999999997,0.0920212062205407,3.902150398642471e-09,1.971768932212786e-10
17.88861021867893,3.242915624692445,4.45e-07,0.6,1.227741711195647,0.6379999999999997,0.107961342689457,4.098455829984648e-09,1.991046470009755e-10
15.60399795471293,4.685833490892087,4.45e-07,0.6,1.626607898405052,0.6159999999999997,0.125545164110775,4.2635617182336335e-09,2.0112719408830068e-10
13.54065660465366,6.453422807983907,4.45e-07,0.6,2.077923129576249,0.5939999999999996,0.1441825204195049,4.400485944592917e-09,2.032480076962631e-10
11.7586877953302,8.51924074801074,4.45e-07,0.6,2.577626713024125,0.5719999999999996,0.1633823897077467,4.512963472786555e-09,2.054763310260485e-10
10.26278688425041,10.84837808485245,4.45e-07,0.6,3.124857111880007,0.5499999999999996,0.1827937851035631,4.6048278412612854e-09,2.078282529483276e-10
9.02633020478804,13.40616423388373,4.45e-07,0.6,3.722220990022076,0.5279999999999996,0.2021978628071862,4.6796506616016794e-09,2.1032726675458318e-10
8.010251999970915,16.16280800104531,4.45e-07,0.6,4.375648300478638,0.5059999999999996,0.2214778849068679,4.740570828892725e-09,2.130043984308883e-10
7.174300400026054,19.09471198891918,4.45e-07,0.6,5.09426759467761,0.4839999999999995,0.2405860734953832,4.790245109397447e-09,2.15898091566107e-10
6.482390095696659,22.18388571374684,4.45e-07,0.6,5.890497851290956,0.4619999999999995,0.259516292178365,4.830867035941698e-09,2.1905406614941228e-10
5.904392584397262,25.41661275604215,4.45e-07,0.6,6.780406474559664,0.4399999999999995,0.2782847091876431,4.864218426838368e-09,2.2252533753891468e-10
5.416122868120396,28.78203862241284,4.45e-07,0.6,7.784317240491088,0.4179999999999995,0.2969174565662532,4.891731989154534e-09,2.263725202813794e-10
4.998579291534081,32.27096602781538,4.45e-07,0.6,8.927618096429773,0.3959999999999995,0.315443415318389,4.9145532932229965e-09,2.3066447951011248e-10
4.636986460950604,35.87492767353685,4.45e-07,0.6,10.24167855344726,0.3739999999999994,0.3338903834001334,4.933596567320794e-09,2.3547934787431907e-10
4.319890915319443,39.58551054233763,4.45e-07,0.6,11.76471690644792,0.3519999999999994,0.3522833134112306,4.949592317692404e-09,2.4090590218343906e-10
4.038401740756334,43.39387843400551,4.45e-07,0.6,13.54234922206556,0.3299999999999994,0.3706437333849503,4.9631266620821484e-09,2.4704528658478337e-10
3.78559391501721,47.29044525370856,4.45e-07,0.6,15.62741591570236,0.3079999999999994,0.388989793007004,4.974673149489692e-09,2.540130707901889e-10
3.556060839152429,51.26467045495709,4.45e-07,0.6,18.07856553556895,0.2859999999999994,0.4073366034031308,4.9846181649975e-09,2.619416359288886e-10
3.345590920216905,55.30496921272913,4.45e-07,0.6,20.95707812232953,0.2639999999999993,0.4256966832904796,4.9932810540304945e-09,2.7098288204560446e-10
3.150938945461716,59.39874611123958,4.45e-07,0.6,24.32166655211782,0.2419999999999994,0.4440804125282173,5.000929999522255e-09,2.8131124655847326e-10
2.969661297624156,63.53256600828242,4.45e-07,0.6,28.22159051717967,0.2199999999999994,0.4624964457455244,5.007794532290597e-09,2.9312700938055475e-10
2.79998468959099,67.69246470116262,4.45e-07,0.6,32.68925046947988,0.1979999999999994,0.4809520676845579,5.014075392322295e-09,3.0665983527575166e-10
2.640683429287585,71.86437600332364,4.45e-07,0.6,37.73411460751236,0.1759999999999994,0.4994534872789564,5.019952306226905e-09,3.221724645464295e-10
2.49095159297505,76.03462039634825,4.45e-07,0.6,43.33985788123307,0.1539999999999994,0.5180060749954615,5.025590110948501e-09,3.399644063161528e-10
2.350271053439269,80.19037923510685,4.45e-07,0.6,49.46572045889568,0.1319999999999994,0.5366145510506194,5.031143536821634e-09,3.603754116645817e-10
2.218287650247173,84.32008026923664,4.45e-07,0.6,56.05167868460511,0.1099999999999994,0.5552831328182842,5.036760862542582e-09,3.8378840498311947e-10
2.094710582302898,88.41364557789935,4.45e-07,0.6,63.02582868476418,0.0879999999999993,0.5740156492537326,5.042586568462544e-09,4.106314320268745e-10
14.73562221751364,4.949228345137566e-06,4.45e-07,0.7,1.445461880517698e-06,1.1,0.0443759437734845,1.308007852738818e-09,1.79158431962312e-10
22.15276160304707,7.139569367368201e-06,4.45e-07,0.7,3.135969815883302e-06,1.078,0.0443760464842856,1.2934364731411202e-09,1.798235494537093e-10
24.72954847593871,0.7522433461874725,4.45e-07,0.7,0.4072943295643129,0.7039999999999997,0.0671183302807682,3.416005554226025e-09,2.0041233503808507e-10
22.73570937754173,1.268796873283164,4.45e-07,0.7,0.6306386629995775,0.6819999999999997,0.0781605213294879,3.676583875897354e-09,2.02582643716822e-10
20.44485604812716,2.040964873725343,4.45e-07,0.7,0.9287274196625476,0.6599999999999997,0.0918462317535084,3.905940607369566e-09,2.0494845999688258e-10
18.04330359396141,3.116684767074521,4.45e-07,0.7,1.304936469424382,0.6379999999999997,0.1077629875808984,4.102705209684922e-09,2.0754527586245347e-10
15.72757321781723,4.51724830286093,4.45e-07,0.7,1.759469038175511,0.6159999999999997,0.1253305496447178,4.268268454851861e-09,2.1041828928181648e-10
13.63450411639604,6.236113497149283,4.45e-07,0.7,2.292820325267976,0.5939999999999996,0.1439581659442491,4.405659133076996e-09,2.1362333485018337e-10
11.82607453520008,8.246932365353057,4.45e-07,0.7,2.90894573485685,0.5719999999999996,0.1631533244803192,4.518632844861072e-09,2.1722776883217649e-10
10.30719913133013,10.51448663087959,4.45e-07,0.7,3.617351378801744,0.5499999999999996,0.1825633846062376,4.611048965525128e-09,2.213115362916705e-10
9.050665297660334,13.00332662902793,4.45e-07,0.7,4.434378228641314,0.5279999999999996,0.2019681046007114,4.686506963026527e-09,2.2596861383329709e-10
8.016527805425643,15.68237975837004,4.45e-07,0.7,5.384256921135325,0.5059999999999996,0.2212497400159524,4.748173980850761e-09,2.31308965373893e-10
7.163619723561517,18.52622366215286,4.45e-07,0.7,6.500302083565898,0.4839999999999995,0.2403598700385024,4.798735094285468e-09,2.374610975085449e-10
6.455011225944959,21.51443255887141,4.45e-07,0.7,7.826266698349697,0.4619999999999995,0.2592919914549043,4.840412755351797e-09,2.4457526684881675e-10
5.859842077492428,24.63015557664873,4.45e-07,0.7,9.417523801909192,0.4399999999999995,0.2780620914701522,4.875019354164866e-09,2.52827372631392e-10
5.353337670756122,27.85861317386787,4.45e-07,0.7,11.34138239906326,0.4179999999999995,0.296696235419898,4.904021073879585e-09,2.62423555540673e-10
4.916091547307806,31.18583362120723,4.45e-07,0.7,13.67551553516165,0.3959999999999995,0.3152233023475756,4.92860115277519e-09,2.736055075225352e-10
4.533171382658912,34.597750717684,4.45e-07,0.7,16.5033724517583,0.3739999999999994,0.3336711213799599,4.949716910153035e-09,2.866564667011845e-10
4.193286350833241,38.07969679083489,4.45e-07,0.7,19.90590105459887,0.3519999999999994,0.352064690458435,4.968148491481571e-09,3.0190781564347686e-10
3.888078367012265,41.61628709991885,4.45e-07,0.7,23.9501788006245,0.3299999999999994,0.3704255862990032,4.984539178877613e-09,3.1974610891136646e-10
3.611516564180732,45.19165614808703,4.45e-07,0.7,28.67737456148206,0.3079999999999994,0.3887720046680926,4.999427978095412e-09,3.4062021519272826e-10
3.359354516600808,48.78995633567123,4.45e-07,0.7,34.09379766356381,0.2859999999999994,0.4071190970394366,5.013275479808648e-09,3.6504805876953284e-10
3.128630926785976,52.39598001762918,4.45e-07,0.7,40.16837620809055,0.2639999999999993,0.4254794152379458,5.026483974565352e-09,3.9362217659521337e-10
2.917227865899293,55.99574852434415,4.45e-07,0.7,46.83753075522393,0.2419999999999994,0.4438633644975071,5.039412637313245e-09,4.270129721511181e-10
2.723517413214376,59.57694367518081,4.45e-07,0.7,54.01546042480305,0.2199999999999994,0.4622796173157297,5.052388381316255e-09,4.65968165721878e-10
2.546117278292148,63.12912475517309,4.45e-07,0.7,61.60620282434462,0.1979999999999994,0.480735469566431,5.065712769406429e-09,5.113065644020436e-10
2.383751057353154,66.64374272919089,4.45e-07,0.7,69.51416605145741,0.1759999999999994,0.4992371357250421,5.079665204322417e-09,5.639040004892021e-10
2.235188353258057,70.11400626688376,4.45e-07,0.7,77.65138912908168,0.1539999999999994,0.5177899875493279,5.094502536800986e-09,6.246692633077101e-10
2.099233515035126,73.53466501976851,4.45e-07,0.7,85.94136321329704,0.1319999999999994,0.5363987436393814,5.1104552661873285e-09,6.945082708879455e-10
18.48742645561747,3.668881018193294e-06,4.45e-07,0.8,1.458963739233803e-06,1.1,0.0443760080753,1.3113442915705602e-09,1.8248935437625288e-10
24.9270990099109,0.7106307812450587,4.45e-07,0.8,0.4286728670456216,0.7039999999999997,0.0670044838033786,3.419419876073051e-09,2.096066875896792e-10
22.92896197166288,1.203823368952503,4.45e-07,0.8,0.6763546016977023,0.6819999999999997,0.0780137186853878,3.680790261734821e-09,2.1336891033500589e-10
20.6143446687241,1.944249879501438,4.45e-07,0.8,1.020588447829459,0.6599999999999997,0.0916695915289804,3.911128516178634e-09,2.178569869950625e-10
18.17724841152626,2.978965812193906,4.45e-07,0.8,1.478674011184515,0.6379999999999997,0.1075626248582926,4.109060078966302e-09,2.2323227933274428e-10
15.82132404579239,4.328488572085279,4.45e-07,0.8,2.070849543364203,0.6159999999999997,0.125113669428175,4.275988010286259e-09,2.2968774139462178e-10
13.68760882277684,5.985186623474253,4.45e-07,0.8,2.826092077187653,0.5939999999999996,0.1437313820886364,4.4149696592843625e-09,2.374550569098134e-10
11.83951039682574,7.920881559095407,4.45e-07,0.8,3.788318841080544,0.5719999999999996,0.1629217520844502,4.5298040630437965e-09,2.46813296627762e-10
10.28164454101177,10.09744370498031,4.45e-07,0.8,5.02163595725571,0.5499999999999996,0.1823304680968076,4.624407690904745e-09,2.5809923308308666e-10
8.9857531745408,12.47517818301503,4.45e-07,0.8,6.613555296647885,0.5279999999999996,0.2017358743029488,4.702450373489808e-09,2.71719400932044e-10
7.910817513566935,15.01726903987798,4.45e-07,0.8,8.674362766993406,0.5059999999999996,0.2210192087443381,4.767183381453834e-09,2.8816387369608006e-10
7.015086760556327,17.69103661239287,4.45e-07,0.8,11.32987837860084,0.4839999999999995,0.2401314028819821,4.821390803292219e-09,3.0802150456544565e-10
6.261902465080717,20.4675328392707,4.45e-07,0.8,14.70542943605796,0.4619999999999995,0.2590655869595553,4.867410337465603e-09,3.3199600123050556e-10
5.621696953620296,23.32074504149077,4.45e-07,0.8,18.90240746387757,0.4399999999999995,0.2778375705152794,4.907186936333999e-09,3.6092161677019266e-10
5.071884120248137,26.2271039403645,4.45e-07,0.8,23.97435419334061,0.4179999999999995,0.2964733562413319,4.942336878020148e-09,3.957763900512072e-10
4.595710078910666,29.16545336211385,4.45e-07,0.8,29.91271847516209,0.3959999999999995,0.3150018236514888,4.974209624876452e-09,4.3768974280570916e-10
4.180755828430848,32.11729300447294,4.45e-07,0.8,36.64895159560794,0.3739999999999994,0.3334508319638708,5.0039408926958544e-09,4.879399036669051e-10
3.817555500435205,35.06700805587658,4.45e-07,0.8,44.07111629435656,0.3519999999999994,0.3518454188338892,5.0324938141387255e-09,5.479353089147491e-10
3.498570868352116,38.00189665643374,4.45e-07,0.8,52.04658254137602,0.3299999999999994,0.3702071994990792,5.060686979402683e-09,6.191732969631467e-10
3.217552042798643,40.91196420219019,4.45e-07,0.8,60.44214195498004,0.3079999999999994,0.3885544021386608,5.089209313701379e-09,7.031698279247595e-10
2.9691875325899,43.78955961854815,4.45e-07,0.8,69.13710355148504,0.2859999999999994,0.4069022031537035,5.118622816470855e-09,8.013565741062167e-10
2.748921129800655,46.62895410211107,4.45e-07,0.8,78.02927540587928,0.2639999999999993,0.4252631723376663,5.149355507256951e-09,9.149473397751902e-10
2.552845059870366,49.42593804326043,4.45e-07,0.8,87.0359067176805,0.2419999999999994,0.4436477272767522,5.181688548897439e-09,1.04478437171435e-09
2.377620747353849,52.17747511807513,4.45e-07,0.8,96.09189918892612,0.2199999999999994,0.4620645486974584,5.2157431120533055e-09,1.191185152614118e-09
2.220407896159449,54.88142433946353,4.45e-07,0.8,105.1469669693104,0.1979999999999994,0.4805209378774817,5.251473417455065e-09,1.353818311562449e-09
2.078797295468726,57.53632529490331,4.45e-07,0.8,114.1627007709209,0.1759999999999994,0.4990231128546056,5.288671771789042e-09,1.531638936346703e-09
23.41896458356462,2.670405369183434e-06,4.45e-07,0.9,1.585354315524723e-06,1.1,0.0443760731325567,1.315559252303699e-09,1.8670584340400748e-10
23.06496901811744,1.129676569825874,4.45e-07,0.9,0.8550843410642274,0.6819999999999997,0.0778656536879575,3.692670723228696e-09,2.469263682408029e-10
20.69590719219534,1.828957736665111,4.45e-07,0.9,1.386698220335389,0.6599999999999997,0.0914913049076369,3.926796340179503e-09,2.6254904414852636e-10
18.1816599393206,2.805072043738075,4.45e-07,0.9,2.207309357723462,0.6379999999999997,0.1073602863360661,4.129408289718488e-09,2.826234327652215e-10
15.73109537808904,4.072091860144389,4.45e-07,0.9,3.467886874954111,0.6159999999999997,0.1248945824584122,4.302084772505249e-09,3.08332195770294e-10
13.48925223982028,5.612934890210262,4.45e-07,0.9,5.383690775766258,0.5939999999999996,0.1435022797161596,4.448114303572016e-09,3.4114213594770307e-10
11.5245010600049,7.386488321007325,4.45e-07,0.9,8.21618999843139,0.5719999999999996,0.162687871777033,4.571582957086461e-09,3.8284873012575907e-10
9.849580268140334,9.339073075377948,4.45e-07,0.9,12.20874940497402,0.5499999999999996,0.1820953714459611,4.676744887762243e-09,4.3560676904526756e-10
8.447109227381036,11.41535591326998,4.45e-07,0.9,17.49687866806165,0.5279999999999996,0.2015017005495059,4.767645302252614e-09,5.019296596378296e-10
7.286536013178807,13.56620863521856,4.45e-07,0.9,24.05303744983008,0.5059999999999996,0.2207870687677518,4.847923610831844e-09,5.84632817806465e-10
6.3327534240465,15.75273117834037,4.45e-07,0.9,31.70661694305332,0.4839999999999995,0.2399017448162394,4.920723322988444e-09,6.866920675029441e-10
5.550618092762493,17.94684529552866,4.45e-07,0.9,40.21517356193208,0.4619999999999995,0.2588384724060522,4.988652118683516e-09,8.10991841840867e-10
4.907803080708351,20.1297181679708,4.45e-07,0.9,49.33386916145204,0.4399999999999995,0.2776128593667423,5.053758032149167e-09,9.599575310923094e-10
4.376433110443315,22.28941136981622,4.45e-07,0.9,58.85444023951484,0.4179999999999995,0.2962508199416935,5.117510306612566e-09,1.1351056716427091e-09
3.933589149151571,24.4186796257003,4.45e-07,0.9,68.61594945500316,0.3959999999999995,0.3147812094333322,5.180792651221635e-09,1.336597859784693e-09
3.561015007088232,26.51328363340725,4.45e-07,0.9,78.50038248619461,0.3739999999999994,0.3332318962737473,5.2439277469539345e-09,1.562925697541187e-09
3.244435944306245,28.57083446781444,4.45e-07,0.9,88.42338512207243,0.3519999999999994,0.3516279425923368,5.306750246499723e-09,1.810851748743409e-09
2.972787165041615,30.59005499476539,4.45e-07,0.9,98.32520728211036,0.3299999999999994,0.3699909932239326,5.368730893741182e-09,2.075667050771261e-09
2.737507237033985,32.57032856832443,4.45e-07,0.9,108.1635030380439,0.3079999999999994,0.3883393057448206,5.4291340964369194e-09,2.351719560744237e-09
2.531952387005463,34.51143159852516,4.45e-07,0.9,117.9080984925487,0.2859999999999994,0.406688083211288,5.487177236890012e-09,2.6330745244079104e-09
2.35093605675403,36.41337845439015,4.45e-07,0.9,127.5373471770219,0.2639999999999993,0.4250499183505387,5.542160265538162e-09,2.914137345324492e-09
2.190377220854197,38.27633279214815,4.45e-07,0.9,137.0356358127349,0.2419999999999994,0.4434352478249927,5.593547102197463e-09,3.190110326502494e-09
2.047035756488762,40.1005571590286,4.45e-07,0.9,146.3916828674666,0.2199999999999994,0.4618527678670834,5.640997330272326e-09,3.4572326268205832e-09
24.81480556745604,0.5870691526299066,4.45e-07,1.0,1.418758980593738,0.7039999999999997,0.0667741701944602,3.4838050889444282e-09,4.31403409441659e-10
22.53462759974398,0.9892082681150396,4.45e-07,1.0,2.731976365994163,0.6819999999999997,0.0777163840810999,3.768683269533586e-09,5.253439429691097e-10
19.8288644428676,1.577285514103366,4.45e-07,1.0,5.139588871661591,0.6599999999999997,0.0913114986863288,4.0293129877433255e-09,6.522391115861787e-10
16.95339865806366,2.363897406667903,4.45e-07,1.0,9.185995737409051,0.6379999999999997,0.1071562417693745,4.265374534440391e-09,8.199710147282366e-10
14.20105194557777,3.328480519587137,4.45e-07,1.0,15.22805416652129,0.6159999999999997,0.1246738107860233,4.478952023020856e-09,1.035447124266824e-09
11.78227456010598,4.426312257916565,4.45e-07,1.0,23.20979963579708,0.5939999999999996,0.1432717553349476,4.6730256041392265e-09,1.302546424780863e-09
9.779906871238008,5.606574664239997,4.45e-07,1.0,32.72386206112265,0.5719999999999996,0.1624530494131096,4.850239767166756e-09,1.620003119700933e-09
8.178857758709018,6.826155963337555,4.45e-07,1.0,43.25259873262515,0.5499999999999996,0.1818599621502772,5.012227144877721e-09,1.980284297287235e-09
6.918181664832839,8.054524622468895,4.45e-07,1.0,54.34931514224657,0.5279999999999996,0.201267909573411,5.1595735081994924e-09,2.370361485655954e-09
5.927823658049153,9.27266195221406,4.45e-07,1.0,65.69549337548148,0.5059999999999996,0.2205559988742856,5.292253592772521e-09,2.774301570610434e-09
5.145387146981467,10.46996723104023,4.45e-07,1.0,77.08746807502061,0.4839999999999995,0.2396737842688379,5.410195621986585e-09,3.176522795798666e-09
4.520819210310236,11.64126076922049,4.45e-07,1.0,88.4038669056099,0.4619999999999995,0.2586135952468803,5.513676206031864e-09,3.564332946402355e-09
4.015885521904971,12.78455256570987,4.45e-07,1.0,99.57620195766695,0.4399999999999995,0.2773908295301137,5.6034425092713375e-09,3.9290574464195984e-09
3.602033096681254,13.89958062837504,4.45e-07,1.0,110.5678677781618,0.4179999999999995,0.2960313171865808,5.680628977120043e-09,4.26591592394728e-09
3.258122691472422,14.98692876161888,4.45e-07,1.0,121.360642113349,0.3959999999999995,0.3145639003690112,5.746589949492437e-09,4.573212358841034e-09
2.968513713015035,16.04752834140841,4.45e-07,1.0,131.9465127765729,0.3739999999999994,0.3330164702863245,5.802738478899026e-09,4.851357456571107e-09
2.721584533053921,17.08239594440226,4.45e-07,1.0,142.3229293155551,0.3519999999999994,0.3514141269241646,5.850430698195273e-09,5.102017776792186e-09
2.508635953619774,18.09250789921783,4.45e-07,1.0,152.4901391559314,0.3299999999999994,0.3697785565259669,5.890899744438378e-09,5.327490037191975e-09
2.323094986633013,19.0787502327028,4.45e-07,1.0,162.4497462209549,0.3079999999999994,0.3881280558076228,5.925228060636017e-09,5.530290493758601e-09
2.159941952238128,20.04190759246297,4.45e-07,1.0,172.2039647725622,0.2859999999999994,0.406477862180077,5.9543443314195e-09,5.712910016104201e-09
2.015299344532819,20.98267047972319,4.45e-07,1.0,181.755256430102,0.2639999999999993,0.4248405972316641,5.979033933401194e-09,5.8776825819485305e-09
